round,workload_position,library_position,library,workload,scenario,operation,payload,input_kind,source_case,elapsed_seconds,load1_before,load1_after,report_path,log_path
1,1,1,yjson,Pretty JSON | decode | Person | string,Pretty JSON,decode,Person,string,yjsonStringDecodePrettyPerson,26.066834,36.384,24.578,raw/run-01/workload-01-yjson,logs/run-01-workload-01-yjson.log
1,1,2,stdx_json,Pretty JSON | decode | Person | string,Pretty JSON,decode,Person,string,stdxStringDecodePrettyPerson,2.637716,24.578,22.850,raw/run-01/workload-01-stdx_json,logs/run-01-workload-01-stdx_json.log
1,1,3,cjfast_json,Pretty JSON | decode | Person | string,Pretty JSON,decode,Person,string,cjfastStringDecodePrettyPerson,33.504258,22.850,21.554,raw/run-01/workload-01-cjfast_json,logs/run-01-workload-01-cjfast_json.log
1,2,1,yjson,Pretty JSON | encode | Person | string,Pretty JSON,encode,Person,string,yjsonStringEncodePrettyPerson,2.385505,21.554,20.068,raw/run-01/workload-02-yjson,logs/run-01-workload-02-yjson.log
1,2,2,stdx_json,Pretty JSON | encode | Person | string,Pretty JSON,encode,Person,string,stdxStringEncodePrettyPerson,2.005801,20.068,20.068,raw/run-01/workload-02-stdx_json,logs/run-01-workload-02-stdx_json.log
1,2,3,cjfast_json,Pretty JSON | encode | Person | string,Pretty JSON,encode,Person,string,cjfastStringEncodePrettyPerson,3.027531,20.068,18.621,raw/run-01/workload-02-cjfast_json,logs/run-01-workload-02-cjfast_json.log
1,3,1,yjson,基础对象 | decode | Address | bytes,基础对象,decode,Address,bytes,yjsonBytesDecodeAddress,3.276881,18.621,18.621,raw/run-01/workload-03-yjson,logs/run-01-workload-03-yjson.log
1,3,2,stdx_json,基础对象 | decode | Address | bytes,基础对象,decode,Address,bytes,stdxBytesDecodeAddress,2.312037,18.621,17.530,raw/run-01/workload-03-stdx_json,logs/run-01-workload-03-stdx_json.log
1,3,3,cjfast_json,基础对象 | decode | Address | bytes,基础对象,decode,Address,bytes,cjfastBytesDecodeAddress,2.720650,17.530,17.530,raw/run-01/workload-03-cjfast_json,logs/run-01-workload-03-cjfast_json.log
1,4,1,yjson,基础对象 | decode | Address | string,基础对象,decode,Address,string,yjsonStringDecodeAddress,3.848022,17.530,16.367,raw/run-01/workload-04-yjson,logs/run-01-workload-04-yjson.log
1,4,2,stdx_json,基础对象 | decode | Address | string,基础对象,decode,Address,string,stdxStringDecodeAddress,2.497046,16.367,15.376,raw/run-01/workload-04-stdx_json,logs/run-01-workload-04-stdx_json.log
1,4,3,cjfast_json,基础对象 | decode | Address | string,基础对象,decode,Address,string,cjfastStringDecodeAddress,2.680510,15.376,15.376,raw/run-01/workload-04-cjfast_json,logs/run-01-workload-04-cjfast_json.log
1,5,1,yjson,基础对象 | decode | Person | bytes,基础对象,decode,Person,bytes,yjsonBytesDecodePerson,7.552820,15.376,13.620,raw/run-01/workload-05-yjson,logs/run-01-workload-05-yjson.log
1,5,2,stdx_json,基础对象 | decode | Person | bytes,基础对象,decode,Person,bytes,stdxBytesDecodePerson,3.050657,13.620,13.620,raw/run-01/workload-05-stdx_json,logs/run-01-workload-05-stdx_json.log
1,5,3,cjfast_json,基础对象 | decode | Person | bytes,基础对象,decode,Person,bytes,cjfastBytesDecodePerson,3.238540,13.620,12.609,raw/run-01/workload-05-cjfast_json,logs/run-01-workload-05-cjfast_json.log
1,6,1,yjson,基础对象 | decode | Person | string,基础对象,decode,Person,string,yjsonStringDecodePerson,8.681744,12.609,11.699,raw/run-01/workload-06-yjson,logs/run-01-workload-06-yjson.log
1,6,2,stdx_json,基础对象 | decode | Person | string,基础对象,decode,Person,string,stdxStringDecodePerson,2.779629,11.699,11.699,raw/run-01/workload-06-stdx_json,logs/run-01-workload-06-stdx_json.log
1,6,3,cjfast_json,基础对象 | decode | Person | string,基础对象,decode,Person,string,cjfastStringDecodePerson,3.294074,11.699,10.922,raw/run-01/workload-06-cjfast_json,logs/run-01-workload-06-cjfast_json.log
1,7,1,yjson,基础对象 | encode | Address | bytes,基础对象,encode,Address,bytes,yjsonBytesEncodeAddress,2.824885,10.922,10.848,raw/run-01/workload-07-yjson,logs/run-01-workload-07-yjson.log
1,7,2,stdx_json,基础对象 | encode | Address | bytes,基础对象,encode,Address,bytes,stdxBytesEncodeAddress,2.214650,10.848,10.848,raw/run-01/workload-07-stdx_json,logs/run-01-workload-07-stdx_json.log
1,7,3,cjfast_json,基础对象 | encode | Address | bytes,基础对象,encode,Address,bytes,cjfastBytesEncodeAddress,2.714803,10.848,10.779,raw/run-01/workload-07-cjfast_json,logs/run-01-workload-07-cjfast_json.log
1,8,1,yjson,基础对象 | encode | Address | string,基础对象,encode,Address,string,yjsonStringEncodeAddress,2.892243,10.779,10.779,raw/run-01/workload-08-yjson,logs/run-01-workload-08-yjson.log
1,8,2,stdx_json,基础对象 | encode | Address | string,基础对象,encode,Address,string,stdxStringEncodeAddress,2.296023,10.779,10.717,raw/run-01/workload-08-stdx_json,logs/run-01-workload-08-stdx_json.log
1,8,3,cjfast_json,基础对象 | encode | Address | string,基础对象,encode,Address,string,cjfastStringEncodeAddress,2.828015,10.717,10.717,raw/run-01/workload-08-cjfast_json,logs/run-01-workload-08-cjfast_json.log
1,9,1,yjson,基础对象 | encode | Person | bytes,基础对象,encode,Person,bytes,yjsonBytesEncodePerson,3.147687,10.717,10.099,raw/run-01/workload-09-yjson,logs/run-01-workload-09-yjson.log
1,9,2,stdx_json,基础对象 | encode | Person | bytes,基础对象,encode,Person,bytes,stdxBytesEncodePerson,2.248349,10.099,10.099,raw/run-01/workload-09-stdx_json,logs/run-01-workload-09-stdx_json.log
1,9,3,cjfast_json,基础对象 | encode | Person | bytes,基础对象,encode,Person,bytes,cjfastBytesEncodePerson,2.914300,10.099,9.450,raw/run-01/workload-09-cjfast_json,logs/run-01-workload-09-cjfast_json.log
1,10,1,yjson,基础对象 | encode | Person | string,基础对象,encode,Person,string,yjsonStringEncodePerson,2.780591,9.450,9.450,raw/run-01/workload-10-yjson,logs/run-01-workload-10-yjson.log
1,10,2,stdx_json,基础对象 | encode | Person | string,基础对象,encode,Person,string,stdxStringEncodePerson,2.294657,9.450,8.933,raw/run-01/workload-10-stdx_json,logs/run-01-workload-10-stdx_json.log
1,10,3,cjfast_json,基础对象 | encode | Person | string,基础对象,encode,Person,string,cjfastStringEncodePerson,2.923429,8.933,8.933,raw/run-01/workload-10-cjfast_json,logs/run-01-workload-10-cjfast_json.log
1,11,1,yjson,"大 Map | decode | HashMap<String, Int64>[64] | string",大 Map,decode,"HashMap<String, Int64>[64]",string,yjsonStringDecodeLargeInt64Map,3.659495,8.933,8.297,raw/run-01/workload-11-yjson,logs/run-01-workload-11-yjson.log
1,11,2,stdx_json,"大 Map | decode | HashMap<String, Int64>[64] | string",大 Map,decode,"HashMap<String, Int64>[64]",string,stdxStringDecodeLargeInt64Map,2.822712,8.297,7.793,raw/run-01/workload-11-stdx_json,logs/run-01-workload-11-stdx_json.log
1,11,3,cjfast_json,"大 Map | decode | HashMap<String, Int64>[64] | string",大 Map,decode,"HashMap<String, Int64>[64]",string,cjfastStringDecodeLargeInt64Map,3.492841,7.793,7.793,raw/run-01/workload-11-cjfast_json,logs/run-01-workload-11-cjfast_json.log
1,12,1,yjson,"大 Map | encode | HashMap<String, Int64>[64] | string",大 Map,encode,"HashMap<String, Int64>[64]",string,yjsonStringEncodeLargeInt64Map,3.681056,7.793,7.329,raw/run-01/workload-12-yjson,logs/run-01-workload-12-yjson.log
1,12,2,stdx_json,"大 Map | encode | HashMap<String, Int64>[64] | string",大 Map,encode,"HashMap<String, Int64>[64]",string,stdxStringEncodeLargeInt64Map,2.570928,7.329,6.902,raw/run-01/workload-12-stdx_json,logs/run-01-workload-12-stdx_json.log
1,12,3,cjfast_json,"大 Map | encode | HashMap<String, Int64>[64] | string",大 Map,encode,"HashMap<String, Int64>[64]",string,cjfastStringEncodeLargeInt64Map,3.472115,6.902,6.902,raw/run-01/workload-12-cjfast_json,logs/run-01-workload-12-cjfast_json.log
1,13,1,yjson,大数组 | decode | ArrayList<ProfileRecord>[64] | string,大数组,decode,ArrayList<ProfileRecord>[64],string,yjsonStringDecodeLargeProfileArray,7.300519,6.902,6.549,raw/run-01/workload-13-yjson,logs/run-01-workload-13-yjson.log
1,13,2,stdx_json,大数组 | decode | ArrayList<ProfileRecord>[64] | string,大数组,decode,ArrayList<ProfileRecord>[64],string,stdxStringDecodeLargeProfileArray,2.573092,6.549,6.549,raw/run-01/workload-13-stdx_json,logs/run-01-workload-13-stdx_json.log
1,13,3,cjfast_json,大数组 | decode | ArrayList<ProfileRecord>[64] | string,大数组,decode,ArrayList<ProfileRecord>[64],string,cjfastStringDecodeLargeProfileArray,2.341492,6.549,6.344,raw/run-01/workload-13-cjfast_json,logs/run-01-workload-13-cjfast_json.log
1,14,1,yjson,大数组 | encode | ArrayList<ProfileRecord>[64] | string,大数组,encode,ArrayList<ProfileRecord>[64],string,yjsonStringEncodeLargeProfileArray,2.839392,6.344,6.344,raw/run-01/workload-14-yjson,logs/run-01-workload-14-yjson.log
1,14,2,stdx_json,大数组 | encode | ArrayList<ProfileRecord>[64] | string,大数组,encode,ArrayList<ProfileRecord>[64],string,stdxStringEncodeLargeProfileArray,2.486023,6.344,6.076,raw/run-01/workload-14-stdx_json,logs/run-01-workload-14-stdx_json.log
1,14,3,cjfast_json,大数组 | encode | ArrayList<ProfileRecord>[64] | string,大数组,encode,ArrayList<ProfileRecord>[64],string,cjfastStringEncodeLargeProfileArray,2.866968,6.076,6.076,raw/run-01/workload-14-cjfast_json,logs/run-01-workload-14-cjfast_json.log
1,15,1,yjson,字段顺序 | decode | Person | string,字段顺序,decode,Person,string,yjsonStringDecodeUnorderedPerson,5.619162,6.076,6.157,raw/run-01/workload-15-yjson,logs/run-01-workload-15-yjson.log
1,15,2,stdx_json,字段顺序 | decode | Person | string,字段顺序,decode,Person,string,stdxStringDecodeUnorderedPerson,2.670965,6.157,6.157,raw/run-01/workload-15-stdx_json,logs/run-01-workload-15-stdx_json.log
1,15,3,cjfast_json,字段顺序 | decode | Person | string,字段顺序,decode,Person,string,cjfastStringDecodeUnorderedPerson,3.316785,6.157,5.824,raw/run-01/workload-15-cjfast_json,logs/run-01-workload-15-cjfast_json.log
1,16,1,yjson,嵌套对象 | decode | ProfileBundle | bytes,嵌套对象,decode,ProfileBundle,bytes,yjsonBytesDecodeProfileBundle,3.801322,5.824,5.824,raw/run-01/workload-16-yjson,logs/run-01-workload-16-yjson.log
1,16,2,stdx_json,嵌套对象 | decode | ProfileBundle | bytes,嵌套对象,decode,ProfileBundle,bytes,stdxBytesDecodeProfileBundle,2.467225,5.824,5.438,raw/run-01/workload-16-stdx_json,logs/run-01-workload-16-stdx_json.log
1,16,3,cjfast_json,嵌套对象 | decode | ProfileBundle | bytes,嵌套对象,decode,ProfileBundle,bytes,cjfastBytesDecodeProfileBundle,3.268734,5.438,5.643,raw/run-01/workload-16-cjfast_json,logs/run-01-workload-16-cjfast_json.log
1,17,1,yjson,嵌套对象 | decode | ProfileBundle | string,嵌套对象,decode,ProfileBundle,string,yjsonStringDecodeProfileBundle,3.954737,5.643,5.643,raw/run-01/workload-17-yjson,logs/run-01-workload-17-yjson.log
1,17,2,stdx_json,嵌套对象 | decode | ProfileBundle | string,嵌套对象,decode,ProfileBundle,string,stdxStringDecodeProfileBundle,2.565068,5.643,5.271,raw/run-01/workload-17-stdx_json,logs/run-01-workload-17-stdx_json.log
1,17,3,cjfast_json,嵌套对象 | decode | ProfileBundle | string,嵌套对象,decode,ProfileBundle,string,cjfastStringDecodeProfileBundle,3.314025,5.271,5.570,raw/run-01/workload-17-cjfast_json,logs/run-01-workload-17-cjfast_json.log
1,18,1,yjson,嵌套对象 | encode | ProfileBundle | bytes,嵌套对象,encode,ProfileBundle,bytes,yjsonBytesEncodeProfileBundle,3.259273,5.570,5.570,raw/run-01/workload-18-yjson,logs/run-01-workload-18-yjson.log
1,18,2,stdx_json,嵌套对象 | encode | ProfileBundle | bytes,嵌套对象,encode,ProfileBundle,bytes,stdxBytesEncodeProfileBundle,2.154318,5.570,5.284,raw/run-01/workload-18-stdx_json,logs/run-01-workload-18-stdx_json.log
1,18,3,cjfast_json,嵌套对象 | encode | ProfileBundle | bytes,嵌套对象,encode,ProfileBundle,bytes,cjfastBytesEncodeProfileBundle,3.295001,5.284,5.284,raw/run-01/workload-18-cjfast_json,logs/run-01-workload-18-cjfast_json.log
1,19,1,yjson,嵌套对象 | encode | ProfileBundle | string,嵌套对象,encode,ProfileBundle,string,yjsonStringEncodeProfileBundle,3.517892,5.284,5.021,raw/run-01/workload-19-yjson,logs/run-01-workload-19-yjson.log
1,19,2,stdx_json,嵌套对象 | encode | ProfileBundle | string,嵌套对象,encode,ProfileBundle,string,stdxStringEncodeProfileBundle,2.318387,5.021,5.021,raw/run-01/workload-19-stdx_json,logs/run-01-workload-19-stdx_json.log
1,19,3,cjfast_json,嵌套对象 | encode | ProfileBundle | string,嵌套对象,encode,ProfileBundle,string,cjfastStringEncodeProfileBundle,2.996845,5.021,4.698,raw/run-01/workload-19-cjfast_json,logs/run-01-workload-19-cjfast_json.log
1,20,1,yjson,数值边界 | decode | UInt64Envelope | bytes,数值边界,decode,UInt64Envelope,bytes,yjsonBytesDecodeUInt64Envelope,3.541679,4.698,4.482,raw/run-01/workload-20-yjson,logs/run-01-workload-20-yjson.log
1,20,2,stdx_json,数值边界 | decode | UInt64Envelope | bytes,数值边界,decode,UInt64Envelope,bytes,stdxBytesDecodeUInt64Envelope,2.538409,4.482,4.482,raw/run-01/workload-20-stdx_json,logs/run-01-workload-20-stdx_json.log
1,20,3,cjfast_json,数值边界 | decode | UInt64Envelope | bytes,数值边界,decode,UInt64Envelope,bytes,cjfastBytesDecodeUInt64Envelope,3.206210,4.482,4.283,raw/run-01/workload-20-cjfast_json,logs/run-01-workload-20-cjfast_json.log
1,21,1,yjson,数值边界 | decode | UInt64Envelope | string,数值边界,decode,UInt64Envelope,string,yjsonStringDecodeUInt64Envelope,3.744885,4.283,4.260,raw/run-01/workload-21-yjson,logs/run-01-workload-21-yjson.log
1,21,2,stdx_json,数值边界 | decode | UInt64Envelope | string,数值边界,decode,UInt64Envelope,string,stdxStringDecodeUInt64Envelope,2.875197,4.260,4.260,raw/run-01/workload-21-stdx_json,logs/run-01-workload-21-stdx_json.log
1,21,3,cjfast_json,数值边界 | decode | UInt64Envelope | string,数值边界,decode,UInt64Envelope,string,cjfastStringDecodeUInt64Envelope,3.132708,4.260,4.079,raw/run-01/workload-21-cjfast_json,logs/run-01-workload-21-cjfast_json.log
1,22,1,yjson,数值边界 | encode | UInt64Envelope | bytes,数值边界,encode,UInt64Envelope,bytes,yjsonBytesEncodeUInt64Envelope,3.322225,4.079,4.473,raw/run-01/workload-22-yjson,logs/run-01-workload-22-yjson.log
1,22,2,stdx_json,数值边界 | encode | UInt64Envelope | bytes,数值边界,encode,UInt64Envelope,bytes,stdxBytesEncodeUInt64Envelope,2.213850,4.473,4.473,raw/run-01/workload-22-stdx_json,logs/run-01-workload-22-stdx_json.log
1,22,3,cjfast_json,数值边界 | encode | UInt64Envelope | bytes,数值边界,encode,UInt64Envelope,bytes,cjfastBytesEncodeUInt64Envelope,2.935593,4.473,4.836,raw/run-01/workload-22-cjfast_json,logs/run-01-workload-22-cjfast_json.log
1,23,1,yjson,数值边界 | encode | UInt64Envelope | string,数值边界,encode,UInt64Envelope,string,yjsonStringEncodeUInt64Envelope,3.212845,4.836,4.836,raw/run-01/workload-23-yjson,logs/run-01-workload-23-yjson.log
1,23,2,stdx_json,数值边界 | encode | UInt64Envelope | string,数值边界,encode,UInt64Envelope,string,stdxStringEncodeUInt64Envelope,2.073322,4.836,4.608,raw/run-01/workload-23-stdx_json,logs/run-01-workload-23-stdx_json.log
1,23,3,cjfast_json,数值边界 | encode | UInt64Envelope | string,数值边界,encode,UInt64Envelope,string,cjfastStringEncodeUInt64Envelope,3.079326,4.608,4.608,raw/run-01/workload-23-cjfast_json,logs/run-01-workload-23-cjfast_json.log
1,24,1,yjson,时间/大数 | decode | TemporalStats | bytes,时间/大数,decode,TemporalStats,bytes,yjsonBytesDecodeTemporalStats,3.173803,4.608,4.399,raw/run-01/workload-24-yjson,logs/run-01-workload-24-yjson.log
1,24,2,stdx_json,时间/大数 | decode | TemporalStats | bytes,时间/大数,decode,TemporalStats,bytes,stdxBytesDecodeTemporalStats,2.934791,4.399,4.399,raw/run-01/workload-24-stdx_json,logs/run-01-workload-24-stdx_json.log
1,24,3,cjfast_json,时间/大数 | decode | TemporalStats | bytes,时间/大数,decode,TemporalStats,bytes,cjfastBytesDecodeTemporalStats,3.156786,4.399,4.367,raw/run-01/workload-24-cjfast_json,logs/run-01-workload-24-cjfast_json.log
1,25,1,yjson,时间/大数 | decode | TemporalStats | string,时间/大数,decode,TemporalStats,string,yjsonStringDecodeTemporalStats,3.333020,4.367,4.257,raw/run-01/workload-25-yjson,logs/run-01-workload-25-yjson.log
1,25,2,stdx_json,时间/大数 | decode | TemporalStats | string,时间/大数,decode,TemporalStats,string,stdxStringDecodeTemporalStats,2.852838,4.257,4.257,raw/run-01/workload-25-stdx_json,logs/run-01-workload-25-stdx_json.log
1,25,3,cjfast_json,时间/大数 | decode | TemporalStats | string,时间/大数,decode,TemporalStats,string,cjfastStringDecodeTemporalStats,3.217243,4.257,4.397,raw/run-01/workload-25-cjfast_json,logs/run-01-workload-25-cjfast_json.log
1,26,1,yjson,时间/大数 | encode | TemporalStats | bytes,时间/大数,encode,TemporalStats,bytes,yjsonBytesEncodeTemporalStats,3.238465,4.397,4.285,raw/run-01/workload-26-yjson,logs/run-01-workload-26-yjson.log
1,26,2,stdx_json,时间/大数 | encode | TemporalStats | bytes,时间/大数,encode,TemporalStats,bytes,stdxBytesEncodeTemporalStats,2.472676,4.285,4.285,raw/run-01/workload-26-stdx_json,logs/run-01-workload-26-stdx_json.log
1,26,3,cjfast_json,时间/大数 | encode | TemporalStats | bytes,时间/大数,encode,TemporalStats,bytes,cjfastBytesEncodeTemporalStats,2.921919,4.285,4.182,raw/run-01/workload-26-cjfast_json,logs/run-01-workload-26-cjfast_json.log
1,27,1,yjson,时间/大数 | encode | TemporalStats | string,时间/大数,encode,TemporalStats,string,yjsonStringEncodeTemporalStats,3.295019,4.182,4.182,raw/run-01/workload-27-yjson,logs/run-01-workload-27-yjson.log
1,27,2,stdx_json,时间/大数 | encode | TemporalStats | string,时间/大数,encode,TemporalStats,string,stdxStringEncodeTemporalStats,2.342675,4.182,4.087,raw/run-01/workload-27-stdx_json,logs/run-01-workload-27-stdx_json.log
1,27,3,cjfast_json,时间/大数 | encode | TemporalStats | string,时间/大数,encode,TemporalStats,string,cjfastStringEncodeTemporalStats,3.021107,4.087,4.087,raw/run-01/workload-27-cjfast_json,logs/run-01-workload-27-cjfast_json.log
1,28,1,yjson,未知字段 | decode | Person | string,未知字段,decode,Person,string,yjsonStringDecodeUnknownPerson,5.600691,4.087,4.413,raw/run-01/workload-28-yjson,logs/run-01-workload-28-yjson.log
1,28,2,stdx_json,未知字段 | decode | Person | string,未知字段,decode,Person,string,stdxStringDecodeUnknownPerson,2.670077,4.413,4.413,raw/run-01/workload-28-stdx_json,logs/run-01-workload-28-stdx_json.log
1,28,3,cjfast_json,未知字段 | decode | Person | string,未知字段,decode,Person,string,cjfastStringDecodeUnknownPerson,3.260105,4.413,4.300,raw/run-01/workload-28-cjfast_json,logs/run-01-workload-28-cjfast_json.log
1,29,1,yjson,流式 I/O | decode | Person | stream,流式 I/O,decode,Person,stream,yjsonStreamDecodePerson,3.414087,4.300,4.300,raw/run-01/workload-29-yjson,logs/run-01-workload-29-yjson.log
1,29,2,stdx_json,流式 I/O | decode | Person | stream,流式 I/O,decode,Person,stream,stdxStreamDecodePerson,2.698939,4.300,4.436,raw/run-01/workload-29-stdx_json,logs/run-01-workload-29-stdx_json.log
1,29,3,cjfast_json,流式 I/O | decode | Person | stream,流式 I/O,decode,Person,stream,cjfastStreamDecodePerson,3.196727,4.436,4.481,raw/run-01/workload-29-cjfast_json,logs/run-01-workload-29-cjfast_json.log
1,30,1,yjson,流式 I/O | encode | Person | stream,流式 I/O,encode,Person,stream,yjsonStreamEncodePerson,2.781082,4.481,4.481,raw/run-01/workload-30-yjson,logs/run-01-workload-30-yjson.log
1,30,2,stdx_json,流式 I/O | encode | Person | stream,流式 I/O,encode,Person,stream,stdxStreamEncodePerson,2.371037,4.481,4.363,raw/run-01/workload-30-stdx_json,logs/run-01-workload-30-stdx_json.log
1,30,3,cjfast_json,流式 I/O | encode | Person | stream,流式 I/O,encode,Person,stream,cjfastStreamEncodePerson,2.796970,4.363,4.363,raw/run-01/workload-30-cjfast_json,logs/run-01-workload-30-cjfast_json.log
1,31,1,yjson,"深层嵌套 | decode | ArrayList<HashMap<String, ArrayList<ProfileRecord>>> | string",深层嵌套,decode,"ArrayList<HashMap<String, ArrayList<ProfileRecord>>>",string,yjsonStringDecodeDeepNestedProfiles,3.925231,4.363,4.253,raw/run-01/workload-31-yjson,logs/run-01-workload-31-yjson.log
1,31,2,stdx_json,"深层嵌套 | decode | ArrayList<HashMap<String, ArrayList<ProfileRecord>>> | string",深层嵌套,decode,"ArrayList<HashMap<String, ArrayList<ProfileRecord>>>",string,stdxStringDecodeDeepNestedProfiles,2.723148,4.253,4.153,raw/run-01/workload-31-stdx_json,logs/run-01-workload-31-stdx_json.log
1,31,3,cjfast_json,"深层嵌套 | decode | ArrayList<HashMap<String, ArrayList<ProfileRecord>>> | string",深层嵌套,decode,"ArrayList<HashMap<String, ArrayList<ProfileRecord>>>",string,cjfastStringDecodeDeepNestedProfiles,3.242204,4.153,4.153,raw/run-01/workload-31-cjfast_json,logs/run-01-workload-31-cjfast_json.log
1,32,1,yjson,"深层嵌套 | encode | ArrayList<HashMap<String, ArrayList<ProfileRecord>>> | string",深层嵌套,encode,"ArrayList<HashMap<String, ArrayList<ProfileRecord>>>",string,yjsonStringEncodeDeepNestedProfiles,3.097464,4.153,3.980,raw/run-01/workload-32-yjson,logs/run-01-workload-32-yjson.log
1,32,2,stdx_json,"深层嵌套 | encode | ArrayList<HashMap<String, ArrayList<ProfileRecord>>> | string",深层嵌套,encode,"ArrayList<HashMap<String, ArrayList<ProfileRecord>>>",string,stdxStringEncodeDeepNestedProfiles,2.326015,3.980,3.980,raw/run-01/workload-32-stdx_json,logs/run-01-workload-32-stdx_json.log
1,32,3,cjfast_json,"深层嵌套 | encode | ArrayList<HashMap<String, ArrayList<ProfileRecord>>> | string",深层嵌套,encode,"ArrayList<HashMap<String, ArrayList<ProfileRecord>>>",string,cjfastStringEncodeDeepNestedProfiles,2.968877,3.980,3.821,raw/run-01/workload-32-cjfast_json,logs/run-01-workload-32-cjfast_json.log
1,33,1,yjson,转义/Unicode | decode | String | bytes,转义/Unicode,decode,String,bytes,yjsonBytesDecodeEscapedUnicodeString,3.115577,3.821,3.821,raw/run-01/workload-33-yjson,logs/run-01-workload-33-yjson.log
1,33,2,stdx_json,转义/Unicode | decode | String | bytes,转义/Unicode,decode,String,bytes,stdxBytesDecodeEscapedUnicodeString,2.328651,3.821,3.755,raw/run-01/workload-33-stdx_json,logs/run-01-workload-33-stdx_json.log
1,33,3,cjfast_json,转义/Unicode | decode | String | bytes,转义/Unicode,decode,String,bytes,cjfastBytesDecodeEscapedUnicodeString,2.636695,3.755,3.755,raw/run-01/workload-33-cjfast_json,logs/run-01-workload-33-cjfast_json.log
1,34,1,yjson,转义/Unicode | decode | String | string,转义/Unicode,decode,String,string,yjsonStringDecodeEscapedUnicodeString,3.809872,3.755,3.535,raw/run-01/workload-34-yjson,logs/run-01-workload-34-yjson.log
1,34,2,stdx_json,转义/Unicode | decode | String | string,转义/Unicode,decode,String,string,stdxStringDecodeEscapedUnicodeString,2.446514,3.535,3.412,raw/run-01/workload-34-stdx_json,logs/run-01-workload-34-stdx_json.log
1,34,3,cjfast_json,转义/Unicode | decode | String | string,转义/Unicode,decode,String,string,cjfastStringDecodeEscapedUnicodeString,2.711396,3.412,3.412,raw/run-01/workload-34-cjfast_json,logs/run-01-workload-34-cjfast_json.log
1,35,1,yjson,转义/Unicode | encode | String | bytes,转义/Unicode,encode,String,bytes,yjsonBytesEncodeEscapedUnicodeString,2.882172,3.412,3.298,raw/run-01/workload-35-yjson,logs/run-01-workload-35-yjson.log
1,35,2,stdx_json,转义/Unicode | encode | String | bytes,转义/Unicode,encode,String,bytes,stdxBytesEncodeEscapedUnicodeString,2.172502,3.298,3.298,raw/run-01/workload-35-stdx_json,logs/run-01-workload-35-stdx_json.log
1,35,3,cjfast_json,转义/Unicode | encode | String | bytes,转义/Unicode,encode,String,bytes,cjfastBytesEncodeEscapedUnicodeString,2.469618,3.298,3.194,raw/run-01/workload-35-cjfast_json,logs/run-01-workload-35-cjfast_json.log
1,36,1,yjson,转义/Unicode | encode | String | string,转义/Unicode,encode,String,string,yjsonStringEncodeEscapedUnicodeString,2.629590,3.194,3.194,raw/run-01/workload-36-yjson,logs/run-01-workload-36-yjson.log
1,36,2,stdx_json,转义/Unicode | encode | String | string,转义/Unicode,encode,String,string,stdxStringEncodeEscapedUnicodeString,2.375888,3.194,3.179,raw/run-01/workload-36-stdx_json,logs/run-01-workload-36-stdx_json.log
1,36,3,cjfast_json,转义/Unicode | encode | String | string,转义/Unicode,encode,String,string,cjfastStringEncodeEscapedUnicodeString,2.616290,3.179,3.179,raw/run-01/workload-36-cjfast_json,logs/run-01-workload-36-cjfast_json.log
2,1,1,stdx_json,Pretty JSON | decode | Person | string,Pretty JSON,decode,Person,string,stdxStringDecodePrettyPerson,2.608451,3.179,3.084,raw/run-02/workload-01-stdx_json,logs/run-02-workload-01-stdx_json.log
2,1,2,cjfast_json,Pretty JSON | decode | Person | string,Pretty JSON,decode,Person,string,cjfastStringDecodePrettyPerson,3.067690,3.084,3.084,raw/run-02/workload-01-cjfast_json,logs/run-02-workload-01-cjfast_json.log
2,1,3,yjson,Pretty JSON | decode | Person | string,Pretty JSON,decode,Person,string,yjsonStringDecodePrettyPerson,5.604739,3.084,3.558,raw/run-02/workload-01-yjson,logs/run-02-workload-01-yjson.log
2,2,1,stdx_json,转义/Unicode | encode | String | string,转义/Unicode,encode,String,string,stdxStringEncodeEscapedUnicodeString,2.267393,3.558,3.558,raw/run-02/workload-02-stdx_json,logs/run-02-workload-02-stdx_json.log
2,2,2,cjfast_json,转义/Unicode | encode | String | string,转义/Unicode,encode,String,string,cjfastStringEncodeEscapedUnicodeString,2.488710,3.558,3.914,raw/run-02/workload-02-cjfast_json,logs/run-02-workload-02-cjfast_json.log
2,2,3,yjson,转义/Unicode | encode | String | string,转义/Unicode,encode,String,string,yjsonStringEncodeEscapedUnicodeString,2.754800,3.914,3.914,raw/run-02/workload-02-yjson,logs/run-02-workload-02-yjson.log
2,3,1,stdx_json,转义/Unicode | encode | String | bytes,转义/Unicode,encode,String,bytes,stdxBytesEncodeEscapedUnicodeString,2.310896,3.914,4.162,raw/run-02/workload-03-stdx_json,logs/run-02-workload-03-stdx_json.log
2,3,2,cjfast_json,转义/Unicode | encode | String | bytes,转义/Unicode,encode,String,bytes,cjfastBytesEncodeEscapedUnicodeString,2.693330,4.162,4.162,raw/run-02/workload-03-cjfast_json,logs/run-02-workload-03-cjfast_json.log
2,3,3,yjson,转义/Unicode | encode | String | bytes,转义/Unicode,encode,String,bytes,yjsonBytesEncodeEscapedUnicodeString,2.837919,4.162,4.389,raw/run-02/workload-03-yjson,logs/run-02-workload-03-yjson.log
2,4,1,stdx_json,转义/Unicode | decode | String | string,转义/Unicode,decode,String,string,stdxStringDecodeEscapedUnicodeString,2.344787,4.389,4.389,raw/run-02/workload-04-stdx_json,logs/run-02-workload-04-stdx_json.log
2,4,2,cjfast_json,转义/Unicode | decode | String | string,转义/Unicode,decode,String,string,cjfastStringDecodeEscapedUnicodeString,2.657443,4.389,4.519,raw/run-02/workload-04-cjfast_json,logs/run-02-workload-04-cjfast_json.log
2,4,3,yjson,转义/Unicode | decode | String | string,转义/Unicode,decode,String,string,yjsonStringDecodeEscapedUnicodeString,3.750224,4.519,4.519,raw/run-02/workload-04-yjson,logs/run-02-workload-04-yjson.log
2,5,1,stdx_json,转义/Unicode | decode | String | bytes,转义/Unicode,decode,String,bytes,stdxBytesDecodeEscapedUnicodeString,2.280397,4.519,4.316,raw/run-02/workload-05-stdx_json,logs/run-02-workload-05-stdx_json.log
2,5,2,cjfast_json,转义/Unicode | decode | String | bytes,转义/Unicode,decode,String,bytes,cjfastBytesDecodeEscapedUnicodeString,2.454166,4.316,4.316,raw/run-02/workload-05-cjfast_json,logs/run-02-workload-05-cjfast_json.log
2,5,3,yjson,转义/Unicode | decode | String | bytes,转义/Unicode,decode,String,bytes,yjsonBytesDecodeEscapedUnicodeString,3.667179,4.316,4.131,raw/run-02/workload-05-yjson,logs/run-02-workload-05-yjson.log
2,6,1,stdx_json,"深层嵌套 | encode | ArrayList<HashMap<String, ArrayList<ProfileRecord>>> | string",深层嵌套,encode,"ArrayList<HashMap<String, ArrayList<ProfileRecord>>>",string,stdxStringEncodeDeepNestedProfiles,2.418340,4.131,4.361,raw/run-02/workload-06-stdx_json,logs/run-02-workload-06-stdx_json.log
2,6,2,cjfast_json,"深层嵌套 | encode | ArrayList<HashMap<String, ArrayList<ProfileRecord>>> | string",深层嵌套,encode,"ArrayList<HashMap<String, ArrayList<ProfileRecord>>>",string,cjfastStringEncodeDeepNestedProfiles,3.158069,4.361,4.361,raw/run-02/workload-06-cjfast_json,logs/run-02-workload-06-cjfast_json.log
2,6,3,yjson,"深层嵌套 | encode | ArrayList<HashMap<String, ArrayList<ProfileRecord>>> | string",深层嵌套,encode,"ArrayList<HashMap<String, ArrayList<ProfileRecord>>>",string,yjsonStringEncodeDeepNestedProfiles,2.902756,4.361,4.171,raw/run-02/workload-06-yjson,logs/run-02-workload-06-yjson.log
2,7,1,stdx_json,"深层嵌套 | decode | ArrayList<HashMap<String, ArrayList<ProfileRecord>>> | string",深层嵌套,decode,"ArrayList<HashMap<String, ArrayList<ProfileRecord>>>",string,stdxStringDecodeDeepNestedProfiles,2.713700,4.171,4.171,raw/run-02/workload-07-stdx_json,logs/run-02-workload-07-stdx_json.log
2,7,2,cjfast_json,"深层嵌套 | decode | ArrayList<HashMap<String, ArrayList<ProfileRecord>>> | string",深层嵌套,decode,"ArrayList<HashMap<String, ArrayList<ProfileRecord>>>",string,cjfastStringDecodeDeepNestedProfiles,3.103541,4.171,4.077,raw/run-02/workload-07-cjfast_json,logs/run-02-workload-07-cjfast_json.log
2,7,3,yjson,"深层嵌套 | decode | ArrayList<HashMap<String, ArrayList<ProfileRecord>>> | string",深层嵌套,decode,"ArrayList<HashMap<String, ArrayList<ProfileRecord>>>",string,yjsonStringDecodeDeepNestedProfiles,3.853206,4.077,3.911,raw/run-02/workload-07-yjson,logs/run-02-workload-07-yjson.log
2,8,1,stdx_json,流式 I/O | encode | Person | stream,流式 I/O,encode,Person,stream,stdxStreamEncodePerson,2.256876,3.911,3.911,raw/run-02/workload-08-stdx_json,logs/run-02-workload-08-stdx_json.log
2,8,2,cjfast_json,流式 I/O | encode | Person | stream,流式 I/O,encode,Person,stream,cjfastStreamEncodePerson,2.921454,3.911,3.757,raw/run-02/workload-08-cjfast_json,logs/run-02-workload-08-cjfast_json.log
2,8,3,yjson,流式 I/O | encode | Person | stream,流式 I/O,encode,Person,stream,yjsonStreamEncodePerson,2.572821,3.757,3.757,raw/run-02/workload-08-yjson,logs/run-02-workload-08-yjson.log
2,9,1,stdx_json,流式 I/O | decode | Person | stream,流式 I/O,decode,Person,stream,stdxStreamDecodePerson,2.700726,3.757,3.616,raw/run-02/workload-09-stdx_json,logs/run-02-workload-09-stdx_json.log
2,9,2,cjfast_json,流式 I/O | decode | Person | stream,流式 I/O,decode,Person,stream,cjfastStreamDecodePerson,3.519818,3.616,3.616,raw/run-02/workload-09-cjfast_json,logs/run-02-workload-09-cjfast_json.log
2,9,3,yjson,流式 I/O | decode | Person | stream,流式 I/O,decode,Person,stream,yjsonStreamDecodePerson,3.109108,3.616,3.406,raw/run-02/workload-09-yjson,logs/run-02-workload-09-yjson.log
2,10,1,stdx_json,未知字段 | decode | Person | string,未知字段,decode,Person,string,stdxStringDecodeUnknownPerson,2.681292,3.406,3.374,raw/run-02/workload-10-stdx_json,logs/run-02-workload-10-stdx_json.log
2,10,2,cjfast_json,未知字段 | decode | Person | string,未知字段,decode,Person,string,cjfastStringDecodeUnknownPerson,3.170187,3.374,3.374,raw/run-02/workload-10-cjfast_json,logs/run-02-workload-10-cjfast_json.log
2,10,3,yjson,未知字段 | decode | Person | string,未知字段,decode,Person,string,yjsonStringDecodeUnknownPerson,5.681057,3.374,3.343,raw/run-02/workload-10-yjson,logs/run-02-workload-10-yjson.log
2,11,1,stdx_json,时间/大数 | encode | TemporalStats | string,时间/大数,encode,TemporalStats,string,stdxStringEncodeTemporalStats,2.346505,3.343,3.155,raw/run-02/workload-11-stdx_json,logs/run-02-workload-11-stdx_json.log
2,11,2,cjfast_json,时间/大数 | encode | TemporalStats | string,时间/大数,encode,TemporalStats,string,cjfastStringEncodeTemporalStats,2.993951,3.155,3.155,raw/run-02/workload-11-cjfast_json,logs/run-02-workload-11-cjfast_json.log
2,11,3,yjson,时间/大数 | encode | TemporalStats | string,时间/大数,encode,TemporalStats,string,yjsonStringEncodeTemporalStats,3.359904,3.155,2.982,raw/run-02/workload-11-yjson,logs/run-02-workload-11-yjson.log
2,12,1,stdx_json,时间/大数 | encode | TemporalStats | bytes,时间/大数,encode,TemporalStats,bytes,stdxBytesEncodeTemporalStats,2.283843,2.982,2.903,raw/run-02/workload-12-stdx_json,logs/run-02-workload-12-stdx_json.log
2,12,2,cjfast_json,时间/大数 | encode | TemporalStats | bytes,时间/大数,encode,TemporalStats,bytes,cjfastBytesEncodeTemporalStats,3.157580,2.903,2.903,raw/run-02/workload-12-cjfast_json,logs/run-02-workload-12-cjfast_json.log
2,12,3,yjson,时间/大数 | encode | TemporalStats | bytes,时间/大数,encode,TemporalStats,bytes,yjsonBytesEncodeTemporalStats,3.225998,2.903,2.991,raw/run-02/workload-12-yjson,logs/run-02-workload-12-yjson.log
2,13,1,stdx_json,时间/大数 | decode | TemporalStats | string,时间/大数,decode,TemporalStats,string,stdxStringDecodeTemporalStats,2.653772,2.991,2.991,raw/run-02/workload-13-stdx_json,logs/run-02-workload-13-stdx_json.log
2,13,2,cjfast_json,时间/大数 | decode | TemporalStats | string,时间/大数,decode,TemporalStats,string,cjfastStringDecodeTemporalStats,3.384798,2.991,3.072,raw/run-02/workload-13-cjfast_json,logs/run-02-workload-13-cjfast_json.log
2,13,3,yjson,时间/大数 | decode | TemporalStats | string,时间/大数,decode,TemporalStats,string,yjsonStringDecodeTemporalStats,3.413490,3.072,2.986,raw/run-02/workload-13-yjson,logs/run-02-workload-13-yjson.log
2,14,1,stdx_json,时间/大数 | decode | TemporalStats | bytes,时间/大数,decode,TemporalStats,bytes,stdxBytesDecodeTemporalStats,2.772827,2.986,2.986,raw/run-02/workload-14-stdx_json,logs/run-02-workload-14-stdx_json.log
2,14,2,cjfast_json,时间/大数 | decode | TemporalStats | bytes,时间/大数,decode,TemporalStats,bytes,cjfastBytesDecodeTemporalStats,3.335402,2.986,2.988,raw/run-02/workload-14-cjfast_json,logs/run-02-workload-14-cjfast_json.log
2,14,3,yjson,时间/大数 | decode | TemporalStats | bytes,时间/大数,decode,TemporalStats,bytes,yjsonBytesDecodeTemporalStats,3.316558,2.988,3.390,raw/run-02/workload-14-yjson,logs/run-02-workload-14-yjson.log
2,15,1,stdx_json,数值边界 | encode | UInt64Envelope | string,数值边界,encode,UInt64Envelope,string,stdxStringEncodeUInt64Envelope,2.073034,3.390,3.390,raw/run-02/workload-15-stdx_json,logs/run-02-workload-15-stdx_json.log
2,15,2,cjfast_json,数值边界 | encode | UInt64Envelope | string,数值边界,encode,UInt64Envelope,string,cjfastStringEncodeUInt64Envelope,2.844562,3.390,3.519,raw/run-02/workload-15-cjfast_json,logs/run-02-workload-15-cjfast_json.log
2,15,3,yjson,数值边界 | encode | UInt64Envelope | string,数值边界,encode,UInt64Envelope,string,yjsonStringEncodeUInt64Envelope,3.365189,3.519,3.519,raw/run-02/workload-15-yjson,logs/run-02-workload-15-yjson.log
2,16,1,stdx_json,数值边界 | encode | UInt64Envelope | bytes,数值边界,encode,UInt64Envelope,bytes,stdxBytesEncodeUInt64Envelope,2.163321,3.519,3.397,raw/run-02/workload-16-stdx_json,logs/run-02-workload-16-stdx_json.log
2,16,2,cjfast_json,数值边界 | encode | UInt64Envelope | bytes,数值边界,encode,UInt64Envelope,bytes,cjfastBytesEncodeUInt64Envelope,3.014546,3.397,3.397,raw/run-02/workload-16-cjfast_json,logs/run-02-workload-16-cjfast_json.log
2,16,3,yjson,数值边界 | encode | UInt64Envelope | bytes,数值边界,encode,UInt64Envelope,bytes,yjsonBytesEncodeUInt64Envelope,3.272190,3.397,3.285,raw/run-02/workload-16-yjson,logs/run-02-workload-16-yjson.log
2,17,1,stdx_json,数值边界 | decode | UInt64Envelope | string,数值边界,decode,UInt64Envelope,string,stdxStringDecodeUInt64Envelope,2.527079,3.285,3.285,raw/run-02/workload-17-stdx_json,logs/run-02-workload-17-stdx_json.log
2,17,2,cjfast_json,数值边界 | decode | UInt64Envelope | string,数值边界,decode,UInt64Envelope,string,cjfastStringDecodeUInt64Envelope,3.145614,3.285,3.262,raw/run-02/workload-17-cjfast_json,logs/run-02-workload-17-cjfast_json.log
2,17,3,yjson,数值边界 | decode | UInt64Envelope | string,数值边界,decode,UInt64Envelope,string,yjsonStringDecodeUInt64Envelope,3.501904,3.262,3.161,raw/run-02/workload-17-yjson,logs/run-02-workload-17-yjson.log
2,18,1,stdx_json,数值边界 | decode | UInt64Envelope | bytes,数值边界,decode,UInt64Envelope,bytes,stdxBytesDecodeUInt64Envelope,2.857250,3.161,3.161,raw/run-02/workload-18-stdx_json,logs/run-02-workload-18-stdx_json.log
2,18,2,cjfast_json,数值边界 | decode | UInt64Envelope | bytes,数值边界,decode,UInt64Envelope,bytes,cjfastBytesDecodeUInt64Envelope,3.237937,3.161,2.987,raw/run-02/workload-18-cjfast_json,logs/run-02-workload-18-cjfast_json.log
2,18,3,yjson,数值边界 | decode | UInt64Envelope | bytes,数值边界,decode,UInt64Envelope,bytes,yjsonBytesDecodeUInt64Envelope,3.702808,2.987,3.069,raw/run-02/workload-18-yjson,logs/run-02-workload-18-yjson.log
2,19,1,stdx_json,嵌套对象 | encode | ProfileBundle | string,嵌套对象,encode,ProfileBundle,string,stdxStringEncodeProfileBundle,2.224417,3.069,3.069,raw/run-02/workload-19-stdx_json,logs/run-02-workload-19-stdx_json.log
2,19,2,cjfast_json,嵌套对象 | encode | ProfileBundle | string,嵌套对象,encode,ProfileBundle,string,cjfastStringEncodeProfileBundle,3.152146,3.069,2.983,raw/run-02/workload-19-cjfast_json,logs/run-02-workload-19-cjfast_json.log
2,19,3,yjson,嵌套对象 | encode | ProfileBundle | string,嵌套对象,encode,ProfileBundle,string,yjsonStringEncodeProfileBundle,3.198901,2.983,2.983,raw/run-02/workload-19-yjson,logs/run-02-workload-19-yjson.log
2,20,1,stdx_json,嵌套对象 | encode | ProfileBundle | bytes,嵌套对象,encode,ProfileBundle,bytes,stdxBytesEncodeProfileBundle,2.044210,2.983,2.744,raw/run-02/workload-20-stdx_json,logs/run-02-workload-20-stdx_json.log
2,20,2,cjfast_json,嵌套对象 | encode | ProfileBundle | bytes,嵌套对象,encode,ProfileBundle,bytes,cjfastBytesEncodeProfileBundle,3.116191,2.744,3.245,raw/run-02/workload-20-cjfast_json,logs/run-02-workload-20-cjfast_json.log
2,20,3,yjson,嵌套对象 | encode | ProfileBundle | bytes,嵌套对象,encode,ProfileBundle,bytes,yjsonBytesEncodeProfileBundle,3.350787,3.245,3.245,raw/run-02/workload-20-yjson,logs/run-02-workload-20-yjson.log
2,21,1,stdx_json,嵌套对象 | decode | ProfileBundle | string,嵌套对象,decode,ProfileBundle,string,stdxStringDecodeProfileBundle,2.392808,3.245,3.145,raw/run-02/workload-21-stdx_json,logs/run-02-workload-21-stdx_json.log
2,21,2,cjfast_json,嵌套对象 | decode | ProfileBundle | string,嵌套对象,decode,ProfileBundle,string,cjfastStringDecodeProfileBundle,3.291171,3.145,3.145,raw/run-02/workload-21-cjfast_json,logs/run-02-workload-21-cjfast_json.log
2,21,3,yjson,嵌套对象 | decode | ProfileBundle | string,嵌套对象,decode,ProfileBundle,string,yjsonStringDecodeProfileBundle,3.788138,3.145,3.133,raw/run-02/workload-21-yjson,logs/run-02-workload-21-yjson.log
2,22,1,stdx_json,嵌套对象 | decode | ProfileBundle | bytes,嵌套对象,decode,ProfileBundle,bytes,stdxBytesDecodeProfileBundle,2.463601,3.133,3.363,raw/run-02/workload-22-stdx_json,logs/run-02-workload-22-stdx_json.log
2,22,2,cjfast_json,嵌套对象 | decode | ProfileBundle | bytes,嵌套对象,decode,ProfileBundle,bytes,cjfastBytesDecodeProfileBundle,3.429078,3.363,3.363,raw/run-02/workload-22-cjfast_json,logs/run-02-workload-22-cjfast_json.log
2,22,3,yjson,嵌套对象 | decode | ProfileBundle | bytes,嵌套对象,decode,ProfileBundle,bytes,yjsonBytesDecodeProfileBundle,3.505264,3.363,3.254,raw/run-02/workload-22-yjson,logs/run-02-workload-22-yjson.log
2,23,1,stdx_json,字段顺序 | decode | Person | string,字段顺序,decode,Person,string,stdxStringDecodeUnorderedPerson,2.614183,3.254,3.254,raw/run-02/workload-23-stdx_json,logs/run-02-workload-23-stdx_json.log
2,23,2,cjfast_json,字段顺序 | decode | Person | string,字段顺序,decode,Person,string,cjfastStringDecodeUnorderedPerson,3.080544,3.254,3.153,raw/run-02/workload-23-cjfast_json,logs/run-02-workload-23-cjfast_json.log
2,23,3,yjson,字段顺序 | decode | Person | string,字段顺序,decode,Person,string,yjsonStringDecodeUnorderedPerson,5.746213,3.153,3.061,raw/run-02/workload-23-yjson,logs/run-02-workload-23-yjson.log
2,24,1,stdx_json,大数组 | encode | ArrayList<ProfileRecord>[64] | string,大数组,encode,ArrayList<ProfileRecord>[64],string,stdxStringEncodeLargeProfileArray,2.544161,3.061,2.976,raw/run-02/workload-24-stdx_json,logs/run-02-workload-24-stdx_json.log
2,24,2,cjfast_json,大数组 | encode | ArrayList<ProfileRecord>[64] | string,大数组,encode,ArrayList<ProfileRecord>[64],string,cjfastStringEncodeLargeProfileArray,2.926798,2.976,2.976,raw/run-02/workload-24-cjfast_json,logs/run-02-workload-24-cjfast_json.log
2,24,3,yjson,大数组 | encode | ArrayList<ProfileRecord>[64] | string,大数组,encode,ArrayList<ProfileRecord>[64],string,yjsonStringEncodeLargeProfileArray,2.790201,2.976,2.897,raw/run-02/workload-24-yjson,logs/run-02-workload-24-yjson.log
2,25,1,stdx_json,大数组 | decode | ArrayList<ProfileRecord>[64] | string,大数组,decode,ArrayList<ProfileRecord>[64],string,stdxStringDecodeLargeProfileArray,2.511032,2.897,2.897,raw/run-02/workload-25-stdx_json,logs/run-02-workload-25-stdx_json.log
2,25,2,cjfast_json,大数组 | decode | ArrayList<ProfileRecord>[64] | string,大数组,decode,ArrayList<ProfileRecord>[64],string,cjfastStringDecodeLargeProfileArray,2.342822,2.897,2.825,raw/run-02/workload-25-cjfast_json,logs/run-02-workload-25-cjfast_json.log
2,25,3,yjson,大数组 | decode | ArrayList<ProfileRecord>[64] | string,大数组,decode,ArrayList<ProfileRecord>[64],string,yjsonStringDecodeLargeProfileArray,6.393219,2.825,2.759,raw/run-02/workload-25-yjson,logs/run-02-workload-25-yjson.log
2,26,1,stdx_json,"大 Map | encode | HashMap<String, Int64>[64] | string",大 Map,encode,"HashMap<String, Int64>[64]",string,stdxStringEncodeLargeInt64Map,2.296946,2.759,2.698,raw/run-02/workload-26-stdx_json,logs/run-02-workload-26-stdx_json.log
2,26,2,cjfast_json,"大 Map | encode | HashMap<String, Int64>[64] | string",大 Map,encode,"HashMap<String, Int64>[64]",string,cjfastStringEncodeLargeInt64Map,3.488636,2.698,2.698,raw/run-02/workload-26-cjfast_json,logs/run-02-workload-26-cjfast_json.log
2,26,3,yjson,"大 Map | encode | HashMap<String, Int64>[64] | string",大 Map,encode,"HashMap<String, Int64>[64]",string,yjsonStringEncodeLargeInt64Map,3.316677,2.698,2.642,raw/run-02/workload-26-yjson,logs/run-02-workload-26-yjson.log
2,27,1,stdx_json,"大 Map | decode | HashMap<String, Int64>[64] | string",大 Map,decode,"HashMap<String, Int64>[64]",string,stdxStringDecodeLargeInt64Map,2.780646,2.642,2.991,raw/run-02/workload-27-stdx_json,logs/run-02-workload-27-stdx_json.log
2,27,2,cjfast_json,"大 Map | decode | HashMap<String, Int64>[64] | string",大 Map,decode,"HashMap<String, Int64>[64]",string,cjfastStringDecodeLargeInt64Map,3.255155,2.991,2.991,raw/run-02/workload-27-cjfast_json,logs/run-02-workload-27-cjfast_json.log
2,27,3,yjson,"大 Map | decode | HashMap<String, Int64>[64] | string",大 Map,decode,"HashMap<String, Int64>[64]",string,yjsonStringDecodeLargeInt64Map,3.581494,2.991,2.911,raw/run-02/workload-27-yjson,logs/run-02-workload-27-yjson.log
2,28,1,stdx_json,基础对象 | encode | Person | string,基础对象,encode,Person,string,stdxStringEncodePerson,2.177928,2.911,2.911,raw/run-02/workload-28-stdx_json,logs/run-02-workload-28-stdx_json.log
2,28,2,cjfast_json,基础对象 | encode | Person | string,基础对象,encode,Person,string,cjfastStringEncodePerson,2.894425,2.911,2.918,raw/run-02/workload-28-cjfast_json,logs/run-02-workload-28-cjfast_json.log
2,28,3,yjson,基础对象 | encode | Person | string,基础对象,encode,Person,string,yjsonStringEncodePerson,2.914355,2.918,2.918,raw/run-02/workload-28-yjson,logs/run-02-workload-28-yjson.log
2,29,1,stdx_json,基础对象 | encode | Person | bytes,基础对象,encode,Person,bytes,stdxBytesEncodePerson,2.161385,2.918,2.925,raw/run-02/workload-29-stdx_json,logs/run-02-workload-29-stdx_json.log
2,29,2,cjfast_json,基础对象 | encode | Person | bytes,基础对象,encode,Person,bytes,cjfastBytesEncodePerson,3.026148,2.925,3.332,raw/run-02/workload-29-cjfast_json,logs/run-02-workload-29-cjfast_json.log
2,29,3,yjson,基础对象 | encode | Person | bytes,基础对象,encode,Person,bytes,yjsonBytesEncodePerson,3.068510,3.332,3.332,raw/run-02/workload-29-yjson,logs/run-02-workload-29-yjson.log
2,30,1,stdx_json,基础对象 | encode | Address | string,基础对象,encode,Address,string,stdxStringEncodeAddress,2.263549,3.332,3.626,raw/run-02/workload-30-stdx_json,logs/run-02-workload-30-stdx_json.log
2,30,2,cjfast_json,基础对象 | encode | Address | string,基础对象,encode,Address,string,cjfastStringEncodeAddress,2.757008,3.626,3.626,raw/run-02/workload-30-cjfast_json,logs/run-02-workload-30-cjfast_json.log
2,30,3,yjson,基础对象 | encode | Address | string,基础对象,encode,Address,string,yjsonStringEncodeAddress,2.810396,3.626,3.496,raw/run-02/workload-30-yjson,logs/run-02-workload-30-yjson.log
2,31,1,stdx_json,基础对象 | encode | Address | bytes,基础对象,encode,Address,bytes,stdxBytesEncodeAddress,2.145451,3.496,3.496,raw/run-02/workload-31-stdx_json,logs/run-02-workload-31-stdx_json.log
2,31,2,cjfast_json,基础对象 | encode | Address | bytes,基础对象,encode,Address,bytes,cjfastBytesEncodeAddress,2.434576,3.496,3.616,raw/run-02/workload-31-cjfast_json,logs/run-02-workload-31-cjfast_json.log
2,31,3,yjson,基础对象 | encode | Address | bytes,基础对象,encode,Address,bytes,yjsonBytesEncodeAddress,3.087397,3.616,3.616,raw/run-02/workload-31-yjson,logs/run-02-workload-31-yjson.log
2,32,1,stdx_json,基础对象 | decode | Person | string,基础对象,decode,Person,string,stdxStringDecodePerson,2.752377,3.616,3.486,raw/run-02/workload-32-stdx_json,logs/run-02-workload-32-stdx_json.log
2,32,2,cjfast_json,基础对象 | decode | Person | string,基础对象,decode,Person,string,cjfastStringDecodePerson,3.367500,3.486,3.486,raw/run-02/workload-32-cjfast_json,logs/run-02-workload-32-cjfast_json.log
2,32,3,yjson,基础对象 | decode | Person | string,基础对象,decode,Person,string,yjsonStringDecodePerson,7.634877,3.486,3.344,raw/run-02/workload-32-yjson,logs/run-02-workload-32-yjson.log
2,33,1,stdx_json,基础对象 | decode | Person | bytes,基础对象,decode,Person,bytes,stdxBytesDecodePerson,2.554959,3.344,3.397,raw/run-02/workload-33-stdx_json,logs/run-02-workload-33-stdx_json.log
2,33,2,cjfast_json,基础对象 | decode | Person | bytes,基础对象,decode,Person,bytes,cjfastBytesDecodePerson,3.074512,3.397,3.397,raw/run-02/workload-33-cjfast_json,logs/run-02-workload-33-cjfast_json.log
2,33,3,yjson,基础对象 | decode | Person | bytes,基础对象,decode,Person,bytes,yjsonBytesDecodePerson,7.795952,3.397,3.903,raw/run-02/workload-33-yjson,logs/run-02-workload-33-yjson.log
2,34,1,stdx_json,基础对象 | decode | Address | string,基础对象,decode,Address,string,stdxStringDecodeAddress,2.447666,3.903,3.903,raw/run-02/workload-34-stdx_json,logs/run-02-workload-34-stdx_json.log
2,34,2,cjfast_json,基础对象 | decode | Address | string,基础对象,decode,Address,string,cjfastStringDecodeAddress,2.552598,3.903,3.750,raw/run-02/workload-34-cjfast_json,logs/run-02-workload-34-cjfast_json.log
2,34,3,yjson,基础对象 | decode | Address | string,基础对象,decode,Address,string,yjsonStringDecodeAddress,3.671644,3.750,3.750,raw/run-02/workload-34-yjson,logs/run-02-workload-34-yjson.log
2,35,1,stdx_json,基础对象 | decode | Address | bytes,基础对象,decode,Address,bytes,stdxBytesDecodeAddress,2.377367,3.750,3.690,raw/run-02/workload-35-stdx_json,logs/run-02-workload-35-stdx_json.log
2,35,2,cjfast_json,基础对象 | decode | Address | bytes,基础对象,decode,Address,bytes,cjfastBytesDecodeAddress,2.601599,3.690,3.690,raw/run-02/workload-35-cjfast_json,logs/run-02-workload-35-cjfast_json.log
2,35,3,yjson,基础对象 | decode | Address | bytes,基础对象,decode,Address,bytes,yjsonBytesDecodeAddress,3.501290,3.690,4.035,raw/run-02/workload-35-yjson,logs/run-02-workload-35-yjson.log
2,36,1,stdx_json,Pretty JSON | encode | Person | string,Pretty JSON,encode,Person,string,stdxStringEncodePrettyPerson,2.006161,4.035,4.113,raw/run-02/workload-36-stdx_json,logs/run-02-workload-36-stdx_json.log
2,36,2,cjfast_json,Pretty JSON | encode | Person | string,Pretty JSON,encode,Person,string,cjfastStringEncodePrettyPerson,3.104064,4.113,4.113,raw/run-02/workload-36-cjfast_json,logs/run-02-workload-36-cjfast_json.log
2,36,3,yjson,Pretty JSON | encode | Person | string,Pretty JSON,encode,Person,string,yjsonStringEncodePrettyPerson,3.016676,4.113,4.023,raw/run-02/workload-36-yjson,logs/run-02-workload-36-yjson.log
3,1,1,cjfast_json,基础对象 | decode | Address | bytes,基础对象,decode,Address,bytes,cjfastBytesDecodeAddress,2.498469,4.023,4.023,raw/run-03/workload-01-cjfast_json,logs/run-03-workload-01-cjfast_json.log
3,1,2,yjson,基础对象 | decode | Address | bytes,基础对象,decode,Address,bytes,yjsonBytesDecodeAddress,3.452790,4.023,3.941,raw/run-03/workload-01-yjson,logs/run-03-workload-01-yjson.log
3,1,3,stdx_json,基础对象 | decode | Address | bytes,基础对象,decode,Address,bytes,stdxBytesDecodeAddress,2.378643,3.941,3.941,raw/run-03/workload-01-stdx_json,logs/run-03-workload-01-stdx_json.log
3,2,1,cjfast_json,基础对象 | decode | Address | string,基础对象,decode,Address,string,cjfastStringDecodeAddress,2.517473,3.941,3.866,raw/run-03/workload-02-cjfast_json,logs/run-03-workload-02-cjfast_json.log
3,2,2,yjson,基础对象 | decode | Address | string,基础对象,decode,Address,string,yjsonStringDecodeAddress,3.431948,3.866,4.357,raw/run-03/workload-02-yjson,logs/run-03-workload-02-yjson.log
3,2,3,stdx_json,基础对象 | decode | Address | string,基础对象,decode,Address,string,stdxStringDecodeAddress,2.362476,4.357,4.357,raw/run-03/workload-02-stdx_json,logs/run-03-workload-02-stdx_json.log
3,3,1,cjfast_json,基础对象 | decode | Person | bytes,基础对象,decode,Person,bytes,cjfastBytesDecodePerson,2.640045,4.357,4.729,raw/run-03/workload-03-cjfast_json,logs/run-03-workload-03-cjfast_json.log
3,3,2,yjson,基础对象 | decode | Person | bytes,基础对象,decode,Person,bytes,yjsonBytesDecodePerson,8.336575,4.729,4.511,raw/run-03/workload-03-yjson,logs/run-03-workload-03-yjson.log
3,3,3,stdx_json,基础对象 | decode | Person | bytes,基础对象,decode,Person,bytes,stdxBytesDecodePerson,2.740371,4.511,4.310,raw/run-03/workload-03-stdx_json,logs/run-03-workload-03-stdx_json.log
3,4,1,cjfast_json,基础对象 | decode | Person | string,基础对象,decode,Person,string,cjfastStringDecodePerson,3.272815,4.310,4.310,raw/run-03/workload-04-cjfast_json,logs/run-03-workload-04-cjfast_json.log
3,4,2,yjson,基础对象 | decode | Person | string,基础对象,decode,Person,string,yjsonStringDecodePerson,7.709057,4.310,4.102,raw/run-03/workload-04-yjson,logs/run-03-workload-04-yjson.log
3,4,3,stdx_json,基础对象 | decode | Person | string,基础对象,decode,Person,string,stdxStringDecodePerson,2.726851,4.102,4.574,raw/run-03/workload-04-stdx_json,logs/run-03-workload-04-stdx_json.log
3,5,1,cjfast_json,基础对象 | encode | Address | bytes,基础对象,encode,Address,bytes,cjfastBytesEncodeAddress,2.673081,4.574,4.574,raw/run-03/workload-05-cjfast_json,logs/run-03-workload-05-cjfast_json.log
3,5,2,yjson,基础对象 | encode | Address | bytes,基础对象,encode,Address,bytes,yjsonBytesEncodeAddress,2.963944,4.574,4.368,raw/run-03/workload-05-yjson,logs/run-03-workload-05-yjson.log
3,5,3,stdx_json,基础对象 | encode | Address | bytes,基础对象,encode,Address,bytes,stdxBytesEncodeAddress,2.162826,4.368,4.368,raw/run-03/workload-05-stdx_json,logs/run-03-workload-05-stdx_json.log
3,6,1,cjfast_json,基础对象 | encode | Address | string,基础对象,encode,Address,string,cjfastStringEncodeAddress,2.861788,4.368,4.899,raw/run-03/workload-06-cjfast_json,logs/run-03-workload-06-cjfast_json.log
3,6,2,yjson,基础对象 | encode | Address | string,基础对象,encode,Address,string,yjsonStringEncodeAddress,2.850425,4.899,4.899,raw/run-03/workload-06-yjson,logs/run-03-workload-06-yjson.log
3,6,3,stdx_json,基础对象 | encode | Address | string,基础对象,encode,Address,string,stdxStringEncodeAddress,2.379904,4.899,4.667,raw/run-03/workload-06-stdx_json,logs/run-03-workload-06-stdx_json.log
3,7,1,cjfast_json,基础对象 | encode | Person | bytes,基础对象,encode,Person,bytes,cjfastBytesEncodePerson,2.904792,4.667,4.667,raw/run-03/workload-07-cjfast_json,logs/run-03-workload-07-cjfast_json.log
3,7,2,yjson,基础对象 | encode | Person | bytes,基础对象,encode,Person,bytes,yjsonBytesEncodePerson,3.106536,4.667,4.453,raw/run-03/workload-07-yjson,logs/run-03-workload-07-yjson.log
3,7,3,stdx_json,基础对象 | encode | Person | bytes,基础对象,encode,Person,bytes,stdxBytesEncodePerson,2.209954,4.453,4.453,raw/run-03/workload-07-stdx_json,logs/run-03-workload-07-stdx_json.log
3,8,1,cjfast_json,基础对象 | encode | Person | string,基础对象,encode,Person,string,cjfastStringEncodePerson,2.827837,4.453,4.256,raw/run-03/workload-08-cjfast_json,logs/run-03-workload-08-cjfast_json.log
3,8,2,yjson,基础对象 | encode | Person | string,基础对象,encode,Person,string,yjsonStringEncodePerson,2.854766,4.256,4.256,raw/run-03/workload-08-yjson,logs/run-03-workload-08-yjson.log
3,8,3,stdx_json,基础对象 | encode | Person | string,基础对象,encode,Person,string,stdxStringEncodePerson,2.289415,4.256,3.915,raw/run-03/workload-08-stdx_json,logs/run-03-workload-08-stdx_json.log
3,9,1,cjfast_json,"大 Map | decode | HashMap<String, Int64>[64] | string",大 Map,decode,"HashMap<String, Int64>[64]",string,cjfastStringDecodeLargeInt64Map,3.425860,3.915,3.761,raw/run-03/workload-09-cjfast_json,logs/run-03-workload-09-cjfast_json.log
3,9,2,yjson,"大 Map | decode | HashMap<String, Int64>[64] | string",大 Map,decode,"HashMap<String, Int64>[64]",string,yjsonStringDecodeLargeInt64Map,3.647435,3.761,3.761,raw/run-03/workload-09-yjson,logs/run-03-workload-09-yjson.log
3,9,3,stdx_json,"大 Map | decode | HashMap<String, Int64>[64] | string",大 Map,decode,"HashMap<String, Int64>[64]",string,stdxStringDecodeLargeInt64Map,2.904746,3.761,3.620,raw/run-03/workload-09-stdx_json,logs/run-03-workload-09-stdx_json.log
3,10,1,cjfast_json,"大 Map | encode | HashMap<String, Int64>[64] | string",大 Map,encode,"HashMap<String, Int64>[64]",string,cjfastStringEncodeLargeInt64Map,3.435838,3.620,3.490,raw/run-03/workload-10-cjfast_json,logs/run-03-workload-10-cjfast_json.log
3,10,2,yjson,"大 Map | encode | HashMap<String, Int64>[64] | string",大 Map,encode,"HashMap<String, Int64>[64]",string,yjsonStringEncodeLargeInt64Map,3.412680,3.490,3.490,raw/run-03/workload-10-yjson,logs/run-03-workload-10-yjson.log
3,10,3,stdx_json,"大 Map | encode | HashMap<String, Int64>[64] | string",大 Map,encode,"HashMap<String, Int64>[64]",string,stdxStringEncodeLargeInt64Map,2.715975,3.490,3.451,raw/run-03/workload-10-stdx_json,logs/run-03-workload-10-stdx_json.log
3,11,1,cjfast_json,大数组 | decode | ArrayList<ProfileRecord>[64] | string,大数组,decode,ArrayList<ProfileRecord>[64],string,cjfastStringDecodeLargeProfileArray,2.595782,3.451,3.451,raw/run-03/workload-11-cjfast_json,logs/run-03-workload-11-cjfast_json.log
3,11,2,yjson,大数组 | decode | ArrayList<ProfileRecord>[64] | string,大数组,decode,ArrayList<ProfileRecord>[64],string,yjsonStringDecodeLargeProfileArray,5.861012,3.451,3.622,raw/run-03/workload-11-yjson,logs/run-03-workload-11-yjson.log
3,11,3,stdx_json,大数组 | decode | ArrayList<ProfileRecord>[64] | string,大数组,decode,ArrayList<ProfileRecord>[64],string,stdxStringDecodeLargeProfileArray,2.888999,3.622,3.622,raw/run-03/workload-11-stdx_json,logs/run-03-workload-11-stdx_json.log
3,12,1,cjfast_json,大数组 | encode | ArrayList<ProfileRecord>[64] | string,大数组,encode,ArrayList<ProfileRecord>[64],string,cjfastStringEncodeLargeProfileArray,2.762362,3.622,3.492,raw/run-03/workload-12-cjfast_json,logs/run-03-workload-12-cjfast_json.log
3,12,2,yjson,大数组 | encode | ArrayList<ProfileRecord>[64] | string,大数组,encode,ArrayList<ProfileRecord>[64],string,yjsonStringEncodeLargeProfileArray,2.987292,3.492,3.492,raw/run-03/workload-12-yjson,logs/run-03-workload-12-yjson.log
3,12,3,stdx_json,大数组 | encode | ArrayList<ProfileRecord>[64] | string,大数组,encode,ArrayList<ProfileRecord>[64],string,stdxStringEncodeLargeProfileArray,2.089705,3.492,3.372,raw/run-03/workload-12-stdx_json,logs/run-03-workload-12-stdx_json.log
3,13,1,cjfast_json,字段顺序 | decode | Person | string,字段顺序,decode,Person,string,cjfastStringDecodeUnorderedPerson,3.368331,3.372,3.372,raw/run-03/workload-13-cjfast_json,logs/run-03-workload-13-cjfast_json.log
3,13,2,yjson,字段顺序 | decode | Person | string,字段顺序,decode,Person,string,yjsonStringDecodeUnorderedPerson,5.523123,3.372,3.262,raw/run-03/workload-13-yjson,logs/run-03-workload-13-yjson.log
3,13,3,stdx_json,字段顺序 | decode | Person | string,字段顺序,decode,Person,string,stdxStringDecodeUnorderedPerson,2.969534,3.262,3.081,raw/run-03/workload-13-stdx_json,logs/run-03-workload-13-stdx_json.log
3,14,1,cjfast_json,嵌套对象 | decode | ProfileBundle | bytes,嵌套对象,decode,ProfileBundle,bytes,cjfastBytesDecodeProfileBundle,3.132980,3.081,2.994,raw/run-03/workload-14-cjfast_json,logs/run-03-workload-14-cjfast_json.log
3,14,2,yjson,嵌套对象 | decode | ProfileBundle | bytes,嵌套对象,decode,ProfileBundle,bytes,yjsonBytesDecodeProfileBundle,3.441062,2.994,2.994,raw/run-03/workload-14-yjson,logs/run-03-workload-14-yjson.log
3,14,3,stdx_json,嵌套对象 | decode | ProfileBundle | bytes,嵌套对象,decode,ProfileBundle,bytes,stdxBytesDecodeProfileBundle,2.367558,2.994,2.995,raw/run-03/workload-14-stdx_json,logs/run-03-workload-14-stdx_json.log
3,15,1,cjfast_json,嵌套对象 | decode | ProfileBundle | string,嵌套对象,decode,ProfileBundle,string,cjfastStringDecodeProfileBundle,3.273361,2.995,3.155,raw/run-03/workload-15-cjfast_json,logs/run-03-workload-15-cjfast_json.log
3,15,2,yjson,嵌套对象 | decode | ProfileBundle | string,嵌套对象,decode,ProfileBundle,string,yjsonStringDecodeProfileBundle,3.828285,3.155,3.155,raw/run-03/workload-15-yjson,logs/run-03-workload-15-yjson.log
3,15,3,stdx_json,嵌套对象 | decode | ProfileBundle | string,嵌套对象,decode,ProfileBundle,string,stdxStringDecodeProfileBundle,2.620212,3.155,3.143,raw/run-03/workload-15-stdx_json,logs/run-03-workload-15-stdx_json.log
3,16,1,cjfast_json,嵌套对象 | encode | ProfileBundle | bytes,嵌套对象,encode,ProfileBundle,bytes,cjfastBytesEncodeProfileBundle,3.168960,3.143,3.143,raw/run-03/workload-16-cjfast_json,logs/run-03-workload-16-cjfast_json.log
3,16,2,yjson,嵌套对象 | encode | ProfileBundle | bytes,嵌套对象,encode,ProfileBundle,bytes,yjsonBytesEncodeProfileBundle,3.520408,3.143,2.971,raw/run-03/workload-16-yjson,logs/run-03-workload-16-yjson.log
3,16,3,stdx_json,嵌套对象 | encode | ProfileBundle | bytes,嵌套对象,encode,ProfileBundle,bytes,stdxBytesEncodeProfileBundle,2.056539,2.971,3.534,raw/run-03/workload-16-stdx_json,logs/run-03-workload-16-stdx_json.log
3,17,1,cjfast_json,嵌套对象 | encode | ProfileBundle | string,嵌套对象,encode,ProfileBundle,string,cjfastStringEncodeProfileBundle,3.125089,3.534,3.534,raw/run-03/workload-17-cjfast_json,logs/run-03-workload-17-cjfast_json.log
3,17,2,yjson,嵌套对象 | encode | ProfileBundle | string,嵌套对象,encode,ProfileBundle,string,yjsonStringEncodeProfileBundle,3.337355,3.534,3.411,raw/run-03/workload-17-yjson,logs/run-03-workload-17-yjson.log
3,17,3,stdx_json,嵌套对象 | encode | ProfileBundle | string,嵌套对象,encode,ProfileBundle,string,stdxStringEncodeProfileBundle,2.038181,3.411,3.411,raw/run-03/workload-17-stdx_json,logs/run-03-workload-17-stdx_json.log
3,18,1,cjfast_json,数值边界 | decode | UInt64Envelope | bytes,数值边界,decode,UInt64Envelope,bytes,cjfastBytesDecodeUInt64Envelope,3.171227,3.411,3.297,raw/run-03/workload-18-cjfast_json,logs/run-03-workload-18-cjfast_json.log
3,18,2,yjson,数值边界 | decode | UInt64Envelope | bytes,数值边界,decode,UInt64Envelope,bytes,yjsonBytesDecodeUInt64Envelope,3.577821,3.297,3.754,raw/run-03/workload-18-yjson,logs/run-03-workload-18-yjson.log
3,18,3,stdx_json,数值边界 | decode | UInt64Envelope | bytes,数值边界,decode,UInt64Envelope,bytes,stdxBytesDecodeUInt64Envelope,2.550649,3.754,3.754,raw/run-03/workload-18-stdx_json,logs/run-03-workload-18-stdx_json.log
3,19,1,cjfast_json,数值边界 | decode | UInt64Envelope | string,数值边界,decode,UInt64Envelope,string,cjfastStringDecodeUInt64Envelope,3.145481,3.754,3.614,raw/run-03/workload-19-cjfast_json,logs/run-03-workload-19-cjfast_json.log
3,19,2,yjson,数值边界 | decode | UInt64Envelope | string,数值边界,decode,UInt64Envelope,string,yjsonStringDecodeUInt64Envelope,3.720737,3.614,3.614,raw/run-03/workload-19-yjson,logs/run-03-workload-19-yjson.log
3,19,3,stdx_json,数值边界 | decode | UInt64Envelope | string,数值边界,decode,UInt64Envelope,string,stdxStringDecodeUInt64Envelope,2.917496,3.614,3.404,raw/run-03/workload-19-stdx_json,logs/run-03-workload-19-stdx_json.log
3,20,1,cjfast_json,数值边界 | encode | UInt64Envelope | bytes,数值边界,encode,UInt64Envelope,bytes,cjfastBytesEncodeUInt64Envelope,2.920041,3.404,3.532,raw/run-03/workload-20-cjfast_json,logs/run-03-workload-20-cjfast_json.log
3,20,2,yjson,数值边界 | encode | UInt64Envelope | bytes,数值边界,encode,UInt64Envelope,bytes,yjsonBytesEncodeUInt64Envelope,3.446331,3.532,3.532,raw/run-03/workload-20-yjson,logs/run-03-workload-20-yjson.log
3,20,3,stdx_json,数值边界 | encode | UInt64Envelope | bytes,数值边界,encode,UInt64Envelope,bytes,stdxBytesEncodeUInt64Envelope,2.182752,3.532,3.409,raw/run-03/workload-20-stdx_json,logs/run-03-workload-20-stdx_json.log
3,21,1,cjfast_json,数值边界 | encode | UInt64Envelope | string,数值边界,encode,UInt64Envelope,string,cjfastStringEncodeUInt64Envelope,2.850645,3.409,3.409,raw/run-03/workload-21-cjfast_json,logs/run-03-workload-21-cjfast_json.log
3,21,2,yjson,数值边界 | encode | UInt64Envelope | string,数值边界,encode,UInt64Envelope,string,yjsonStringEncodeUInt64Envelope,3.306139,3.409,3.296,raw/run-03/workload-21-yjson,logs/run-03-workload-21-yjson.log
3,21,3,stdx_json,数值边界 | encode | UInt64Envelope | string,数值边界,encode,UInt64Envelope,string,stdxStringEncodeUInt64Envelope,2.118282,3.296,3.296,raw/run-03/workload-21-stdx_json,logs/run-03-workload-21-stdx_json.log
3,22,1,cjfast_json,时间/大数 | decode | TemporalStats | bytes,时间/大数,decode,TemporalStats,bytes,cjfastBytesDecodeTemporalStats,3.183804,3.296,3.353,raw/run-03/workload-22-cjfast_json,logs/run-03-workload-22-cjfast_json.log
3,22,2,yjson,时间/大数 | decode | TemporalStats | bytes,时间/大数,decode,TemporalStats,bytes,yjsonBytesDecodeTemporalStats,3.591372,3.353,3.244,raw/run-03/workload-22-yjson,logs/run-03-workload-22-yjson.log
3,22,3,stdx_json,时间/大数 | decode | TemporalStats | bytes,时间/大数,decode,TemporalStats,bytes,stdxBytesDecodeTemporalStats,2.760733,3.244,3.244,raw/run-03/workload-22-stdx_json,logs/run-03-workload-22-stdx_json.log
3,23,1,cjfast_json,时间/大数 | decode | TemporalStats | string,时间/大数,decode,TemporalStats,string,cjfastStringDecodeTemporalStats,3.211322,3.244,3.144,raw/run-03/workload-23-cjfast_json,logs/run-03-workload-23-cjfast_json.log
3,23,2,yjson,时间/大数 | decode | TemporalStats | string,时间/大数,decode,TemporalStats,string,yjsonStringDecodeTemporalStats,3.479271,3.144,3.052,raw/run-03/workload-23-yjson,logs/run-03-workload-23-yjson.log
3,23,3,stdx_json,时间/大数 | decode | TemporalStats | string,时间/大数,decode,TemporalStats,string,stdxStringDecodeTemporalStats,2.632531,3.052,3.052,raw/run-03/workload-23-stdx_json,logs/run-03-workload-23-stdx_json.log
3,24,1,cjfast_json,时间/大数 | encode | TemporalStats | bytes,时间/大数,encode,TemporalStats,bytes,cjfastBytesEncodeTemporalStats,3.168804,3.052,2.968,raw/run-03/workload-24-cjfast_json,logs/run-03-workload-24-cjfast_json.log
3,24,2,yjson,时间/大数 | encode | TemporalStats | bytes,时间/大数,encode,TemporalStats,bytes,yjsonBytesEncodeTemporalStats,3.317086,2.968,2.968,raw/run-03/workload-24-yjson,logs/run-03-workload-24-yjson.log
3,24,3,stdx_json,时间/大数 | encode | TemporalStats | bytes,时间/大数,encode,TemporalStats,bytes,stdxBytesEncodeTemporalStats,2.321199,2.968,2.810,raw/run-03/workload-24-stdx_json,logs/run-03-workload-24-stdx_json.log
3,25,1,cjfast_json,时间/大数 | encode | TemporalStats | string,时间/大数,encode,TemporalStats,string,cjfastStringEncodeTemporalStats,2.766694,2.810,2.826,raw/run-03/workload-25-cjfast_json,logs/run-03-workload-25-cjfast_json.log
3,25,2,yjson,时间/大数 | encode | TemporalStats | string,时间/大数,encode,TemporalStats,string,yjsonStringEncodeTemporalStats,3.086314,2.826,2.826,raw/run-03/workload-25-yjson,logs/run-03-workload-25-yjson.log
3,25,3,stdx_json,时间/大数 | encode | TemporalStats | string,时间/大数,encode,TemporalStats,string,stdxStringEncodeTemporalStats,2.018156,2.826,3.240,raw/run-03/workload-25-stdx_json,logs/run-03-workload-25-stdx_json.log
3,26,1,cjfast_json,未知字段 | decode | Person | string,未知字段,decode,Person,string,cjfastStringDecodeUnknownPerson,3.122110,3.240,3.240,raw/run-03/workload-26-cjfast_json,logs/run-03-workload-26-cjfast_json.log
3,26,2,yjson,未知字段 | decode | Person | string,未知字段,decode,Person,string,yjsonStringDecodeUnknownPerson,6.079225,3.240,3.141,raw/run-03/workload-26-yjson,logs/run-03-workload-26-yjson.log
3,26,3,stdx_json,未知字段 | decode | Person | string,未知字段,decode,Person,string,stdxStringDecodeUnknownPerson,2.651978,3.141,3.049,raw/run-03/workload-26-stdx_json,logs/run-03-workload-26-stdx_json.log
3,27,1,cjfast_json,流式 I/O | decode | Person | stream,流式 I/O,decode,Person,stream,cjfastStreamDecodePerson,3.246377,3.049,3.605,raw/run-03/workload-27-cjfast_json,logs/run-03-workload-27-cjfast_json.log
3,27,2,yjson,流式 I/O | decode | Person | stream,流式 I/O,decode,Person,stream,yjsonStreamDecodePerson,3.265752,3.605,3.605,raw/run-03/workload-27-yjson,logs/run-03-workload-27-yjson.log
3,27,3,stdx_json,流式 I/O | decode | Person | stream,流式 I/O,decode,Person,stream,stdxStreamDecodePerson,2.761429,3.605,3.477,raw/run-03/workload-27-stdx_json,logs/run-03-workload-27-stdx_json.log
3,28,1,cjfast_json,流式 I/O | encode | Person | stream,流式 I/O,encode,Person,stream,cjfastStreamEncodePerson,2.851937,3.477,3.477,raw/run-03/workload-28-cjfast_json,logs/run-03-workload-28-cjfast_json.log
3,28,2,yjson,流式 I/O | encode | Person | stream,流式 I/O,encode,Person,stream,yjsonStreamEncodePerson,2.507512,3.477,3.438,raw/run-03/workload-28-yjson,logs/run-03-workload-28-yjson.log
3,28,3,stdx_json,流式 I/O | encode | Person | stream,流式 I/O,encode,Person,stream,stdxStreamEncodePerson,2.234900,3.438,3.438,raw/run-03/workload-28-stdx_json,logs/run-03-workload-28-stdx_json.log
3,29,1,cjfast_json,"深层嵌套 | decode | ArrayList<HashMap<String, ArrayList<ProfileRecord>>> | string",深层嵌套,decode,"ArrayList<HashMap<String, ArrayList<ProfileRecord>>>",string,cjfastStringDecodeDeepNestedProfiles,3.189476,3.438,3.403,raw/run-03/workload-29-cjfast_json,logs/run-03-workload-29-cjfast_json.log
3,29,2,yjson,"深层嵌套 | decode | ArrayList<HashMap<String, ArrayList<ProfileRecord>>> | string",深层嵌套,decode,"ArrayList<HashMap<String, ArrayList<ProfileRecord>>>",string,yjsonStringDecodeDeepNestedProfiles,3.925265,3.403,3.290,raw/run-03/workload-29-yjson,logs/run-03-workload-29-yjson.log
3,29,3,stdx_json,"深层嵌套 | decode | ArrayList<HashMap<String, ArrayList<ProfileRecord>>> | string",深层嵌套,decode,"ArrayList<HashMap<String, ArrayList<ProfileRecord>>>",string,stdxStringDecodeDeepNestedProfiles,2.596939,3.290,3.290,raw/run-03/workload-29-stdx_json,logs/run-03-workload-29-stdx_json.log
3,30,1,cjfast_json,"深层嵌套 | encode | ArrayList<HashMap<String, ArrayList<ProfileRecord>>> | string",深层嵌套,encode,"ArrayList<HashMap<String, ArrayList<ProfileRecord>>>",string,cjfastStringEncodeDeepNestedProfiles,2.744001,3.290,3.187,raw/run-03/workload-30-cjfast_json,logs/run-03-workload-30-cjfast_json.log
3,30,2,yjson,"深层嵌套 | encode | ArrayList<HashMap<String, ArrayList<ProfileRecord>>> | string",深层嵌套,encode,"ArrayList<HashMap<String, ArrayList<ProfileRecord>>>",string,yjsonStringEncodeDeepNestedProfiles,3.195249,3.187,3.187,raw/run-03/workload-30-yjson,logs/run-03-workload-30-yjson.log
3,30,3,stdx_json,"深层嵌套 | encode | ArrayList<HashMap<String, ArrayList<ProfileRecord>>> | string",深层嵌套,encode,"ArrayList<HashMap<String, ArrayList<ProfileRecord>>>",string,stdxStringEncodeDeepNestedProfiles,2.419171,3.187,3.091,raw/run-03/workload-30-stdx_json,logs/run-03-workload-30-stdx_json.log
3,31,1,cjfast_json,转义/Unicode | decode | String | bytes,转义/Unicode,decode,String,bytes,cjfastBytesDecodeEscapedUnicodeString,2.546221,3.091,3.091,raw/run-03/workload-31-cjfast_json,logs/run-03-workload-31-cjfast_json.log
3,31,2,yjson,转义/Unicode | decode | String | bytes,转义/Unicode,decode,String,bytes,yjsonBytesDecodeEscapedUnicodeString,3.477894,3.091,2.924,raw/run-03/workload-31-yjson,logs/run-03-workload-31-yjson.log
3,31,3,stdx_json,转义/Unicode | decode | String | bytes,转义/Unicode,decode,String,bytes,stdxBytesDecodeEscapedUnicodeString,2.304510,2.924,3.331,raw/run-03/workload-31-stdx_json,logs/run-03-workload-31-stdx_json.log
3,32,1,cjfast_json,转义/Unicode | decode | String | string,转义/Unicode,decode,String,string,cjfastStringDecodeEscapedUnicodeString,2.731144,3.331,3.331,raw/run-03/workload-32-cjfast_json,logs/run-03-workload-32-cjfast_json.log
3,32,2,yjson,转义/Unicode | decode | String | string,转义/Unicode,decode,String,string,yjsonStringDecodeEscapedUnicodeString,3.749647,3.331,3.224,raw/run-03/workload-32-yjson,logs/run-03-workload-32-yjson.log
3,32,3,stdx_json,转义/Unicode | decode | String | string,转义/Unicode,decode,String,string,stdxStringDecodeEscapedUnicodeString,2.358349,3.224,3.224,raw/run-03/workload-32-stdx_json,logs/run-03-workload-32-stdx_json.log
3,33,1,cjfast_json,转义/Unicode | encode | String | bytes,转义/Unicode,encode,String,bytes,cjfastBytesEncodeEscapedUnicodeString,2.771471,3.224,3.125,raw/run-03/workload-33-cjfast_json,logs/run-03-workload-33-cjfast_json.log
3,33,2,yjson,转义/Unicode | encode | String | bytes,转义/Unicode,encode,String,bytes,yjsonBytesEncodeEscapedUnicodeString,2.793017,3.125,3.125,raw/run-03/workload-33-yjson,logs/run-03-workload-33-yjson.log
3,33,3,stdx_json,转义/Unicode | encode | String | bytes,转义/Unicode,encode,String,bytes,stdxBytesEncodeEscapedUnicodeString,2.388349,3.125,2.955,raw/run-03/workload-33-stdx_json,logs/run-03-workload-33-stdx_json.log
3,34,1,cjfast_json,转义/Unicode | encode | String | string,转义/Unicode,encode,String,string,cjfastStringEncodeEscapedUnicodeString,2.615732,2.955,2.955,raw/run-03/workload-34-cjfast_json,logs/run-03-workload-34-cjfast_json.log
3,34,2,yjson,转义/Unicode | encode | String | string,转义/Unicode,encode,String,string,yjsonStringEncodeEscapedUnicodeString,2.853938,2.955,3.039,raw/run-03/workload-34-yjson,logs/run-03-workload-34-yjson.log
3,34,3,stdx_json,转义/Unicode | encode | String | string,转义/Unicode,encode,String,string,stdxStringEncodeEscapedUnicodeString,2.110554,3.039,3.039,raw/run-03/workload-34-stdx_json,logs/run-03-workload-34-stdx_json.log
3,35,1,cjfast_json,Pretty JSON | decode | Person | string,Pretty JSON,decode,Person,string,cjfastStringDecodePrettyPerson,3.140993,3.039,2.956,raw/run-03/workload-35-cjfast_json,logs/run-03-workload-35-cjfast_json.log
3,35,2,yjson,Pretty JSON | decode | Person | string,Pretty JSON,decode,Person,string,yjsonStringDecodePrettyPerson,5.338117,2.956,3.280,raw/run-03/workload-35-yjson,logs/run-03-workload-35-yjson.log
3,35,3,stdx_json,Pretty JSON | decode | Person | string,Pretty JSON,decode,Person,string,stdxStringDecodePrettyPerson,2.964241,3.280,3.257,raw/run-03/workload-35-stdx_json,logs/run-03-workload-35-stdx_json.log
3,36,1,cjfast_json,Pretty JSON | encode | Person | string,Pretty JSON,encode,Person,string,cjfastStringEncodePrettyPerson,3.032762,3.257,3.257,raw/run-03/workload-36-cjfast_json,logs/run-03-workload-36-cjfast_json.log
3,36,2,yjson,Pretty JSON | encode | Person | string,Pretty JSON,encode,Person,string,yjsonStringEncodePrettyPerson,3.032865,3.257,3.236,raw/run-03/workload-36-yjson,logs/run-03-workload-36-yjson.log
3,36,3,stdx_json,Pretty JSON | encode | Person | string,Pretty JSON,encode,Person,string,stdxStringEncodePrettyPerson,2.161184,3.236,3.236,raw/run-03/workload-36-stdx_json,logs/run-03-workload-36-stdx_json.log
4,1,1,yjson,基础对象 | decode | Address | bytes,基础对象,decode,Address,bytes,yjsonBytesDecodeAddress,3.431333,3.236,3.217,raw/run-04/workload-01-yjson,logs/run-04-workload-01-yjson.log
4,1,2,stdx_json,基础对象 | decode | Address | bytes,基础对象,decode,Address,bytes,stdxBytesDecodeAddress,2.278918,3.217,3.217,raw/run-04/workload-01-stdx_json,logs/run-04-workload-01-stdx_json.log
4,1,3,cjfast_json,基础对象 | decode | Address | bytes,基础对象,decode,Address,bytes,cjfastBytesDecodeAddress,2.539150,3.217,3.120,raw/run-04/workload-01-cjfast_json,logs/run-04-workload-01-cjfast_json.log
4,2,1,yjson,Pretty JSON | encode | Person | string,Pretty JSON,encode,Person,string,yjsonStringEncodePrettyPerson,3.122025,3.120,3.351,raw/run-04/workload-02-yjson,logs/run-04-workload-02-yjson.log
4,2,2,stdx_json,Pretty JSON | encode | Person | string,Pretty JSON,encode,Person,string,stdxStringEncodePrettyPerson,2.032477,3.351,3.351,raw/run-04/workload-02-stdx_json,logs/run-04-workload-02-stdx_json.log
4,2,3,cjfast_json,Pretty JSON | encode | Person | string,Pretty JSON,encode,Person,string,cjfastStringEncodePrettyPerson,3.036571,3.351,3.883,raw/run-04/workload-02-cjfast_json,logs/run-04-workload-02-cjfast_json.log
4,3,1,yjson,Pretty JSON | decode | Person | string,Pretty JSON,decode,Person,string,yjsonStringDecodePrettyPerson,5.750437,3.883,3.652,raw/run-04/workload-03-yjson,logs/run-04-workload-03-yjson.log
4,3,2,stdx_json,Pretty JSON | decode | Person | string,Pretty JSON,decode,Person,string,stdxStringDecodePrettyPerson,2.624300,3.652,3.652,raw/run-04/workload-03-stdx_json,logs/run-04-workload-03-stdx_json.log
4,3,3,cjfast_json,Pretty JSON | decode | Person | string,Pretty JSON,decode,Person,string,cjfastStringDecodePrettyPerson,3.299685,3.652,3.520,raw/run-04/workload-03-cjfast_json,logs/run-04-workload-03-cjfast_json.log
4,4,1,yjson,转义/Unicode | encode | String | string,转义/Unicode,encode,String,string,yjsonStringEncodeEscapedUnicodeString,2.669571,3.520,3.520,raw/run-04/workload-04-yjson,logs/run-04-workload-04-yjson.log
4,4,2,stdx_json,转义/Unicode | encode | String | string,转义/Unicode,encode,String,string,stdxStringEncodeEscapedUnicodeString,2.271325,3.520,3.398,raw/run-04/workload-04-stdx_json,logs/run-04-workload-04-stdx_json.log
4,4,3,cjfast_json,转义/Unicode | encode | String | string,转义/Unicode,encode,String,string,cjfastStringEncodeEscapedUnicodeString,2.567417,3.398,3.398,raw/run-04/workload-04-cjfast_json,logs/run-04-workload-04-cjfast_json.log
4,5,1,yjson,转义/Unicode | encode | String | bytes,转义/Unicode,encode,String,bytes,yjsonBytesEncodeEscapedUnicodeString,3.013313,3.398,3.206,raw/run-04/workload-05-yjson,logs/run-04-workload-05-yjson.log
4,5,2,stdx_json,转义/Unicode | encode | String | bytes,转义/Unicode,encode,String,bytes,stdxBytesEncodeEscapedUnicodeString,2.340532,3.206,3.350,raw/run-04/workload-05-stdx_json,logs/run-04-workload-05-stdx_json.log
4,5,3,cjfast_json,转义/Unicode | encode | String | bytes,转义/Unicode,encode,String,bytes,cjfastBytesEncodeEscapedUnicodeString,2.822320,3.350,3.350,raw/run-04/workload-05-cjfast_json,logs/run-04-workload-05-cjfast_json.log
4,6,1,yjson,转义/Unicode | decode | String | string,转义/Unicode,decode,String,string,yjsonStringDecodeEscapedUnicodeString,3.810932,3.350,3.241,raw/run-04/workload-06-yjson,logs/run-04-workload-06-yjson.log
4,6,2,stdx_json,转义/Unicode | decode | String | string,转义/Unicode,decode,String,string,stdxStringDecodeEscapedUnicodeString,2.323508,3.241,3.241,raw/run-04/workload-06-stdx_json,logs/run-04-workload-06-stdx_json.log
4,6,3,cjfast_json,转义/Unicode | decode | String | string,转义/Unicode,decode,String,string,cjfastStringDecodeEscapedUnicodeString,2.665583,3.241,3.142,raw/run-04/workload-06-cjfast_json,logs/run-04-workload-06-cjfast_json.log
4,7,1,yjson,转义/Unicode | decode | String | bytes,转义/Unicode,decode,String,bytes,yjsonBytesDecodeEscapedUnicodeString,3.759020,3.142,3.531,raw/run-04/workload-07-yjson,logs/run-04-workload-07-yjson.log
4,7,2,stdx_json,转义/Unicode | decode | String | bytes,转义/Unicode,decode,String,bytes,stdxBytesDecodeEscapedUnicodeString,2.344629,3.531,3.531,raw/run-04/workload-07-stdx_json,logs/run-04-workload-07-stdx_json.log
4,7,3,cjfast_json,转义/Unicode | decode | String | bytes,转义/Unicode,decode,String,bytes,cjfastBytesDecodeEscapedUnicodeString,2.643430,3.531,3.969,raw/run-04/workload-07-cjfast_json,logs/run-04-workload-07-cjfast_json.log
4,8,1,yjson,"深层嵌套 | encode | ArrayList<HashMap<String, ArrayList<ProfileRecord>>> | string",深层嵌套,encode,"ArrayList<HashMap<String, ArrayList<ProfileRecord>>>",string,yjsonStringEncodeDeepNestedProfiles,3.110298,3.969,3.969,raw/run-04/workload-08-yjson,logs/run-04-workload-08-yjson.log
4,8,2,stdx_json,"深层嵌套 | encode | ArrayList<HashMap<String, ArrayList<ProfileRecord>>> | string",深层嵌套,encode,"ArrayList<HashMap<String, ArrayList<ProfileRecord>>>",string,stdxStringEncodeDeepNestedProfiles,2.427421,3.969,3.811,raw/run-04/workload-08-stdx_json,logs/run-04-workload-08-stdx_json.log
4,8,3,cjfast_json,"深层嵌套 | encode | ArrayList<HashMap<String, ArrayList<ProfileRecord>>> | string",深层嵌套,encode,"ArrayList<HashMap<String, ArrayList<ProfileRecord>>>",string,cjfastStringEncodeDeepNestedProfiles,2.804009,3.811,3.811,raw/run-04/workload-08-cjfast_json,logs/run-04-workload-08-cjfast_json.log
4,9,1,yjson,"深层嵌套 | decode | ArrayList<HashMap<String, ArrayList<ProfileRecord>>> | string",深层嵌套,decode,"ArrayList<HashMap<String, ArrayList<ProfileRecord>>>",string,yjsonStringDecodeDeepNestedProfiles,3.622073,3.811,3.666,raw/run-04/workload-09-yjson,logs/run-04-workload-09-yjson.log
4,9,2,stdx_json,"深层嵌套 | decode | ArrayList<HashMap<String, ArrayList<ProfileRecord>>> | string",深层嵌套,decode,"ArrayList<HashMap<String, ArrayList<ProfileRecord>>>",string,stdxStringDecodeDeepNestedProfiles,2.591106,3.666,4.013,raw/run-04/workload-09-stdx_json,logs/run-04-workload-09-stdx_json.log
4,9,3,cjfast_json,"深层嵌套 | decode | ArrayList<HashMap<String, ArrayList<ProfileRecord>>> | string",深层嵌套,decode,"ArrayList<HashMap<String, ArrayList<ProfileRecord>>>",string,cjfastStringDecodeDeepNestedProfiles,3.121228,4.013,4.013,raw/run-04/workload-09-cjfast_json,logs/run-04-workload-09-cjfast_json.log
4,10,1,yjson,流式 I/O | encode | Person | stream,流式 I/O,encode,Person,stream,yjsonStreamEncodePerson,2.548874,4.013,3.851,raw/run-04/workload-10-yjson,logs/run-04-workload-10-yjson.log
4,10,2,stdx_json,流式 I/O | encode | Person | stream,流式 I/O,encode,Person,stream,stdxStreamEncodePerson,2.041192,3.851,3.851,raw/run-04/workload-10-stdx_json,logs/run-04-workload-10-stdx_json.log
4,10,3,cjfast_json,流式 I/O | encode | Person | stream,流式 I/O,encode,Person,stream,cjfastStreamEncodePerson,2.936783,3.851,3.863,raw/run-04/workload-10-cjfast_json,logs/run-04-workload-10-cjfast_json.log
4,11,1,yjson,流式 I/O | decode | Person | stream,流式 I/O,decode,Person,stream,yjsonStreamDecodePerson,3.327478,3.863,3.863,raw/run-04/workload-11-yjson,logs/run-04-workload-11-yjson.log
4,11,2,stdx_json,流式 I/O | decode | Person | stream,流式 I/O,decode,Person,stream,stdxStreamDecodePerson,3.076934,3.863,3.714,raw/run-04/workload-11-stdx_json,logs/run-04-workload-11-stdx_json.log
4,11,3,cjfast_json,流式 I/O | decode | Person | stream,流式 I/O,decode,Person,stream,cjfastStreamDecodePerson,3.384749,3.714,4.137,raw/run-04/workload-11-cjfast_json,logs/run-04-workload-11-cjfast_json.log
4,12,1,yjson,未知字段 | decode | Person | string,未知字段,decode,Person,string,yjsonStringDecodeUnknownPerson,6.382429,4.137,4.046,raw/run-04/workload-12-yjson,logs/run-04-workload-12-yjson.log
4,12,2,stdx_json,未知字段 | decode | Person | string,未知字段,decode,Person,string,stdxStringDecodeUnknownPerson,2.692145,4.046,4.046,raw/run-04/workload-12-stdx_json,logs/run-04-workload-12-stdx_json.log
4,12,3,cjfast_json,未知字段 | decode | Person | string,未知字段,decode,Person,string,cjfastStringDecodeUnknownPerson,3.203090,4.046,4.042,raw/run-04/workload-12-cjfast_json,logs/run-04-workload-12-cjfast_json.log
4,13,1,yjson,时间/大数 | encode | TemporalStats | string,时间/大数,encode,TemporalStats,string,yjsonStringEncodeTemporalStats,3.065615,4.042,3.798,raw/run-04/workload-13-yjson,logs/run-04-workload-13-yjson.log
4,13,2,stdx_json,时间/大数 | encode | TemporalStats | string,时间/大数,encode,TemporalStats,string,stdxStringEncodeTemporalStats,2.303443,3.798,3.798,raw/run-04/workload-13-stdx_json,logs/run-04-workload-13-stdx_json.log
4,13,3,cjfast_json,时间/大数 | encode | TemporalStats | string,时间/大数,encode,TemporalStats,string,cjfastStringEncodeTemporalStats,3.123308,3.798,3.654,raw/run-04/workload-13-cjfast_json,logs/run-04-workload-13-cjfast_json.log
4,14,1,yjson,时间/大数 | encode | TemporalStats | bytes,时间/大数,encode,TemporalStats,bytes,yjsonBytesEncodeTemporalStats,3.478306,3.654,3.654,raw/run-04/workload-14-yjson,logs/run-04-workload-14-yjson.log
4,14,2,stdx_json,时间/大数 | encode | TemporalStats | bytes,时间/大数,encode,TemporalStats,bytes,stdxBytesEncodeTemporalStats,1.994298,3.654,3.762,raw/run-04/workload-14-stdx_json,logs/run-04-workload-14-stdx_json.log
4,14,3,cjfast_json,时间/大数 | encode | TemporalStats | bytes,时间/大数,encode,TemporalStats,bytes,cjfastBytesEncodeTemporalStats,2.959065,3.762,3.762,raw/run-04/workload-14-cjfast_json,logs/run-04-workload-14-cjfast_json.log
4,15,1,yjson,时间/大数 | decode | TemporalStats | string,时间/大数,decode,TemporalStats,string,yjsonStringDecodeTemporalStats,3.586899,3.762,3.701,raw/run-04/workload-15-yjson,logs/run-04-workload-15-yjson.log
4,15,2,stdx_json,时间/大数 | decode | TemporalStats | string,时间/大数,decode,TemporalStats,string,stdxStringDecodeTemporalStats,2.697495,3.701,3.564,raw/run-04/workload-15-stdx_json,logs/run-04-workload-15-stdx_json.log
4,15,3,cjfast_json,时间/大数 | decode | TemporalStats | string,时间/大数,decode,TemporalStats,string,cjfastStringDecodeTemporalStats,3.316121,3.564,3.564,raw/run-04/workload-15-cjfast_json,logs/run-04-workload-15-cjfast_json.log
4,16,1,yjson,时间/大数 | decode | TemporalStats | bytes,时间/大数,decode,TemporalStats,bytes,yjsonBytesDecodeTemporalStats,3.258744,3.564,3.439,raw/run-04/workload-16-yjson,logs/run-04-workload-16-yjson.log
4,16,2,stdx_json,时间/大数 | decode | TemporalStats | bytes,时间/大数,decode,TemporalStats,bytes,stdxBytesDecodeTemporalStats,2.824767,3.439,3.885,raw/run-04/workload-16-stdx_json,logs/run-04-workload-16-stdx_json.log
4,16,3,cjfast_json,时间/大数 | decode | TemporalStats | bytes,时间/大数,decode,TemporalStats,bytes,cjfastBytesDecodeTemporalStats,3.374799,3.885,3.885,raw/run-04/workload-16-cjfast_json,logs/run-04-workload-16-cjfast_json.log
4,17,1,yjson,数值边界 | encode | UInt64Envelope | string,数值边界,encode,UInt64Envelope,string,yjsonStringEncodeUInt64Envelope,3.278463,3.885,3.733,raw/run-04/workload-17-yjson,logs/run-04-workload-17-yjson.log
4,17,2,stdx_json,数值边界 | encode | UInt64Envelope | string,数值边界,encode,UInt64Envelope,string,stdxStringEncodeUInt64Envelope,2.127465,3.733,3.733,raw/run-04/workload-17-stdx_json,logs/run-04-workload-17-stdx_json.log
4,17,3,cjfast_json,数值边界 | encode | UInt64Envelope | string,数值边界,encode,UInt64Envelope,string,cjfastStringEncodeUInt64Envelope,2.795075,3.733,3.594,raw/run-04/workload-17-cjfast_json,logs/run-04-workload-17-cjfast_json.log
4,18,1,yjson,数值边界 | encode | UInt64Envelope | bytes,数值边界,encode,UInt64Envelope,bytes,yjsonBytesEncodeUInt64Envelope,3.499187,3.594,4.027,raw/run-04/workload-18-yjson,logs/run-04-workload-18-yjson.log
4,18,2,stdx_json,数值边界 | encode | UInt64Envelope | bytes,数值边界,encode,UInt64Envelope,bytes,stdxBytesEncodeUInt64Envelope,2.258967,4.027,4.027,raw/run-04/workload-18-stdx_json,logs/run-04-workload-18-stdx_json.log
4,18,3,cjfast_json,数值边界 | encode | UInt64Envelope | bytes,数值边界,encode,UInt64Envelope,bytes,cjfastBytesEncodeUInt64Envelope,2.877607,4.027,4.666,raw/run-04/workload-18-cjfast_json,logs/run-04-workload-18-cjfast_json.log
4,19,1,yjson,数值边界 | decode | UInt64Envelope | string,数值边界,decode,UInt64Envelope,string,yjsonStringDecodeUInt64Envelope,3.844367,4.666,4.666,raw/run-04/workload-19-yjson,logs/run-04-workload-19-yjson.log
4,19,2,stdx_json,数值边界 | decode | UInt64Envelope | string,数值边界,decode,UInt64Envelope,string,stdxStringDecodeUInt64Envelope,2.558233,4.666,4.372,raw/run-04/workload-19-stdx_json,logs/run-04-workload-19-stdx_json.log
4,19,3,cjfast_json,数值边界 | decode | UInt64Envelope | string,数值边界,decode,UInt64Envelope,string,cjfastStringDecodeUInt64Envelope,3.025294,4.372,4.372,raw/run-04/workload-19-cjfast_json,logs/run-04-workload-19-cjfast_json.log
4,20,1,yjson,数值边界 | decode | UInt64Envelope | bytes,数值边界,decode,UInt64Envelope,bytes,yjsonBytesDecodeUInt64Envelope,3.472762,4.372,4.102,raw/run-04/workload-20-yjson,logs/run-04-workload-20-yjson.log
4,20,2,stdx_json,数值边界 | decode | UInt64Envelope | bytes,数值边界,decode,UInt64Envelope,bytes,stdxBytesDecodeUInt64Envelope,2.764619,4.102,3.933,raw/run-04/workload-20-stdx_json,logs/run-04-workload-20-stdx_json.log
4,20,3,cjfast_json,数值边界 | decode | UInt64Envelope | bytes,数值边界,decode,UInt64Envelope,bytes,cjfastBytesDecodeUInt64Envelope,3.288727,3.933,3.933,raw/run-04/workload-20-cjfast_json,logs/run-04-workload-20-cjfast_json.log
4,21,1,yjson,嵌套对象 | encode | ProfileBundle | string,嵌套对象,encode,ProfileBundle,string,yjsonStringEncodeProfileBundle,3.132205,3.933,3.778,raw/run-04/workload-21-yjson,logs/run-04-workload-21-yjson.log
4,21,2,stdx_json,嵌套对象 | encode | ProfileBundle | string,嵌套对象,encode,ProfileBundle,string,stdxStringEncodeProfileBundle,2.075145,3.778,3.778,raw/run-04/workload-21-stdx_json,logs/run-04-workload-21-stdx_json.log
4,21,3,cjfast_json,嵌套对象 | encode | ProfileBundle | string,嵌套对象,encode,ProfileBundle,string,cjfastStringEncodeProfileBundle,3.231588,3.778,3.635,raw/run-04/workload-21-cjfast_json,logs/run-04-workload-21-cjfast_json.log
4,22,1,yjson,嵌套对象 | encode | ProfileBundle | bytes,嵌套对象,encode,ProfileBundle,bytes,yjsonBytesEncodeProfileBundle,3.414919,3.635,3.504,raw/run-04/workload-22-yjson,logs/run-04-workload-22-yjson.log
4,22,2,stdx_json,嵌套对象 | encode | ProfileBundle | bytes,嵌套对象,encode,ProfileBundle,bytes,stdxBytesEncodeProfileBundle,2.221718,3.504,3.504,raw/run-04/workload-22-stdx_json,logs/run-04-workload-22-stdx_json.log
4,22,3,cjfast_json,嵌套对象 | encode | ProfileBundle | bytes,嵌套对象,encode,ProfileBundle,bytes,cjfastBytesEncodeProfileBundle,3.036212,3.504,3.383,raw/run-04/workload-22-cjfast_json,logs/run-04-workload-22-cjfast_json.log
4,23,1,yjson,嵌套对象 | decode | ProfileBundle | string,嵌套对象,decode,ProfileBundle,string,yjsonStringDecodeProfileBundle,3.826992,3.383,3.833,raw/run-04/workload-23-yjson,logs/run-04-workload-23-yjson.log
4,23,2,stdx_json,嵌套对象 | decode | ProfileBundle | string,嵌套对象,decode,ProfileBundle,string,stdxStringDecodeProfileBundle,2.720310,3.833,3.833,raw/run-04/workload-23-stdx_json,logs/run-04-workload-23-stdx_json.log
4,23,3,cjfast_json,嵌套对象 | decode | ProfileBundle | string,嵌套对象,decode,ProfileBundle,string,cjfastStringDecodeProfileBundle,3.299738,3.833,3.687,raw/run-04/workload-23-cjfast_json,logs/run-04-workload-23-cjfast_json.log
4,24,1,yjson,嵌套对象 | decode | ProfileBundle | bytes,嵌套对象,decode,ProfileBundle,bytes,yjsonBytesDecodeProfileBundle,3.518997,3.687,3.687,raw/run-04/workload-24-yjson,logs/run-04-workload-24-yjson.log
4,24,2,stdx_json,嵌套对象 | decode | ProfileBundle | bytes,嵌套对象,decode,ProfileBundle,bytes,stdxBytesDecodeProfileBundle,3.019524,3.687,3.712,raw/run-04/workload-24-stdx_json,logs/run-04-workload-24-stdx_json.log
4,24,3,cjfast_json,嵌套对象 | decode | ProfileBundle | bytes,嵌套对象,decode,ProfileBundle,bytes,cjfastBytesDecodeProfileBundle,3.427609,3.712,3.575,raw/run-04/workload-24-cjfast_json,logs/run-04-workload-24-cjfast_json.log
4,25,1,yjson,字段顺序 | decode | Person | string,字段顺序,decode,Person,string,yjsonStringDecodeUnorderedPerson,5.455863,3.575,3.448,raw/run-04/workload-25-yjson,logs/run-04-workload-25-yjson.log
4,25,2,stdx_json,字段顺序 | decode | Person | string,字段顺序,decode,Person,string,stdxStringDecodeUnorderedPerson,2.729246,3.448,3.448,raw/run-04/workload-25-stdx_json,logs/run-04-workload-25-stdx_json.log
4,25,3,cjfast_json,字段顺序 | decode | Person | string,字段顺序,decode,Person,string,cjfastStringDecodeUnorderedPerson,3.204016,3.448,3.412,raw/run-04/workload-25-cjfast_json,logs/run-04-workload-25-cjfast_json.log
4,26,1,yjson,大数组 | encode | ArrayList<ProfileRecord>[64] | string,大数组,encode,ArrayList<ProfileRecord>[64],string,yjsonStringEncodeLargeProfileArray,2.902936,3.412,3.299,raw/run-04/workload-26-yjson,logs/run-04-workload-26-yjson.log
4,26,2,stdx_json,大数组 | encode | ArrayList<ProfileRecord>[64] | string,大数组,encode,ArrayList<ProfileRecord>[64],string,stdxStringEncodeLargeProfileArray,2.441580,3.299,3.299,raw/run-04/workload-26-stdx_json,logs/run-04-workload-26-stdx_json.log
4,26,3,cjfast_json,大数组 | encode | ArrayList<ProfileRecord>[64] | string,大数组,encode,ArrayList<ProfileRecord>[64],string,cjfastStringEncodeLargeProfileArray,2.857874,3.299,3.274,raw/run-04/workload-26-cjfast_json,logs/run-04-workload-26-cjfast_json.log
4,27,1,yjson,大数组 | decode | ArrayList<ProfileRecord>[64] | string,大数组,decode,ArrayList<ProfileRecord>[64],string,yjsonStringDecodeLargeProfileArray,5.766596,3.274,3.172,raw/run-04/workload-27-yjson,logs/run-04-workload-27-yjson.log
4,27,2,stdx_json,大数组 | decode | ArrayList<ProfileRecord>[64] | string,大数组,decode,ArrayList<ProfileRecord>[64],string,stdxStringDecodeLargeProfileArray,2.497469,3.172,3.172,raw/run-04/workload-27-stdx_json,logs/run-04-workload-27-stdx_json.log
4,27,3,cjfast_json,大数组 | decode | ArrayList<ProfileRecord>[64] | string,大数组,decode,ArrayList<ProfileRecord>[64],string,cjfastStringDecodeLargeProfileArray,2.685894,3.172,3.158,raw/run-04/workload-27-cjfast_json,logs/run-04-workload-27-cjfast_json.log
4,28,1,yjson,"大 Map | encode | HashMap<String, Int64>[64] | string",大 Map,encode,"HashMap<String, Int64>[64]",string,yjsonStringEncodeLargeInt64Map,3.385774,3.158,3.626,raw/run-04/workload-28-yjson,logs/run-04-workload-28-yjson.log
4,28,2,stdx_json,"大 Map | encode | HashMap<String, Int64>[64] | string",大 Map,encode,"HashMap<String, Int64>[64]",string,stdxStringEncodeLargeInt64Map,2.641577,3.626,3.626,raw/run-04/workload-28-stdx_json,logs/run-04-workload-28-stdx_json.log
4,28,3,cjfast_json,"大 Map | encode | HashMap<String, Int64>[64] | string",大 Map,encode,"HashMap<String, Int64>[64]",string,cjfastStringEncodeLargeInt64Map,3.697198,3.626,3.576,raw/run-04/workload-28-cjfast_json,logs/run-04-workload-28-cjfast_json.log
4,29,1,yjson,"大 Map | decode | HashMap<String, Int64>[64] | string",大 Map,decode,"HashMap<String, Int64>[64]",string,yjsonStringDecodeLargeInt64Map,3.577087,3.576,4.010,raw/run-04/workload-29-yjson,logs/run-04-workload-29-yjson.log
4,29,2,stdx_json,"大 Map | decode | HashMap<String, Int64>[64] | string",大 Map,decode,"HashMap<String, Int64>[64]",string,stdxStringDecodeLargeInt64Map,3.042285,4.010,4.010,raw/run-04/workload-29-stdx_json,logs/run-04-workload-29-stdx_json.log
4,29,3,cjfast_json,"大 Map | decode | HashMap<String, Int64>[64] | string",大 Map,decode,"HashMap<String, Int64>[64]",string,cjfastStringDecodeLargeInt64Map,3.385232,4.010,3.929,raw/run-04/workload-29-cjfast_json,logs/run-04-workload-29-cjfast_json.log
4,30,1,yjson,基础对象 | encode | Person | string,基础对象,encode,Person,string,yjsonStringEncodePerson,2.859302,3.929,3.929,raw/run-04/workload-30-yjson,logs/run-04-workload-30-yjson.log
4,30,2,stdx_json,基础对象 | encode | Person | string,基础对象,encode,Person,string,stdxStringEncodePerson,2.189820,3.929,3.694,raw/run-04/workload-30-stdx_json,logs/run-04-workload-30-stdx_json.log
4,30,3,cjfast_json,基础对象 | encode | Person | string,基础对象,encode,Person,string,cjfastStringEncodePerson,2.824876,3.694,3.694,raw/run-04/workload-30-cjfast_json,logs/run-04-workload-30-cjfast_json.log
4,31,1,yjson,基础对象 | encode | Person | bytes,基础对象,encode,Person,bytes,yjsonBytesEncodePerson,3.145021,3.694,3.639,raw/run-04/workload-31-yjson,logs/run-04-workload-31-yjson.log
4,31,2,stdx_json,基础对象 | encode | Person | bytes,基础对象,encode,Person,bytes,stdxBytesEncodePerson,2.411188,3.639,3.908,raw/run-04/workload-31-stdx_json,logs/run-04-workload-31-stdx_json.log
4,31,3,cjfast_json,基础对象 | encode | Person | bytes,基础对象,encode,Person,bytes,cjfastBytesEncodePerson,2.880354,3.908,3.908,raw/run-04/workload-31-cjfast_json,logs/run-04-workload-31-cjfast_json.log
4,32,1,yjson,基础对象 | encode | Address | string,基础对象,encode,Address,string,yjsonStringEncodeAddress,2.914166,3.908,3.755,raw/run-04/workload-32-yjson,logs/run-04-workload-32-yjson.log
4,32,2,stdx_json,基础对象 | encode | Address | string,基础对象,encode,Address,string,stdxStringEncodeAddress,2.229670,3.755,3.755,raw/run-04/workload-32-stdx_json,logs/run-04-workload-32-stdx_json.log
4,32,3,cjfast_json,基础对象 | encode | Address | string,基础对象,encode,Address,string,cjfastStringEncodeAddress,2.429983,3.755,4.176,raw/run-04/workload-32-cjfast_json,logs/run-04-workload-32-cjfast_json.log
4,33,1,yjson,基础对象 | encode | Address | bytes,基础对象,encode,Address,bytes,yjsonBytesEncodeAddress,3.328022,4.176,4.176,raw/run-04/workload-33-yjson,logs/run-04-workload-33-yjson.log
4,33,2,stdx_json,基础对象 | encode | Address | bytes,基础对象,encode,Address,bytes,stdxBytesEncodeAddress,2.266823,4.176,3.921,raw/run-04/workload-33-stdx_json,logs/run-04-workload-33-stdx_json.log
4,33,3,cjfast_json,基础对象 | encode | Address | bytes,基础对象,encode,Address,bytes,cjfastBytesEncodeAddress,2.687625,3.921,3.921,raw/run-04/workload-33-cjfast_json,logs/run-04-workload-33-cjfast_json.log
4,34,1,yjson,基础对象 | decode | Person | string,基础对象,decode,Person,string,yjsonStringDecodePerson,7.868300,3.921,3.625,raw/run-04/workload-34-yjson,logs/run-04-workload-34-yjson.log
4,34,2,stdx_json,基础对象 | decode | Person | string,基础对象,decode,Person,string,stdxStringDecodePerson,2.838909,3.625,3.625,raw/run-04/workload-34-stdx_json,logs/run-04-workload-34-stdx_json.log
4,34,3,cjfast_json,基础对象 | decode | Person | string,基础对象,decode,Person,string,cjfastStringDecodePerson,3.362626,3.625,3.575,raw/run-04/workload-34-cjfast_json,logs/run-04-workload-34-cjfast_json.log
4,35,1,yjson,基础对象 | decode | Person | bytes,基础对象,decode,Person,bytes,yjsonBytesDecodePerson,7.336068,3.575,3.813,raw/run-04/workload-35-yjson,logs/run-04-workload-35-yjson.log
4,35,2,stdx_json,基础对象 | decode | Person | bytes,基础对象,decode,Person,bytes,stdxBytesDecodePerson,2.643428,3.813,3.813,raw/run-04/workload-35-stdx_json,logs/run-04-workload-35-stdx_json.log
4,35,3,cjfast_json,基础对象 | decode | Person | bytes,基础对象,decode,Person,bytes,cjfastBytesDecodePerson,3.235224,3.813,3.748,raw/run-04/workload-35-cjfast_json,logs/run-04-workload-35-cjfast_json.log
4,36,1,yjson,基础对象 | decode | Address | string,基础对象,decode,Address,string,yjsonStringDecodeAddress,3.490749,3.748,3.748,raw/run-04/workload-36-yjson,logs/run-04-workload-36-yjson.log
4,36,2,stdx_json,基础对象 | decode | Address | string,基础对象,decode,Address,string,stdxStringDecodeAddress,2.237944,3.748,3.608,raw/run-04/workload-36-stdx_json,logs/run-04-workload-36-stdx_json.log
4,36,3,cjfast_json,基础对象 | decode | Address | string,基础对象,decode,Address,string,cjfastStringDecodeAddress,2.565115,3.608,3.608,raw/run-04/workload-36-cjfast_json,logs/run-04-workload-36-cjfast_json.log
5,1,1,stdx_json,基础对象 | decode | Person | bytes,基础对象,decode,Person,bytes,stdxBytesDecodePerson,3.002334,3.608,3.640,raw/run-05/workload-01-stdx_json,logs/run-05-workload-01-stdx_json.log
5,1,2,cjfast_json,基础对象 | decode | Person | bytes,基础对象,decode,Person,bytes,cjfastBytesDecodePerson,3.465848,3.640,3.588,raw/run-05/workload-01-cjfast_json,logs/run-05-workload-01-cjfast_json.log
5,1,3,yjson,基础对象 | decode | Person | bytes,基础对象,decode,Person,bytes,yjsonBytesDecodePerson,7.388653,3.588,3.541,raw/run-05/workload-01-yjson,logs/run-05-workload-01-yjson.log
5,2,1,stdx_json,基础对象 | decode | Person | string,基础对象,decode,Person,string,stdxStringDecodePerson,2.657515,3.541,3.578,raw/run-05/workload-02-stdx_json,logs/run-05-workload-02-stdx_json.log
5,2,2,cjfast_json,基础对象 | decode | Person | string,基础对象,decode,Person,string,cjfastStringDecodePerson,3.132141,3.578,3.578,raw/run-05/workload-02-cjfast_json,logs/run-05-workload-02-cjfast_json.log
5,2,3,yjson,基础对象 | decode | Person | string,基础对象,decode,Person,string,yjsonStringDecodePerson,8.458068,3.578,3.329,raw/run-05/workload-02-yjson,logs/run-05-workload-02-yjson.log
5,3,1,stdx_json,基础对象 | encode | Address | bytes,基础对象,encode,Address,bytes,stdxBytesEncodeAddress,2.042940,3.329,3.329,raw/run-05/workload-03-stdx_json,logs/run-05-workload-03-stdx_json.log
5,3,2,cjfast_json,基础对象 | encode | Address | bytes,基础对象,encode,Address,bytes,cjfastBytesEncodeAddress,2.917629,3.329,3.302,raw/run-05/workload-03-cjfast_json,logs/run-05-workload-03-cjfast_json.log
5,3,3,yjson,基础对象 | encode | Address | bytes,基础对象,encode,Address,bytes,yjsonBytesEncodeAddress,3.022619,3.302,3.278,raw/run-05/workload-03-yjson,logs/run-05-workload-03-yjson.log
5,4,1,stdx_json,基础对象 | encode | Address | string,基础对象,encode,Address,string,stdxStringEncodeAddress,2.214481,3.278,3.278,raw/run-05/workload-04-stdx_json,logs/run-05-workload-04-stdx_json.log
5,4,2,cjfast_json,基础对象 | encode | Address | string,基础对象,encode,Address,string,cjfastStringEncodeAddress,2.429901,3.278,3.496,raw/run-05/workload-04-cjfast_json,logs/run-05-workload-04-cjfast_json.log
5,4,3,yjson,基础对象 | encode | Address | string,基础对象,encode,Address,string,yjsonStringEncodeAddress,2.977904,3.496,3.496,raw/run-05/workload-04-yjson,logs/run-05-workload-04-yjson.log
5,5,1,stdx_json,基础对象 | encode | Person | bytes,基础对象,encode,Person,bytes,stdxBytesEncodePerson,2.192896,3.496,5.699,raw/run-05/workload-05-stdx_json,logs/run-05-workload-05-stdx_json.log
5,5,2,cjfast_json,基础对象 | encode | Person | bytes,基础对象,encode,Person,bytes,cjfastBytesEncodePerson,2.859485,5.699,5.699,raw/run-05/workload-05-cjfast_json,logs/run-05-workload-05-cjfast_json.log
5,5,3,yjson,基础对象 | encode | Person | bytes,基础对象,encode,Person,bytes,yjsonBytesEncodePerson,2.998887,5.699,5.402,raw/run-05/workload-05-yjson,logs/run-05-workload-05-yjson.log
5,6,1,stdx_json,基础对象 | encode | Person | string,基础对象,encode,Person,string,stdxStringEncodePerson,2.274036,5.402,5.402,raw/run-05/workload-06-stdx_json,logs/run-05-workload-06-stdx_json.log
5,6,2,cjfast_json,基础对象 | encode | Person | string,基础对象,encode,Person,string,cjfastStringEncodePerson,2.981014,5.402,5.210,raw/run-05/workload-06-cjfast_json,logs/run-05-workload-06-cjfast_json.log
5,6,3,yjson,基础对象 | encode | Person | string,基础对象,encode,Person,string,yjsonStringEncodePerson,2.901120,5.210,5.210,raw/run-05/workload-06-yjson,logs/run-05-workload-06-yjson.log
5,7,1,stdx_json,"大 Map | decode | HashMap<String, Int64>[64] | string",大 Map,decode,"HashMap<String, Int64>[64]",string,stdxStringDecodeLargeInt64Map,2.837572,5.210,4.953,raw/run-05/workload-07-stdx_json,logs/run-05-workload-07-stdx_json.log
5,7,2,cjfast_json,"大 Map | decode | HashMap<String, Int64>[64] | string",大 Map,decode,"HashMap<String, Int64>[64]",string,cjfastStringDecodeLargeInt64Map,3.697094,4.953,4.716,raw/run-05/workload-07-cjfast_json,logs/run-05-workload-07-cjfast_json.log
5,7,3,yjson,"大 Map | decode | HashMap<String, Int64>[64] | string",大 Map,decode,"HashMap<String, Int64>[64]",string,yjsonStringDecodeLargeInt64Map,3.629870,4.716,4.716,raw/run-05/workload-07-yjson,logs/run-05-workload-07-yjson.log
5,8,1,stdx_json,"大 Map | encode | HashMap<String, Int64>[64] | string",大 Map,encode,"HashMap<String, Int64>[64]",string,stdxStringEncodeLargeInt64Map,2.276608,4.716,4.498,raw/run-05/workload-08-stdx_json,logs/run-05-workload-08-stdx_json.log
5,8,2,cjfast_json,"大 Map | encode | HashMap<String, Int64>[64] | string",大 Map,encode,"HashMap<String, Int64>[64]",string,cjfastStringEncodeLargeInt64Map,3.702178,4.498,4.859,raw/run-05/workload-08-cjfast_json,logs/run-05-workload-08-cjfast_json.log
5,8,3,yjson,"大 Map | encode | HashMap<String, Int64>[64] | string",大 Map,encode,"HashMap<String, Int64>[64]",string,yjsonStringEncodeLargeInt64Map,3.489314,4.859,4.859,raw/run-05/workload-08-yjson,logs/run-05-workload-08-yjson.log
5,9,1,stdx_json,大数组 | decode | ArrayList<ProfileRecord>[64] | string,大数组,decode,ArrayList<ProfileRecord>[64],string,stdxStringDecodeLargeProfileArray,2.539435,4.859,4.710,raw/run-05/workload-09-stdx_json,logs/run-05-workload-09-stdx_json.log
5,9,2,cjfast_json,大数组 | decode | ArrayList<ProfileRecord>[64] | string,大数组,decode,ArrayList<ProfileRecord>[64],string,cjfastStringDecodeLargeProfileArray,2.434829,4.710,4.710,raw/run-05/workload-09-cjfast_json,logs/run-05-workload-09-cjfast_json.log
5,9,3,yjson,大数组 | decode | ArrayList<ProfileRecord>[64] | string,大数组,decode,ArrayList<ProfileRecord>[64],string,yjsonStringDecodeLargeProfileArray,5.923429,4.710,4.493,raw/run-05/workload-09-yjson,logs/run-05-workload-09-yjson.log
5,10,1,stdx_json,大数组 | encode | ArrayList<ProfileRecord>[64] | string,大数组,encode,ArrayList<ProfileRecord>[64],string,stdxStringEncodeLargeProfileArray,2.452274,4.493,4.373,raw/run-05/workload-10-stdx_json,logs/run-05-workload-10-stdx_json.log
5,10,2,cjfast_json,大数组 | encode | ArrayList<ProfileRecord>[64] | string,大数组,encode,ArrayList<ProfileRecord>[64],string,cjfastStringEncodeLargeProfileArray,2.708947,4.373,4.373,raw/run-05/workload-10-cjfast_json,logs/run-05-workload-10-cjfast_json.log
5,10,3,yjson,大数组 | encode | ArrayList<ProfileRecord>[64] | string,大数组,encode,ArrayList<ProfileRecord>[64],string,yjsonStringEncodeLargeProfileArray,2.976428,4.373,4.183,raw/run-05/workload-10-yjson,logs/run-05-workload-10-yjson.log
5,11,1,stdx_json,字段顺序 | decode | Person | string,字段顺序,decode,Person,string,stdxStringDecodeUnorderedPerson,2.810378,4.183,4.409,raw/run-05/workload-11-stdx_json,logs/run-05-workload-11-stdx_json.log
5,11,2,cjfast_json,字段顺序 | decode | Person | string,字段顺序,decode,Person,string,cjfastStringDecodeUnorderedPerson,3.437916,4.409,4.409,raw/run-05/workload-11-cjfast_json,logs/run-05-workload-11-cjfast_json.log
5,11,3,yjson,字段顺序 | decode | Person | string,字段顺序,decode,Person,string,yjsonStringDecodeUnorderedPerson,5.819015,4.409,4.375,raw/run-05/workload-11-yjson,logs/run-05-workload-11-yjson.log
5,12,1,stdx_json,嵌套对象 | decode | ProfileBundle | bytes,嵌套对象,decode,ProfileBundle,bytes,stdxBytesDecodeProfileBundle,2.461552,4.375,4.506,raw/run-05/workload-12-stdx_json,logs/run-05-workload-12-stdx_json.log
5,12,2,cjfast_json,嵌套对象 | decode | ProfileBundle | bytes,嵌套对象,decode,ProfileBundle,bytes,cjfastBytesDecodeProfileBundle,3.311911,4.506,4.706,raw/run-05/workload-12-cjfast_json,logs/run-05-workload-12-cjfast_json.log
5,12,3,yjson,嵌套对象 | decode | ProfileBundle | bytes,嵌套对象,decode,ProfileBundle,bytes,yjsonBytesDecodeProfileBundle,3.488918,4.706,4.706,raw/run-05/workload-12-yjson,logs/run-05-workload-12-yjson.log
5,13,1,stdx_json,嵌套对象 | decode | ProfileBundle | string,嵌套对象,decode,ProfileBundle,string,stdxStringDecodeProfileBundle,2.409526,4.706,4.569,raw/run-05/workload-13-stdx_json,logs/run-05-workload-13-stdx_json.log
5,13,2,cjfast_json,嵌套对象 | decode | ProfileBundle | string,嵌套对象,decode,ProfileBundle,string,cjfastStringDecodeProfileBundle,3.298160,4.569,4.569,raw/run-05/workload-13-cjfast_json,logs/run-05-workload-13-cjfast_json.log
5,13,3,yjson,嵌套对象 | decode | ProfileBundle | string,嵌套对象,decode,ProfileBundle,string,yjsonStringDecodeProfileBundle,3.448129,4.569,4.604,raw/run-05/workload-13-yjson,logs/run-05-workload-13-yjson.log
5,14,1,stdx_json,嵌套对象 | encode | ProfileBundle | bytes,嵌套对象,encode,ProfileBundle,bytes,stdxBytesEncodeProfileBundle,2.077893,4.604,4.796,raw/run-05/workload-14-stdx_json,logs/run-05-workload-14-stdx_json.log
5,14,2,cjfast_json,嵌套对象 | encode | ProfileBundle | bytes,嵌套对象,encode,ProfileBundle,bytes,cjfastBytesEncodeProfileBundle,3.043916,4.796,4.796,raw/run-05/workload-14-cjfast_json,logs/run-05-workload-14-cjfast_json.log
5,14,3,yjson,嵌套对象 | encode | ProfileBundle | bytes,嵌套对象,encode,ProfileBundle,bytes,yjsonBytesEncodeProfileBundle,3.453720,4.796,5.133,raw/run-05/workload-14-yjson,logs/run-05-workload-14-yjson.log
5,15,1,stdx_json,嵌套对象 | encode | ProfileBundle | string,嵌套对象,encode,ProfileBundle,string,stdxStringEncodeProfileBundle,2.149639,5.133,5.133,raw/run-05/workload-15-stdx_json,logs/run-05-workload-15-stdx_json.log
5,15,2,cjfast_json,嵌套对象 | encode | ProfileBundle | string,嵌套对象,encode,ProfileBundle,string,cjfastStringEncodeProfileBundle,3.142571,5.133,5.283,raw/run-05/workload-15-cjfast_json,logs/run-05-workload-15-cjfast_json.log
5,15,3,yjson,嵌套对象 | encode | ProfileBundle | string,嵌套对象,encode,ProfileBundle,string,yjsonStringEncodeProfileBundle,3.495944,5.283,6.061,raw/run-05/workload-15-yjson,logs/run-05-workload-15-yjson.log
5,16,1,stdx_json,数值边界 | decode | UInt64Envelope | bytes,数值边界,decode,UInt64Envelope,bytes,stdxBytesDecodeUInt64Envelope,2.650993,6.061,6.061,raw/run-05/workload-16-stdx_json,logs/run-05-workload-16-stdx_json.log
5,16,2,cjfast_json,数值边界 | decode | UInt64Envelope | bytes,数值边界,decode,UInt64Envelope,bytes,cjfastBytesDecodeUInt64Envelope,3.402930,6.061,6.056,raw/run-05/workload-16-cjfast_json,logs/run-05-workload-16-cjfast_json.log
5,16,3,yjson,数值边界 | decode | UInt64Envelope | bytes,数值边界,decode,UInt64Envelope,bytes,yjsonBytesDecodeUInt64Envelope,3.758491,6.056,6.532,raw/run-05/workload-16-yjson,logs/run-05-workload-16-yjson.log
5,17,1,stdx_json,数值边界 | decode | UInt64Envelope | string,数值边界,decode,UInt64Envelope,string,stdxStringDecodeUInt64Envelope,2.526876,6.532,6.532,raw/run-05/workload-17-stdx_json,logs/run-05-workload-17-stdx_json.log
5,17,2,cjfast_json,数值边界 | decode | UInt64Envelope | string,数值边界,decode,UInt64Envelope,string,cjfastStringDecodeUInt64Envelope,3.152909,6.532,6.329,raw/run-05/workload-17-cjfast_json,logs/run-05-workload-17-cjfast_json.log
5,17,3,yjson,数值边界 | decode | UInt64Envelope | string,数值边界,decode,UInt64Envelope,string,yjsonStringDecodeUInt64Envelope,3.524313,6.329,6.329,raw/run-05/workload-17-yjson,logs/run-05-workload-17-yjson.log
5,18,1,stdx_json,数值边界 | encode | UInt64Envelope | bytes,数值边界,encode,UInt64Envelope,bytes,stdxBytesEncodeUInt64Envelope,2.201252,6.329,6.302,raw/run-05/workload-18-stdx_json,logs/run-05-workload-18-stdx_json.log
5,18,2,cjfast_json,数值边界 | encode | UInt64Envelope | bytes,数值边界,encode,UInt64Envelope,bytes,cjfastBytesEncodeUInt64Envelope,2.851837,6.302,6.302,raw/run-05/workload-18-cjfast_json,logs/run-05-workload-18-cjfast_json.log
5,18,3,yjson,数值边界 | encode | UInt64Envelope | bytes,数值边界,encode,UInt64Envelope,bytes,yjsonBytesEncodeUInt64Envelope,3.211836,6.302,6.278,raw/run-05/workload-18-yjson,logs/run-05-workload-18-yjson.log
5,19,1,stdx_json,数值边界 | encode | UInt64Envelope | string,数值边界,encode,UInt64Envelope,string,stdxStringEncodeUInt64Envelope,2.150955,6.278,6.656,raw/run-05/workload-19-stdx_json,logs/run-05-workload-19-stdx_json.log
5,19,2,cjfast_json,数值边界 | encode | UInt64Envelope | string,数值边界,encode,UInt64Envelope,string,cjfastStringEncodeUInt64Envelope,2.898839,6.656,6.656,raw/run-05/workload-19-cjfast_json,logs/run-05-workload-19-cjfast_json.log
5,19,3,yjson,数值边界 | encode | UInt64Envelope | string,数值边界,encode,UInt64Envelope,string,yjsonStringEncodeUInt64Envelope,3.226547,6.656,6.443,raw/run-05/workload-19-yjson,logs/run-05-workload-19-yjson.log
5,20,1,stdx_json,时间/大数 | decode | TemporalStats | bytes,时间/大数,decode,TemporalStats,bytes,stdxBytesDecodeTemporalStats,2.843968,6.443,6.443,raw/run-05/workload-20-stdx_json,logs/run-05-workload-20-stdx_json.log
5,20,2,cjfast_json,时间/大数 | decode | TemporalStats | bytes,时间/大数,decode,TemporalStats,bytes,cjfastBytesDecodeTemporalStats,3.245581,6.443,6.248,raw/run-05/workload-20-cjfast_json,logs/run-05-workload-20-cjfast_json.log
5,20,3,yjson,时间/大数 | decode | TemporalStats | bytes,时间/大数,decode,TemporalStats,bytes,yjsonBytesDecodeTemporalStats,3.382957,6.248,6.067,raw/run-05/workload-20-yjson,logs/run-05-workload-20-yjson.log
5,21,1,stdx_json,时间/大数 | decode | TemporalStats | string,时间/大数,decode,TemporalStats,string,stdxStringDecodeTemporalStats,2.735182,6.067,6.067,raw/run-05/workload-21-stdx_json,logs/run-05-workload-21-stdx_json.log
5,21,2,cjfast_json,时间/大数 | decode | TemporalStats | string,时间/大数,decode,TemporalStats,string,cjfastStringDecodeTemporalStats,3.489606,6.067,5.901,raw/run-05/workload-21-cjfast_json,logs/run-05-workload-21-cjfast_json.log
5,21,3,yjson,时间/大数 | decode | TemporalStats | string,时间/大数,decode,TemporalStats,string,yjsonStringDecodeTemporalStats,3.280025,5.901,6.470,raw/run-05/workload-21-yjson,logs/run-05-workload-21-yjson.log
5,22,1,stdx_json,时间/大数 | encode | TemporalStats | bytes,时间/大数,encode,TemporalStats,bytes,stdxBytesEncodeTemporalStats,2.351387,6.470,6.470,raw/run-05/workload-22-stdx_json,logs/run-05-workload-22-stdx_json.log
5,22,2,cjfast_json,时间/大数 | encode | TemporalStats | bytes,时间/大数,encode,TemporalStats,bytes,cjfastBytesEncodeTemporalStats,3.334532,6.470,6.593,raw/run-05/workload-22-cjfast_json,logs/run-05-workload-22-cjfast_json.log
5,22,3,yjson,时间/大数 | encode | TemporalStats | bytes,时间/大数,encode,TemporalStats,bytes,yjsonBytesEncodeTemporalStats,3.264409,6.593,6.593,raw/run-05/workload-22-yjson,logs/run-05-workload-22-yjson.log
5,23,1,stdx_json,时间/大数 | encode | TemporalStats | string,时间/大数,encode,TemporalStats,string,stdxStringEncodeTemporalStats,2.096822,6.593,6.385,raw/run-05/workload-23-stdx_json,logs/run-05-workload-23-stdx_json.log
5,23,2,cjfast_json,时间/大数 | encode | TemporalStats | string,时间/大数,encode,TemporalStats,string,cjfastStringEncodeTemporalStats,2.950921,6.385,6.385,raw/run-05/workload-23-cjfast_json,logs/run-05-workload-23-cjfast_json.log
5,23,3,yjson,时间/大数 | encode | TemporalStats | string,时间/大数,encode,TemporalStats,string,yjsonStringEncodeTemporalStats,3.243516,6.385,6.193,raw/run-05/workload-23-yjson,logs/run-05-workload-23-yjson.log
5,24,1,stdx_json,未知字段 | decode | Person | string,未知字段,decode,Person,string,stdxStringDecodeUnknownPerson,2.683776,6.193,6.659,raw/run-05/workload-24-stdx_json,logs/run-05-workload-24-stdx_json.log
5,24,2,cjfast_json,未知字段 | decode | Person | string,未知字段,decode,Person,string,cjfastStringDecodeUnknownPerson,3.216747,6.659,6.659,raw/run-05/workload-24-cjfast_json,logs/run-05-workload-24-cjfast_json.log
5,24,3,yjson,未知字段 | decode | Person | string,未知字段,decode,Person,string,yjsonStringDecodeUnknownPerson,6.802918,6.659,6.810,raw/run-05/workload-24-yjson,logs/run-05-workload-24-yjson.log
5,25,1,stdx_json,流式 I/O | decode | Person | stream,流式 I/O,decode,Person,stream,stdxStreamDecodePerson,2.937331,6.810,6.810,raw/run-05/workload-25-stdx_json,logs/run-05-workload-25-stdx_json.log
5,25,2,cjfast_json,流式 I/O | decode | Person | stream,流式 I/O,decode,Person,stream,cjfastStreamDecodePerson,3.239903,6.810,6.665,raw/run-05/workload-25-cjfast_json,logs/run-05-workload-25-cjfast_json.log
5,25,3,yjson,流式 I/O | decode | Person | stream,流式 I/O,decode,Person,stream,yjsonStreamDecodePerson,3.341979,6.665,6.665,raw/run-05/workload-25-yjson,logs/run-05-workload-25-yjson.log
5,26,1,stdx_json,流式 I/O | encode | Person | stream,流式 I/O,encode,Person,stream,stdxStreamEncodePerson,2.143971,6.665,6.772,raw/run-05/workload-26-stdx_json,logs/run-05-workload-26-stdx_json.log
5,26,2,cjfast_json,流式 I/O | encode | Person | stream,流式 I/O,encode,Person,stream,cjfastStreamEncodePerson,2.781365,6.772,6.772,raw/run-05/workload-26-cjfast_json,logs/run-05-workload-26-cjfast_json.log
5,26,3,yjson,流式 I/O | encode | Person | stream,流式 I/O,encode,Person,stream,yjsonStreamEncodePerson,2.718439,6.772,6.470,raw/run-05/workload-26-yjson,logs/run-05-workload-26-yjson.log
5,27,1,stdx_json,"深层嵌套 | decode | ArrayList<HashMap<String, ArrayList<ProfileRecord>>> | string",深层嵌套,decode,"ArrayList<HashMap<String, ArrayList<ProfileRecord>>>",string,stdxStringDecodeDeepNestedProfiles,2.485171,6.470,6.470,raw/run-05/workload-27-stdx_json,logs/run-05-workload-27-stdx_json.log
5,27,2,cjfast_json,"深层嵌套 | decode | ArrayList<HashMap<String, ArrayList<ProfileRecord>>> | string",深层嵌套,decode,"ArrayList<HashMap<String, ArrayList<ProfileRecord>>>",string,cjfastStringDecodeDeepNestedProfiles,3.229931,6.470,6.352,raw/run-05/workload-27-cjfast_json,logs/run-05-workload-27-cjfast_json.log
5,27,3,yjson,"深层嵌套 | decode | ArrayList<HashMap<String, ArrayList<ProfileRecord>>> | string",深层嵌套,decode,"ArrayList<HashMap<String, ArrayList<ProfileRecord>>>",string,yjsonStringDecodeDeepNestedProfiles,3.538834,6.352,6.083,raw/run-05/workload-27-yjson,logs/run-05-workload-27-yjson.log
5,28,1,stdx_json,"深层嵌套 | encode | ArrayList<HashMap<String, ArrayList<ProfileRecord>>> | string",深层嵌套,encode,"ArrayList<HashMap<String, ArrayList<ProfileRecord>>>",string,stdxStringEncodeDeepNestedProfiles,2.378515,6.083,6.083,raw/run-05/workload-28-stdx_json,logs/run-05-workload-28-stdx_json.log
5,28,2,cjfast_json,"深层嵌套 | encode | ArrayList<HashMap<String, ArrayList<ProfileRecord>>> | string",深层嵌套,encode,"ArrayList<HashMap<String, ArrayList<ProfileRecord>>>",string,cjfastStringEncodeDeepNestedProfiles,2.789658,6.083,5.756,raw/run-05/workload-28-cjfast_json,logs/run-05-workload-28-cjfast_json.log
5,28,3,yjson,"深层嵌套 | encode | ArrayList<HashMap<String, ArrayList<ProfileRecord>>> | string",深层嵌套,encode,"ArrayList<HashMap<String, ArrayList<ProfileRecord>>>",string,yjsonStringEncodeDeepNestedProfiles,3.288760,5.756,5.756,raw/run-05/workload-28-yjson,logs/run-05-workload-28-yjson.log
5,29,1,stdx_json,转义/Unicode | decode | String | bytes,转义/Unicode,decode,String,bytes,stdxBytesDecodeEscapedUnicodeString,2.338470,5.756,5.375,raw/run-05/workload-29-stdx_json,logs/run-05-workload-29-stdx_json.log
5,29,2,cjfast_json,转义/Unicode | decode | String | bytes,转义/Unicode,decode,String,bytes,cjfastBytesDecodeEscapedUnicodeString,2.926649,5.375,5.666,raw/run-05/workload-29-cjfast_json,logs/run-05-workload-29-cjfast_json.log
5,29,3,yjson,转义/Unicode | decode | String | bytes,转义/Unicode,decode,String,bytes,yjsonBytesDecodeEscapedUnicodeString,3.744810,5.666,5.666,raw/run-05/workload-29-yjson,logs/run-05-workload-29-yjson.log
5,30,1,stdx_json,转义/Unicode | decode | String | string,转义/Unicode,decode,String,string,stdxStringDecodeEscapedUnicodeString,2.427661,5.666,5.372,raw/run-05/workload-30-stdx_json,logs/run-05-workload-30-stdx_json.log
5,30,2,cjfast_json,转义/Unicode | decode | String | string,转义/Unicode,decode,String,string,cjfastStringDecodeEscapedUnicodeString,2.844042,5.372,5.372,raw/run-05/workload-30-cjfast_json,logs/run-05-workload-30-cjfast_json.log
5,30,3,yjson,转义/Unicode | decode | String | string,转义/Unicode,decode,String,string,yjsonStringDecodeEscapedUnicodeString,3.720482,5.372,5.102,raw/run-05/workload-30-yjson,logs/run-05-workload-30-yjson.log
5,31,1,stdx_json,转义/Unicode | encode | String | bytes,转义/Unicode,encode,String,bytes,stdxBytesEncodeEscapedUnicodeString,2.247918,5.102,5.414,raw/run-05/workload-31-stdx_json,logs/run-05-workload-31-stdx_json.log
5,31,2,cjfast_json,转义/Unicode | encode | String | bytes,转义/Unicode,encode,String,bytes,cjfastBytesEncodeEscapedUnicodeString,2.454594,5.414,5.414,raw/run-05/workload-31-cjfast_json,logs/run-05-workload-31-cjfast_json.log
5,31,3,yjson,转义/Unicode | encode | String | bytes,转义/Unicode,encode,String,bytes,yjsonBytesEncodeEscapedUnicodeString,2.911360,5.414,5.782,raw/run-05/workload-31-yjson,logs/run-05-workload-31-yjson.log
5,32,1,stdx_json,转义/Unicode | encode | String | string,转义/Unicode,encode,String,string,stdxStringEncodeEscapedUnicodeString,2.131687,5.782,5.782,raw/run-05/workload-32-stdx_json,logs/run-05-workload-32-stdx_json.log
5,32,2,cjfast_json,转义/Unicode | encode | String | string,转义/Unicode,encode,String,string,cjfastStringEncodeEscapedUnicodeString,2.322140,5.782,5.879,raw/run-05/workload-32-cjfast_json,logs/run-05-workload-32-cjfast_json.log
5,32,3,yjson,转义/Unicode | encode | String | string,转义/Unicode,encode,String,string,yjsonStringEncodeEscapedUnicodeString,2.776542,5.879,5.879,raw/run-05/workload-32-yjson,logs/run-05-workload-32-yjson.log
5,33,1,stdx_json,Pretty JSON | decode | Person | string,Pretty JSON,decode,Person,string,stdxStringDecodePrettyPerson,2.582483,5.879,6.049,raw/run-05/workload-33-stdx_json,logs/run-05-workload-33-stdx_json.log
5,33,2,cjfast_json,Pretty JSON | decode | Person | string,Pretty JSON,decode,Person,string,cjfastStringDecodePrettyPerson,3.370004,6.049,6.049,raw/run-05/workload-33-cjfast_json,logs/run-05-workload-33-cjfast_json.log
5,33,3,yjson,Pretty JSON | decode | Person | string,Pretty JSON,decode,Person,string,yjsonStringDecodePrettyPerson,4.748245,6.049,5.805,raw/run-05/workload-33-yjson,logs/run-05-workload-33-yjson.log
5,34,1,stdx_json,Pretty JSON | encode | Person | string,Pretty JSON,encode,Person,string,stdxStringEncodePrettyPerson,2.017205,5.805,5.500,raw/run-05/workload-34-stdx_json,logs/run-05-workload-34-stdx_json.log
5,34,2,cjfast_json,Pretty JSON | encode | Person | string,Pretty JSON,encode,Person,string,cjfastStringEncodePrettyPerson,2.898883,5.500,5.500,raw/run-05/workload-34-cjfast_json,logs/run-05-workload-34-cjfast_json.log
5,34,3,yjson,Pretty JSON | encode | Person | string,Pretty JSON,encode,Person,string,yjsonStringEncodePrettyPerson,3.044435,5.500,5.220,raw/run-05/workload-34-yjson,logs/run-05-workload-34-yjson.log
5,35,1,stdx_json,基础对象 | decode | Address | bytes,基础对象,decode,Address,bytes,stdxBytesDecodeAddress,2.315013,5.220,5.220,raw/run-05/workload-35-stdx_json,logs/run-05-workload-35-stdx_json.log
5,35,2,cjfast_json,基础对象 | decode | Address | bytes,基础对象,decode,Address,bytes,cjfastBytesDecodeAddress,2.568652,5.220,4.961,raw/run-05/workload-35-cjfast_json,logs/run-05-workload-35-cjfast_json.log
5,35,3,yjson,基础对象 | decode | Address | bytes,基础对象,decode,Address,bytes,yjsonBytesDecodeAddress,3.269508,4.961,4.961,raw/run-05/workload-35-yjson,logs/run-05-workload-35-yjson.log
5,36,1,stdx_json,基础对象 | decode | Address | string,基础对象,decode,Address,string,stdxStringDecodeAddress,2.312648,4.961,4.724,raw/run-05/workload-36-stdx_json,logs/run-05-workload-36-stdx_json.log
5,36,2,cjfast_json,基础对象 | decode | Address | string,基础对象,decode,Address,string,cjfastStringDecodeAddress,2.541775,4.724,4.724,raw/run-05/workload-36-cjfast_json,logs/run-05-workload-36-cjfast_json.log
5,36,3,yjson,基础对象 | decode | Address | string,基础对象,decode,Address,string,yjsonStringDecodeAddress,3.509110,4.724,4.506,raw/run-05/workload-36-yjson,logs/run-05-workload-36-yjson.log
6,1,1,cjfast_json,基础对象 | decode | Person | bytes,基础对象,decode,Person,bytes,cjfastBytesDecodePerson,3.454449,4.506,4.385,raw/run-06/workload-01-cjfast_json,logs/run-06-workload-01-cjfast_json.log
6,1,2,yjson,基础对象 | decode | Person | bytes,基础对象,decode,Person,bytes,yjsonBytesDecodePerson,7.073569,4.385,4.194,raw/run-06/workload-01-yjson,logs/run-06-workload-01-yjson.log
6,1,3,stdx_json,基础对象 | decode | Person | bytes,基础对象,decode,Person,bytes,stdxBytesDecodePerson,2.689532,4.194,4.018,raw/run-06/workload-01-stdx_json,logs/run-06-workload-01-stdx_json.log
6,2,1,cjfast_json,基础对象 | decode | Address | string,基础对象,decode,Address,string,cjfastStringDecodeAddress,2.676456,4.018,4.018,raw/run-06/workload-02-cjfast_json,logs/run-06-workload-02-cjfast_json.log
6,2,2,yjson,基础对象 | decode | Address | string,基础对象,decode,Address,string,yjsonStringDecodeAddress,3.391837,4.018,3.856,raw/run-06/workload-02-yjson,logs/run-06-workload-02-yjson.log
6,2,3,stdx_json,基础对象 | decode | Address | string,基础对象,decode,Address,string,stdxStringDecodeAddress,2.432106,3.856,3.856,raw/run-06/workload-02-stdx_json,logs/run-06-workload-02-stdx_json.log
6,3,1,cjfast_json,基础对象 | decode | Address | bytes,基础对象,decode,Address,bytes,cjfastBytesDecodeAddress,2.637107,3.856,3.868,raw/run-06/workload-03-cjfast_json,logs/run-06-workload-03-cjfast_json.log
6,3,2,yjson,基础对象 | decode | Address | bytes,基础对象,decode,Address,bytes,yjsonBytesDecodeAddress,3.364057,3.868,3.798,raw/run-06/workload-03-yjson,logs/run-06-workload-03-yjson.log
6,3,3,stdx_json,基础对象 | decode | Address | bytes,基础对象,decode,Address,bytes,stdxBytesDecodeAddress,2.325073,3.798,3.798,raw/run-06/workload-03-stdx_json,logs/run-06-workload-03-stdx_json.log
6,4,1,cjfast_json,Pretty JSON | encode | Person | string,Pretty JSON,encode,Person,string,cjfastStringEncodePrettyPerson,2.940069,3.798,3.654,raw/run-06/workload-04-cjfast_json,logs/run-06-workload-04-cjfast_json.log
6,4,2,yjson,Pretty JSON | encode | Person | string,Pretty JSON,encode,Person,string,yjsonStringEncodePrettyPerson,3.097095,3.654,3.654,raw/run-06/workload-04-yjson,logs/run-06-workload-04-yjson.log
6,4,3,stdx_json,Pretty JSON | encode | Person | string,Pretty JSON,encode,Person,string,stdxStringEncodePrettyPerson,2.029197,3.654,3.521,raw/run-06/workload-04-stdx_json,logs/run-06-workload-04-stdx_json.log
6,5,1,cjfast_json,Pretty JSON | decode | Person | string,Pretty JSON,decode,Person,string,cjfastStringDecodePrettyPerson,3.258528,3.521,3.521,raw/run-06/workload-05-cjfast_json,logs/run-06-workload-05-cjfast_json.log
6,5,2,yjson,Pretty JSON | decode | Person | string,Pretty JSON,decode,Person,string,yjsonStringDecodePrettyPerson,6.100591,3.521,3.207,raw/run-06/workload-05-yjson,logs/run-06-workload-05-yjson.log
6,5,3,stdx_json,Pretty JSON | decode | Person | string,Pretty JSON,decode,Person,string,stdxStringDecodePrettyPerson,2.580142,3.207,3.207,raw/run-06/workload-05-stdx_json,logs/run-06-workload-05-stdx_json.log
6,6,1,cjfast_json,转义/Unicode | encode | String | string,转义/Unicode,encode,String,string,cjfastStringEncodeEscapedUnicodeString,2.726337,3.207,3.591,raw/run-06/workload-06-cjfast_json,logs/run-06-workload-06-cjfast_json.log
6,6,2,yjson,转义/Unicode | encode | String | string,转义/Unicode,encode,String,string,yjsonStringEncodeEscapedUnicodeString,2.830431,3.591,3.591,raw/run-06/workload-06-yjson,logs/run-06-workload-06-yjson.log
6,6,3,stdx_json,转义/Unicode | encode | String | string,转义/Unicode,encode,String,string,stdxStringEncodeEscapedUnicodeString,2.184147,3.591,3.464,raw/run-06/workload-06-stdx_json,logs/run-06-workload-06-stdx_json.log
6,7,1,cjfast_json,转义/Unicode | encode | String | bytes,转义/Unicode,encode,String,bytes,cjfastBytesEncodeEscapedUnicodeString,2.633522,3.464,3.464,raw/run-06/workload-07-cjfast_json,logs/run-06-workload-07-cjfast_json.log
6,7,2,yjson,转义/Unicode | encode | String | bytes,转义/Unicode,encode,String,bytes,yjsonBytesEncodeEscapedUnicodeString,2.799109,3.464,3.346,raw/run-06/workload-07-yjson,logs/run-06-workload-07-yjson.log
6,7,3,stdx_json,转义/Unicode | encode | String | bytes,转义/Unicode,encode,String,bytes,stdxBytesEncodeEscapedUnicodeString,2.484685,3.346,3.346,raw/run-06/workload-07-stdx_json,logs/run-06-workload-07-stdx_json.log
6,8,1,cjfast_json,转义/Unicode | decode | String | string,转义/Unicode,decode,String,string,cjfastStringDecodeEscapedUnicodeString,2.683419,3.346,3.318,raw/run-06/workload-08-cjfast_json,logs/run-06-workload-08-cjfast_json.log
6,8,2,yjson,转义/Unicode | decode | String | string,转义/Unicode,decode,String,string,yjsonStringDecodeEscapedUnicodeString,3.913534,3.318,3.773,raw/run-06/workload-08-yjson,logs/run-06-workload-08-yjson.log
6,8,3,stdx_json,转义/Unicode | decode | String | string,转义/Unicode,decode,String,string,stdxStringDecodeEscapedUnicodeString,2.401120,3.773,3.773,raw/run-06/workload-08-stdx_json,logs/run-06-workload-08-stdx_json.log
6,9,1,cjfast_json,转义/Unicode | decode | String | bytes,转义/Unicode,decode,String,bytes,cjfastBytesDecodeEscapedUnicodeString,2.535082,3.773,4.192,raw/run-06/workload-09-cjfast_json,logs/run-06-workload-09-cjfast_json.log
6,9,2,yjson,转义/Unicode | decode | String | bytes,转义/Unicode,decode,String,bytes,yjsonBytesDecodeEscapedUnicodeString,3.768876,4.192,4.192,raw/run-06/workload-09-yjson,logs/run-06-workload-09-yjson.log
6,9,3,stdx_json,转义/Unicode | decode | String | bytes,转义/Unicode,decode,String,bytes,stdxBytesDecodeEscapedUnicodeString,2.416368,4.192,4.097,raw/run-06/workload-09-stdx_json,logs/run-06-workload-09-stdx_json.log
6,10,1,cjfast_json,"深层嵌套 | encode | ArrayList<HashMap<String, ArrayList<ProfileRecord>>> | string",深层嵌套,encode,"ArrayList<HashMap<String, ArrayList<ProfileRecord>>>",string,cjfastStringEncodeDeepNestedProfiles,2.854650,4.097,4.097,raw/run-06/workload-10-cjfast_json,logs/run-06-workload-10-cjfast_json.log
6,10,2,yjson,"深层嵌套 | encode | ArrayList<HashMap<String, ArrayList<ProfileRecord>>> | string",深层嵌套,encode,"ArrayList<HashMap<String, ArrayList<ProfileRecord>>>",string,yjsonStringEncodeDeepNestedProfiles,3.158816,4.097,3.929,raw/run-06/workload-10-yjson,logs/run-06-workload-10-yjson.log
6,10,3,stdx_json,"深层嵌套 | encode | ArrayList<HashMap<String, ArrayList<ProfileRecord>>> | string",深层嵌套,encode,"ArrayList<HashMap<String, ArrayList<ProfileRecord>>>",string,stdxStringEncodeDeepNestedProfiles,2.432253,3.929,3.929,raw/run-06/workload-10-stdx_json,logs/run-06-workload-10-stdx_json.log
6,11,1,cjfast_json,"深层嵌套 | decode | ArrayList<HashMap<String, ArrayList<ProfileRecord>>> | string",深层嵌套,decode,"ArrayList<HashMap<String, ArrayList<ProfileRecord>>>",string,cjfastStringDecodeDeepNestedProfiles,2.963152,3.929,3.774,raw/run-06/workload-11-cjfast_json,logs/run-06-workload-11-cjfast_json.log
6,11,2,yjson,"深层嵌套 | decode | ArrayList<HashMap<String, ArrayList<ProfileRecord>>> | string",深层嵌套,decode,"ArrayList<HashMap<String, ArrayList<ProfileRecord>>>",string,yjsonStringDecodeDeepNestedProfiles,4.053303,3.774,3.632,raw/run-06/workload-11-yjson,logs/run-06-workload-11-yjson.log
6,11,3,stdx_json,"深层嵌套 | decode | ArrayList<HashMap<String, ArrayList<ProfileRecord>>> | string",深层嵌套,decode,"ArrayList<HashMap<String, ArrayList<ProfileRecord>>>",string,stdxStringDecodeDeepNestedProfiles,2.567933,3.632,3.632,raw/run-06/workload-11-stdx_json,logs/run-06-workload-11-stdx_json.log
6,12,1,cjfast_json,流式 I/O | encode | Person | stream,流式 I/O,encode,Person,stream,cjfastStreamEncodePerson,2.787525,3.632,3.421,raw/run-06/workload-12-cjfast_json,logs/run-06-workload-12-cjfast_json.log
6,12,2,yjson,流式 I/O | encode | Person | stream,流式 I/O,encode,Person,stream,yjsonStreamEncodePerson,2.764700,3.421,3.421,raw/run-06/workload-12-yjson,logs/run-06-workload-12-yjson.log
6,12,3,stdx_json,流式 I/O | encode | Person | stream,流式 I/O,encode,Person,stream,stdxStreamEncodePerson,2.266851,3.421,3.227,raw/run-06/workload-12-stdx_json,logs/run-06-workload-12-stdx_json.log
6,13,1,cjfast_json,流式 I/O | decode | Person | stream,流式 I/O,decode,Person,stream,cjfastStreamDecodePerson,3.238126,3.227,3.609,raw/run-06/workload-13-cjfast_json,logs/run-06-workload-13-cjfast_json.log
6,13,2,yjson,流式 I/O | decode | Person | stream,流式 I/O,decode,Person,stream,yjsonStreamDecodePerson,3.234632,3.609,3.609,raw/run-06/workload-13-yjson,logs/run-06-workload-13-yjson.log
6,13,3,stdx_json,流式 I/O | decode | Person | stream,流式 I/O,decode,Person,stream,stdxStreamDecodePerson,2.639386,3.609,3.480,raw/run-06/workload-13-stdx_json,logs/run-06-workload-13-stdx_json.log
6,14,1,cjfast_json,未知字段 | decode | Person | string,未知字段,decode,Person,string,cjfastStringDecodeUnknownPerson,3.511256,3.480,3.480,raw/run-06/workload-14-cjfast_json,logs/run-06-workload-14-cjfast_json.log
6,14,2,yjson,未知字段 | decode | Person | string,未知字段,decode,Person,string,yjsonStringDecodeUnknownPerson,5.587804,3.480,3.739,raw/run-06/workload-14-yjson,logs/run-06-workload-14-yjson.log
6,14,3,stdx_json,未知字段 | decode | Person | string,未知字段,decode,Person,string,stdxStringDecodeUnknownPerson,2.723172,3.739,3.739,raw/run-06/workload-14-stdx_json,logs/run-06-workload-14-stdx_json.log
6,15,1,cjfast_json,时间/大数 | encode | TemporalStats | string,时间/大数,encode,TemporalStats,string,cjfastStringEncodeTemporalStats,2.951532,3.739,3.600,raw/run-06/workload-15-cjfast_json,logs/run-06-workload-15-cjfast_json.log
6,15,2,yjson,时间/大数 | encode | TemporalStats | string,时间/大数,encode,TemporalStats,string,yjsonStringEncodeTemporalStats,3.252214,3.600,3.600,raw/run-06/workload-15-yjson,logs/run-06-workload-15-yjson.log
6,15,3,stdx_json,时间/大数 | encode | TemporalStats | string,时间/大数,encode,TemporalStats,string,stdxStringEncodeTemporalStats,2.061312,3.600,3.471,raw/run-06/workload-15-stdx_json,logs/run-06-workload-15-stdx_json.log
6,16,1,cjfast_json,时间/大数 | encode | TemporalStats | bytes,时间/大数,encode,TemporalStats,bytes,cjfastBytesEncodeTemporalStats,3.027576,3.471,3.471,raw/run-06/workload-16-cjfast_json,logs/run-06-workload-16-cjfast_json.log
6,16,2,yjson,时间/大数 | encode | TemporalStats | bytes,时间/大数,encode,TemporalStats,bytes,yjsonBytesEncodeTemporalStats,3.368752,3.471,3.353,raw/run-06/workload-16-yjson,logs/run-06-workload-16-yjson.log
6,16,3,stdx_json,时间/大数 | encode | TemporalStats | bytes,时间/大数,encode,TemporalStats,bytes,stdxBytesEncodeTemporalStats,2.362122,3.353,3.886,raw/run-06/workload-16-stdx_json,logs/run-06-workload-16-stdx_json.log
6,17,1,cjfast_json,时间/大数 | decode | TemporalStats | string,时间/大数,decode,TemporalStats,string,cjfastStringDecodeTemporalStats,3.134732,3.886,3.886,raw/run-06/workload-17-cjfast_json,logs/run-06-workload-17-cjfast_json.log
6,17,2,yjson,时间/大数 | decode | TemporalStats | string,时间/大数,decode,TemporalStats,string,yjsonStringDecodeTemporalStats,3.597746,3.886,3.734,raw/run-06/workload-17-yjson,logs/run-06-workload-17-yjson.log
6,17,3,stdx_json,时间/大数 | decode | TemporalStats | string,时间/大数,decode,TemporalStats,string,stdxStringDecodeTemporalStats,2.674781,3.734,3.734,raw/run-06/workload-17-stdx_json,logs/run-06-workload-17-stdx_json.log
6,18,1,cjfast_json,时间/大数 | decode | TemporalStats | bytes,时间/大数,decode,TemporalStats,bytes,cjfastBytesDecodeTemporalStats,3.278044,3.734,3.435,raw/run-06/workload-18-cjfast_json,logs/run-06-workload-18-cjfast_json.log
6,18,2,yjson,时间/大数 | decode | TemporalStats | bytes,时间/大数,decode,TemporalStats,bytes,yjsonBytesDecodeTemporalStats,3.266453,3.435,3.320,raw/run-06/workload-18-yjson,logs/run-06-workload-18-yjson.log
6,18,3,stdx_json,时间/大数 | decode | TemporalStats | bytes,时间/大数,decode,TemporalStats,bytes,stdxBytesDecodeTemporalStats,2.839714,3.320,3.320,raw/run-06/workload-18-stdx_json,logs/run-06-workload-18-stdx_json.log
6,19,1,cjfast_json,数值边界 | encode | UInt64Envelope | string,数值边界,encode,UInt64Envelope,string,cjfastStringEncodeUInt64Envelope,2.797269,3.320,3.214,raw/run-06/workload-19-cjfast_json,logs/run-06-workload-19-cjfast_json.log
6,19,2,yjson,数值边界 | encode | UInt64Envelope | string,数值边界,encode,UInt64Envelope,string,yjsonStringEncodeUInt64Envelope,3.434096,3.214,3.597,raw/run-06/workload-19-yjson,logs/run-06-workload-19-yjson.log
6,19,3,stdx_json,数值边界 | encode | UInt64Envelope | string,数值边界,encode,UInt64Envelope,string,stdxStringEncodeUInt64Envelope,2.254556,3.597,3.597,raw/run-06/workload-19-stdx_json,logs/run-06-workload-19-stdx_json.log
6,20,1,cjfast_json,数值边界 | encode | UInt64Envelope | bytes,数值边界,encode,UInt64Envelope,bytes,cjfastBytesEncodeUInt64Envelope,2.971476,3.597,4.030,raw/run-06/workload-20-cjfast_json,logs/run-06-workload-20-cjfast_json.log
6,20,2,yjson,数值边界 | encode | UInt64Envelope | bytes,数值边界,encode,UInt64Envelope,bytes,yjsonBytesEncodeUInt64Envelope,3.496933,4.030,4.030,raw/run-06/workload-20-yjson,logs/run-06-workload-20-yjson.log
6,20,3,stdx_json,数值边界 | encode | UInt64Envelope | bytes,数值边界,encode,UInt64Envelope,bytes,stdxBytesEncodeUInt64Envelope,2.190513,4.030,3.868,raw/run-06/workload-20-stdx_json,logs/run-06-workload-20-stdx_json.log
6,21,1,cjfast_json,数值边界 | decode | UInt64Envelope | string,数值边界,decode,UInt64Envelope,string,cjfastStringDecodeUInt64Envelope,3.009957,3.868,3.868,raw/run-06/workload-21-cjfast_json,logs/run-06-workload-21-cjfast_json.log
6,21,2,yjson,数值边界 | decode | UInt64Envelope | string,数值边界,decode,UInt64Envelope,string,yjsonStringDecodeUInt64Envelope,3.575927,3.868,3.718,raw/run-06/workload-21-yjson,logs/run-06-workload-21-yjson.log
6,21,3,stdx_json,数值边界 | decode | UInt64Envelope | string,数值边界,decode,UInt64Envelope,string,stdxStringDecodeUInt64Envelope,2.895492,3.718,3.741,raw/run-06/workload-21-stdx_json,logs/run-06-workload-21-stdx_json.log
6,22,1,cjfast_json,数值边界 | decode | UInt64Envelope | bytes,数值边界,decode,UInt64Envelope,bytes,cjfastBytesDecodeUInt64Envelope,3.098388,3.741,3.741,raw/run-06/workload-22-cjfast_json,logs/run-06-workload-22-cjfast_json.log
6,22,2,yjson,数值边界 | decode | UInt64Envelope | bytes,数值边界,decode,UInt64Envelope,bytes,yjsonBytesDecodeUInt64Envelope,3.557689,3.741,3.601,raw/run-06/workload-22-yjson,logs/run-06-workload-22-yjson.log
6,22,3,stdx_json,数值边界 | decode | UInt64Envelope | bytes,数值边界,decode,UInt64Envelope,bytes,stdxBytesDecodeUInt64Envelope,2.600683,3.601,3.601,raw/run-06/workload-22-stdx_json,logs/run-06-workload-22-stdx_json.log
6,23,1,cjfast_json,嵌套对象 | encode | ProfileBundle | string,嵌套对象,encode,ProfileBundle,string,cjfastStringEncodeProfileBundle,3.309522,3.601,3.633,raw/run-06/workload-23-cjfast_json,logs/run-06-workload-23-cjfast_json.log
6,23,2,yjson,嵌套对象 | encode | ProfileBundle | string,嵌套对象,encode,ProfileBundle,string,yjsonStringEncodeProfileBundle,3.264806,3.633,3.502,raw/run-06/workload-23-yjson,logs/run-06-workload-23-yjson.log
6,23,3,stdx_json,嵌套对象 | encode | ProfileBundle | string,嵌套对象,encode,ProfileBundle,string,stdxStringEncodeProfileBundle,2.134912,3.502,3.502,raw/run-06/workload-23-stdx_json,logs/run-06-workload-23-stdx_json.log
6,24,1,cjfast_json,嵌套对象 | encode | ProfileBundle | bytes,嵌套对象,encode,ProfileBundle,bytes,cjfastBytesEncodeProfileBundle,3.031224,3.502,3.382,raw/run-06/workload-24-cjfast_json,logs/run-06-workload-24-cjfast_json.log
6,24,2,yjson,嵌套对象 | encode | ProfileBundle | bytes,嵌套对象,encode,ProfileBundle,bytes,yjsonBytesEncodeProfileBundle,3.444675,3.382,3.382,raw/run-06/workload-24-yjson,logs/run-06-workload-24-yjson.log
6,24,3,stdx_json,嵌套对象 | encode | ProfileBundle | bytes,嵌套对象,encode,ProfileBundle,bytes,stdxBytesEncodeProfileBundle,2.091642,3.382,3.351,raw/run-06/workload-24-stdx_json,logs/run-06-workload-24-stdx_json.log
6,25,1,cjfast_json,嵌套对象 | decode | ProfileBundle | string,嵌套对象,decode,ProfileBundle,string,cjfastStringDecodeProfileBundle,3.393717,3.351,3.724,raw/run-06/workload-25-cjfast_json,logs/run-06-workload-25-cjfast_json.log
6,25,2,yjson,嵌套对象 | decode | ProfileBundle | string,嵌套对象,decode,ProfileBundle,string,yjsonStringDecodeProfileBundle,3.720899,3.724,3.724,raw/run-06/workload-25-yjson,logs/run-06-workload-25-yjson.log
6,25,3,stdx_json,嵌套对象 | decode | ProfileBundle | string,嵌套对象,decode,ProfileBundle,string,stdxStringDecodeProfileBundle,2.697732,3.724,3.585,raw/run-06/workload-25-stdx_json,logs/run-06-workload-25-stdx_json.log
6,26,1,cjfast_json,嵌套对象 | decode | ProfileBundle | bytes,嵌套对象,decode,ProfileBundle,bytes,cjfastBytesDecodeProfileBundle,3.385361,3.585,4.019,raw/run-06/workload-26-cjfast_json,logs/run-06-workload-26-cjfast_json.log
6,26,2,yjson,嵌套对象 | decode | ProfileBundle | bytes,嵌套对象,decode,ProfileBundle,bytes,yjsonBytesDecodeProfileBundle,3.583150,4.019,4.019,raw/run-06/workload-26-yjson,logs/run-06-workload-26-yjson.log
6,26,3,stdx_json,嵌套对象 | decode | ProfileBundle | bytes,嵌套对象,decode,ProfileBundle,bytes,stdxBytesDecodeProfileBundle,2.434993,4.019,3.857,raw/run-06/workload-26-stdx_json,logs/run-06-workload-26-stdx_json.log
6,27,1,cjfast_json,字段顺序 | decode | Person | string,字段顺序,decode,Person,string,cjfastStringDecodeUnorderedPerson,3.235454,3.857,3.857,raw/run-06/workload-27-cjfast_json,logs/run-06-workload-27-cjfast_json.log
6,27,2,yjson,字段顺序 | decode | Person | string,字段顺序,decode,Person,string,yjsonStringDecodeUnorderedPerson,5.952020,3.857,3.979,raw/run-06/workload-27-yjson,logs/run-06-workload-27-yjson.log
6,27,3,stdx_json,字段顺序 | decode | Person | string,字段顺序,decode,Person,string,stdxStringDecodeUnorderedPerson,2.917273,3.979,3.979,raw/run-06/workload-27-stdx_json,logs/run-06-workload-27-stdx_json.log
6,28,1,cjfast_json,大数组 | encode | ArrayList<ProfileRecord>[64] | string,大数组,encode,ArrayList<ProfileRecord>[64],string,cjfastStringEncodeLargeProfileArray,2.856356,3.979,3.820,raw/run-06/workload-28-cjfast_json,logs/run-06-workload-28-cjfast_json.log
6,28,2,yjson,大数组 | encode | ArrayList<ProfileRecord>[64] | string,大数组,encode,ArrayList<ProfileRecord>[64],string,yjsonStringEncodeLargeProfileArray,2.734296,3.820,3.820,raw/run-06/workload-28-yjson,logs/run-06-workload-28-yjson.log
6,28,3,stdx_json,大数组 | encode | ArrayList<ProfileRecord>[64] | string,大数组,encode,ArrayList<ProfileRecord>[64],string,stdxStringEncodeLargeProfileArray,2.131730,3.820,3.674,raw/run-06/workload-28-stdx_json,logs/run-06-workload-28-stdx_json.log
6,29,1,cjfast_json,大数组 | decode | ArrayList<ProfileRecord>[64] | string,大数组,decode,ArrayList<ProfileRecord>[64],string,cjfastStringDecodeLargeProfileArray,2.657825,3.674,3.674,raw/run-06/workload-29-cjfast_json,logs/run-06-workload-29-cjfast_json.log
6,29,2,yjson,大数组 | decode | ArrayList<ProfileRecord>[64] | string,大数组,decode,ArrayList<ProfileRecord>[64],string,yjsonStringDecodeLargeProfileArray,5.779074,3.674,3.540,raw/run-06/workload-29-yjson,logs/run-06-workload-29-yjson.log
6,29,3,stdx_json,大数组 | decode | ArrayList<ProfileRecord>[64] | string,大数组,decode,ArrayList<ProfileRecord>[64],string,stdxStringDecodeLargeProfileArray,2.581182,3.540,3.416,raw/run-06/workload-29-stdx_json,logs/run-06-workload-29-stdx_json.log
6,30,1,cjfast_json,"大 Map | encode | HashMap<String, Int64>[64] | string",大 Map,encode,"HashMap<String, Int64>[64]",string,cjfastStringEncodeLargeInt64Map,3.159044,3.416,3.863,raw/run-06/workload-30-cjfast_json,logs/run-06-workload-30-cjfast_json.log
6,30,2,yjson,"大 Map | encode | HashMap<String, Int64>[64] | string",大 Map,encode,"HashMap<String, Int64>[64]",string,yjsonStringEncodeLargeInt64Map,3.230909,3.863,3.863,raw/run-06/workload-30-yjson,logs/run-06-workload-30-yjson.log
6,30,3,stdx_json,"大 Map | encode | HashMap<String, Int64>[64] | string",大 Map,encode,"HashMap<String, Int64>[64]",string,stdxStringEncodeLargeInt64Map,2.569227,3.863,3.714,raw/run-06/workload-30-stdx_json,logs/run-06-workload-30-stdx_json.log
6,31,1,cjfast_json,"大 Map | decode | HashMap<String, Int64>[64] | string",大 Map,decode,"HashMap<String, Int64>[64]",string,cjfastStringDecodeLargeInt64Map,3.509850,3.714,3.714,raw/run-06/workload-31-cjfast_json,logs/run-06-workload-31-cjfast_json.log
6,31,2,yjson,"大 Map | decode | HashMap<String, Int64>[64] | string",大 Map,decode,"HashMap<String, Int64>[64]",string,yjsonStringDecodeLargeInt64Map,3.263288,3.714,3.576,raw/run-06/workload-31-yjson,logs/run-06-workload-31-yjson.log
6,31,3,stdx_json,"大 Map | decode | HashMap<String, Int64>[64] | string",大 Map,decode,"HashMap<String, Int64>[64]",string,stdxStringDecodeLargeInt64Map,2.801820,3.576,3.450,raw/run-06/workload-31-stdx_json,logs/run-06-workload-31-stdx_json.log
6,32,1,cjfast_json,基础对象 | encode | Person | string,基础对象,encode,Person,string,cjfastStringEncodePerson,3.206486,3.450,3.450,raw/run-06/workload-32-cjfast_json,logs/run-06-workload-32-cjfast_json.log
6,32,2,yjson,基础对象 | encode | Person | string,基础对象,encode,Person,string,yjsonStringEncodePerson,3.095080,3.450,3.333,raw/run-06/workload-32-yjson,logs/run-06-workload-32-yjson.log
6,32,3,stdx_json,基础对象 | encode | Person | string,基础对象,encode,Person,string,stdxStringEncodePerson,2.157730,3.333,3.333,raw/run-06/workload-32-stdx_json,logs/run-06-workload-32-stdx_json.log
6,33,1,cjfast_json,基础对象 | encode | Person | bytes,基础对象,encode,Person,bytes,cjfastBytesEncodePerson,3.044562,3.333,3.227,raw/run-06/workload-33-cjfast_json,logs/run-06-workload-33-cjfast_json.log
6,33,2,yjson,基础对象 | encode | Person | bytes,基础对象,encode,Person,bytes,yjsonBytesEncodePerson,3.095324,3.227,3.689,raw/run-06/workload-33-yjson,logs/run-06-workload-33-yjson.log
6,33,3,stdx_json,基础对象 | encode | Person | bytes,基础对象,encode,Person,bytes,stdxBytesEncodePerson,2.085891,3.689,3.689,raw/run-06/workload-33-stdx_json,logs/run-06-workload-33-stdx_json.log
6,34,1,cjfast_json,基础对象 | encode | Address | string,基础对象,encode,Address,string,cjfastStringEncodeAddress,2.765391,3.689,3.875,raw/run-06/workload-34-cjfast_json,logs/run-06-workload-34-cjfast_json.log
6,34,2,yjson,基础对象 | encode | Address | string,基础对象,encode,Address,string,yjsonStringEncodeAddress,2.774789,3.875,3.875,raw/run-06/workload-34-yjson,logs/run-06-workload-34-yjson.log
6,34,3,stdx_json,基础对象 | encode | Address | string,基础对象,encode,Address,string,stdxStringEncodeAddress,2.232274,3.875,3.644,raw/run-06/workload-34-stdx_json,logs/run-06-workload-34-stdx_json.log
6,35,1,cjfast_json,基础对象 | encode | Address | bytes,基础对象,encode,Address,bytes,cjfastBytesEncodeAddress,2.348063,3.644,3.644,raw/run-06/workload-35-cjfast_json,logs/run-06-workload-35-cjfast_json.log
6,35,2,yjson,基础对象 | encode | Address | bytes,基础对象,encode,Address,bytes,yjsonBytesEncodeAddress,3.010640,3.644,3.993,raw/run-06/workload-35-yjson,logs/run-06-workload-35-yjson.log
6,35,3,stdx_json,基础对象 | encode | Address | bytes,基础对象,encode,Address,bytes,stdxBytesEncodeAddress,2.196939,3.993,3.993,raw/run-06/workload-35-stdx_json,logs/run-06-workload-35-stdx_json.log
6,36,1,cjfast_json,基础对象 | decode | Person | string,基础对象,decode,Person,string,cjfastStringDecodePerson,3.180874,3.993,3.833,raw/run-06/workload-36-cjfast_json,logs/run-06-workload-36-cjfast_json.log
6,36,2,yjson,基础对象 | decode | Person | string,基础对象,decode,Person,string,yjsonStringDecodePerson,8.399743,3.833,3.687,raw/run-06/workload-36-yjson,logs/run-06-workload-36-yjson.log
6,36,3,stdx_json,基础对象 | decode | Person | string,基础对象,decode,Person,string,stdxStringDecodePerson,2.984174,3.687,3.551,raw/run-06/workload-36-stdx_json,logs/run-06-workload-36-stdx_json.log
7,1,1,yjson,基础对象 | encode | Address | bytes,基础对象,encode,Address,bytes,yjsonBytesEncodeAddress,2.963652,3.551,3.828,raw/run-07/workload-01-yjson,logs/run-07-workload-01-yjson.log
7,1,2,stdx_json,基础对象 | encode | Address | bytes,基础对象,encode,Address,bytes,stdxBytesEncodeAddress,2.189812,3.828,3.828,raw/run-07/workload-01-stdx_json,logs/run-07-workload-01-stdx_json.log
7,1,3,cjfast_json,基础对象 | encode | Address | bytes,基础对象,encode,Address,bytes,cjfastBytesEncodeAddress,2.548354,3.828,3.828,raw/run-07/workload-01-cjfast_json,logs/run-07-workload-01-cjfast_json.log
7,2,1,yjson,基础对象 | encode | Address | string,基础对象,encode,Address,string,yjsonStringEncodeAddress,2.846964,3.828,3.601,raw/run-07/workload-02-yjson,logs/run-07-workload-02-yjson.log
7,2,2,stdx_json,基础对象 | encode | Address | string,基础对象,encode,Address,string,stdxStringEncodeAddress,2.335717,3.601,3.393,raw/run-07/workload-02-stdx_json,logs/run-07-workload-02-stdx_json.log
7,2,3,cjfast_json,基础对象 | encode | Address | string,基础对象,encode,Address,string,cjfastStringEncodeAddress,2.444317,3.393,3.393,raw/run-07/workload-02-cjfast_json,logs/run-07-workload-02-cjfast_json.log
7,3,1,yjson,基础对象 | encode | Person | bytes,基础对象,encode,Person,bytes,yjsonBytesEncodePerson,3.114866,3.393,3.762,raw/run-07/workload-03-yjson,logs/run-07-workload-03-yjson.log
7,3,2,stdx_json,基础对象 | encode | Person | bytes,基础对象,encode,Person,bytes,stdxBytesEncodePerson,2.253154,3.762,3.762,raw/run-07/workload-03-stdx_json,logs/run-07-workload-03-stdx_json.log
7,3,3,cjfast_json,基础对象 | encode | Person | bytes,基础对象,encode,Person,bytes,cjfastBytesEncodePerson,2.929799,3.762,3.621,raw/run-07/workload-03-cjfast_json,logs/run-07-workload-03-cjfast_json.log
7,4,1,yjson,基础对象 | encode | Person | string,基础对象,encode,Person,string,yjsonStringEncodePerson,2.904879,3.621,3.621,raw/run-07/workload-04-yjson,logs/run-07-workload-04-yjson.log
7,4,2,stdx_json,基础对象 | encode | Person | string,基础对象,encode,Person,string,stdxStringEncodePerson,2.237606,3.621,3.411,raw/run-07/workload-04-stdx_json,logs/run-07-workload-04-stdx_json.log
7,4,3,cjfast_json,基础对象 | encode | Person | string,基础对象,encode,Person,string,cjfastStringEncodePerson,2.808902,3.411,3.411,raw/run-07/workload-04-cjfast_json,logs/run-07-workload-04-cjfast_json.log
7,5,1,yjson,"大 Map | decode | HashMap<String, Int64>[64] | string",大 Map,decode,"HashMap<String, Int64>[64]",string,yjsonStringDecodeLargeInt64Map,3.596475,3.411,3.297,raw/run-07/workload-05-yjson,logs/run-07-workload-05-yjson.log
7,5,2,stdx_json,"大 Map | decode | HashMap<String, Int64>[64] | string",大 Map,decode,"HashMap<String, Int64>[64]",string,stdxStringDecodeLargeInt64Map,3.055118,3.297,3.354,raw/run-07/workload-05-stdx_json,logs/run-07-workload-05-stdx_json.log
7,5,3,cjfast_json,"大 Map | decode | HashMap<String, Int64>[64] | string",大 Map,decode,"HashMap<String, Int64>[64]",string,cjfastStringDecodeLargeInt64Map,3.424672,3.354,3.354,raw/run-07/workload-05-cjfast_json,logs/run-07-workload-05-cjfast_json.log
7,6,1,yjson,"大 Map | encode | HashMap<String, Int64>[64] | string",大 Map,encode,"HashMap<String, Int64>[64]",string,yjsonStringEncodeLargeInt64Map,3.401509,3.354,3.165,raw/run-07/workload-06-yjson,logs/run-07-workload-06-yjson.log
7,6,2,stdx_json,"大 Map | encode | HashMap<String, Int64>[64] | string",大 Map,encode,"HashMap<String, Int64>[64]",string,stdxStringEncodeLargeInt64Map,2.201629,3.165,3.165,raw/run-07/workload-06-stdx_json,logs/run-07-workload-06-stdx_json.log
7,6,3,cjfast_json,"大 Map | encode | HashMap<String, Int64>[64] | string",大 Map,encode,"HashMap<String, Int64>[64]",string,cjfastStringEncodeLargeInt64Map,3.571928,3.165,3.071,raw/run-07/workload-06-cjfast_json,logs/run-07-workload-06-cjfast_json.log
7,7,1,yjson,大数组 | decode | ArrayList<ProfileRecord>[64] | string,大数组,decode,ArrayList<ProfileRecord>[64],string,yjsonStringDecodeLargeProfileArray,5.748277,3.071,2.985,raw/run-07/workload-07-yjson,logs/run-07-workload-07-yjson.log
7,7,2,stdx_json,大数组 | decode | ArrayList<ProfileRecord>[64] | string,大数组,decode,ArrayList<ProfileRecord>[64],string,stdxStringDecodeLargeProfileArray,2.579396,2.985,2.906,raw/run-07/workload-07-stdx_json,logs/run-07-workload-07-stdx_json.log
7,7,3,cjfast_json,大数组 | decode | ArrayList<ProfileRecord>[64] | string,大数组,decode,ArrayList<ProfileRecord>[64],string,cjfastStringDecodeLargeProfileArray,2.670369,2.906,2.906,raw/run-07/workload-07-cjfast_json,logs/run-07-workload-07-cjfast_json.log
7,8,1,yjson,大数组 | encode | ArrayList<ProfileRecord>[64] | string,大数组,encode,ArrayList<ProfileRecord>[64],string,yjsonStringEncodeLargeProfileArray,2.869643,2.906,2.833,raw/run-07/workload-08-yjson,logs/run-07-workload-08-yjson.log
7,8,2,stdx_json,大数组 | encode | ArrayList<ProfileRecord>[64] | string,大数组,encode,ArrayList<ProfileRecord>[64],string,stdxStringEncodeLargeProfileArray,2.463174,2.833,2.833,raw/run-07/workload-08-stdx_json,logs/run-07-workload-08-stdx_json.log
7,8,3,cjfast_json,大数组 | encode | ArrayList<ProfileRecord>[64] | string,大数组,encode,ArrayList<ProfileRecord>[64],string,cjfastStringEncodeLargeProfileArray,2.630136,2.833,2.767,raw/run-07/workload-08-cjfast_json,logs/run-07-workload-08-cjfast_json.log
7,9,1,yjson,字段顺序 | decode | Person | string,字段顺序,decode,Person,string,yjsonStringDecodeUnorderedPerson,6.163635,2.767,3.186,raw/run-07/workload-09-yjson,logs/run-07-workload-09-yjson.log
7,9,2,stdx_json,字段顺序 | decode | Person | string,字段顺序,decode,Person,string,stdxStringDecodeUnorderedPerson,2.734197,3.186,3.251,raw/run-07/workload-09-stdx_json,logs/run-07-workload-09-stdx_json.log
7,9,3,cjfast_json,字段顺序 | decode | Person | string,字段顺序,decode,Person,string,cjfastStringDecodeUnorderedPerson,3.253594,3.251,3.251,raw/run-07/workload-09-cjfast_json,logs/run-07-workload-09-cjfast_json.log
7,10,1,yjson,嵌套对象 | decode | ProfileBundle | bytes,嵌套对象,decode,ProfileBundle,bytes,yjsonBytesDecodeProfileBundle,3.869839,3.251,3.151,raw/run-07/workload-10-yjson,logs/run-07-workload-10-yjson.log
7,10,2,stdx_json,嵌套对象 | decode | ProfileBundle | bytes,嵌套对象,decode,ProfileBundle,bytes,stdxBytesDecodeProfileBundle,2.480747,3.151,3.620,raw/run-07/workload-10-stdx_json,logs/run-07-workload-10-stdx_json.log
7,10,3,cjfast_json,嵌套对象 | decode | ProfileBundle | bytes,嵌套对象,decode,ProfileBundle,bytes,cjfastBytesDecodeProfileBundle,3.045295,3.620,3.620,raw/run-07/workload-10-cjfast_json,logs/run-07-workload-10-cjfast_json.log
7,11,1,yjson,嵌套对象 | decode | ProfileBundle | string,嵌套对象,decode,ProfileBundle,string,yjsonStringDecodeProfileBundle,3.687278,3.620,3.490,raw/run-07/workload-11-yjson,logs/run-07-workload-11-yjson.log
7,11,2,stdx_json,嵌套对象 | decode | ProfileBundle | string,嵌套对象,decode,ProfileBundle,string,stdxStringDecodeProfileBundle,2.731082,3.490,3.490,raw/run-07/workload-11-stdx_json,logs/run-07-workload-11-stdx_json.log
7,11,3,cjfast_json,嵌套对象 | decode | ProfileBundle | string,嵌套对象,decode,ProfileBundle,string,cjfastStringDecodeProfileBundle,3.130045,3.490,3.290,raw/run-07/workload-11-cjfast_json,logs/run-07-workload-11-cjfast_json.log
7,12,1,yjson,嵌套对象 | encode | ProfileBundle | bytes,嵌套对象,encode,ProfileBundle,bytes,yjsonBytesEncodeProfileBundle,3.284044,3.290,3.267,raw/run-07/workload-12-yjson,logs/run-07-workload-12-yjson.log
7,12,2,stdx_json,嵌套对象 | encode | ProfileBundle | bytes,嵌套对象,encode,ProfileBundle,bytes,stdxBytesEncodeProfileBundle,2.140683,3.267,3.267,raw/run-07/workload-12-stdx_json,logs/run-07-workload-12-stdx_json.log
7,12,3,cjfast_json,嵌套对象 | encode | ProfileBundle | bytes,嵌套对象,encode,ProfileBundle,bytes,cjfastBytesEncodeProfileBundle,3.100877,3.267,3.165,raw/run-07/workload-12-cjfast_json,logs/run-07-workload-12-cjfast_json.log
7,13,1,yjson,嵌套对象 | encode | ProfileBundle | string,嵌套对象,encode,ProfileBundle,string,yjsonStringEncodeProfileBundle,3.306083,3.165,3.165,raw/run-07/workload-13-yjson,logs/run-07-workload-13-yjson.log
7,13,2,stdx_json,嵌套对象 | encode | ProfileBundle | string,嵌套对象,encode,ProfileBundle,string,stdxStringEncodeProfileBundle,2.122046,3.165,2.991,raw/run-07/workload-13-stdx_json,logs/run-07-workload-13-stdx_json.log
7,13,3,cjfast_json,嵌套对象 | encode | ProfileBundle | string,嵌套对象,encode,ProfileBundle,string,cjfastStringEncodeProfileBundle,3.110217,2.991,3.072,raw/run-07/workload-13-cjfast_json,logs/run-07-workload-13-cjfast_json.log
7,14,1,yjson,数值边界 | decode | UInt64Envelope | bytes,数值边界,decode,UInt64Envelope,bytes,yjsonBytesDecodeUInt64Envelope,3.669472,3.072,3.072,raw/run-07/workload-14-yjson,logs/run-07-workload-14-yjson.log
7,14,2,stdx_json,数值边界 | decode | UInt64Envelope | bytes,数值边界,decode,UInt64Envelope,bytes,stdxBytesDecodeUInt64Envelope,2.545904,3.072,2.986,raw/run-07/workload-14-stdx_json,logs/run-07-workload-14-stdx_json.log
7,14,3,cjfast_json,数值边界 | decode | UInt64Envelope | bytes,数值边界,decode,UInt64Envelope,bytes,cjfastBytesDecodeUInt64Envelope,3.624289,2.986,2.986,raw/run-07/workload-14-cjfast_json,logs/run-07-workload-14-cjfast_json.log
7,15,1,yjson,数值边界 | decode | UInt64Envelope | string,数值边界,decode,UInt64Envelope,string,yjsonStringDecodeUInt64Envelope,3.657541,2.986,2.827,raw/run-07/workload-15-yjson,logs/run-07-workload-15-yjson.log
7,15,2,stdx_json,数值边界 | decode | UInt64Envelope | string,数值边界,decode,UInt64Envelope,string,stdxStringDecodeUInt64Envelope,2.556853,2.827,2.761,raw/run-07/workload-15-stdx_json,logs/run-07-workload-15-stdx_json.log
7,15,3,cjfast_json,数值边界 | decode | UInt64Envelope | string,数值边界,decode,UInt64Envelope,string,cjfastStringDecodeUInt64Envelope,2.990620,2.761,2.761,raw/run-07/workload-15-cjfast_json,logs/run-07-workload-15-cjfast_json.log
7,16,1,yjson,数值边界 | encode | UInt64Envelope | bytes,数值边界,encode,UInt64Envelope,bytes,yjsonBytesEncodeUInt64Envelope,3.445140,2.761,2.700,raw/run-07/workload-16-yjson,logs/run-07-workload-16-yjson.log
7,16,2,stdx_json,数值边界 | encode | UInt64Envelope | bytes,数值边界,encode,UInt64Envelope,bytes,stdxBytesEncodeUInt64Envelope,2.229325,2.700,2.700,raw/run-07/workload-16-stdx_json,logs/run-07-workload-16-stdx_json.log
7,16,3,cjfast_json,数值边界 | encode | UInt64Envelope | bytes,数值边界,encode,UInt64Envelope,bytes,cjfastBytesEncodeUInt64Envelope,3.018062,2.700,2.884,raw/run-07/workload-16-cjfast_json,logs/run-07-workload-16-cjfast_json.log
7,17,1,yjson,数值边界 | encode | UInt64Envelope | string,数值边界,encode,UInt64Envelope,string,yjsonStringEncodeUInt64Envelope,3.261792,2.884,2.813,raw/run-07/workload-17-yjson,logs/run-07-workload-17-yjson.log
7,17,2,stdx_json,数值边界 | encode | UInt64Envelope | string,数值边界,encode,UInt64Envelope,string,stdxStringEncodeUInt64Envelope,2.043793,2.813,2.813,raw/run-07/workload-17-stdx_json,logs/run-07-workload-17-stdx_json.log
7,17,3,cjfast_json,数值边界 | encode | UInt64Envelope | string,数值边界,encode,UInt64Envelope,string,cjfastStringEncodeUInt64Envelope,2.781350,2.813,2.748,raw/run-07/workload-17-cjfast_json,logs/run-07-workload-17-cjfast_json.log
7,18,1,yjson,时间/大数 | decode | TemporalStats | bytes,时间/大数,decode,TemporalStats,bytes,yjsonBytesDecodeTemporalStats,3.425224,2.748,2.748,raw/run-07/workload-18-yjson,logs/run-07-workload-18-yjson.log
7,18,2,stdx_json,时间/大数 | decode | TemporalStats | bytes,时间/大数,decode,TemporalStats,bytes,stdxBytesDecodeTemporalStats,2.873227,2.748,2.688,raw/run-07/workload-18-stdx_json,logs/run-07-workload-18-stdx_json.log
7,18,3,cjfast_json,时间/大数 | decode | TemporalStats | bytes,时间/大数,decode,TemporalStats,bytes,cjfastBytesDecodeTemporalStats,3.232374,2.688,3.193,raw/run-07/workload-18-cjfast_json,logs/run-07-workload-18-cjfast_json.log
7,19,1,yjson,时间/大数 | decode | TemporalStats | string,时间/大数,decode,TemporalStats,string,yjsonStringDecodeTemporalStats,3.398380,3.193,3.193,raw/run-07/workload-19-yjson,logs/run-07-workload-19-yjson.log
7,19,2,stdx_json,时间/大数 | decode | TemporalStats | string,时间/大数,decode,TemporalStats,string,stdxStringDecodeTemporalStats,2.862868,3.193,3.098,raw/run-07/workload-19-stdx_json,logs/run-07-workload-19-stdx_json.log
7,19,3,cjfast_json,时间/大数 | decode | TemporalStats | string,时间/大数,decode,TemporalStats,string,cjfastStringDecodeTemporalStats,3.190272,3.098,3.098,raw/run-07/workload-19-cjfast_json,logs/run-07-workload-19-cjfast_json.log
7,20,1,yjson,时间/大数 | encode | TemporalStats | bytes,时间/大数,encode,TemporalStats,bytes,yjsonBytesEncodeTemporalStats,3.153451,3.098,2.929,raw/run-07/workload-20-yjson,logs/run-07-workload-20-yjson.log
7,20,2,stdx_json,时间/大数 | encode | TemporalStats | bytes,时间/大数,encode,TemporalStats,bytes,stdxBytesEncodeTemporalStats,2.359879,2.929,3.416,raw/run-07/workload-20-stdx_json,logs/run-07-workload-20-stdx_json.log
7,20,3,cjfast_json,时间/大数 | encode | TemporalStats | bytes,时间/大数,encode,TemporalStats,bytes,cjfastBytesEncodeTemporalStats,3.062441,3.416,3.416,raw/run-07/workload-20-cjfast_json,logs/run-07-workload-20-cjfast_json.log
7,21,1,yjson,时间/大数 | encode | TemporalStats | string,时间/大数,encode,TemporalStats,string,yjsonStringEncodeTemporalStats,3.105911,3.416,3.302,raw/run-07/workload-21-yjson,logs/run-07-workload-21-yjson.log
7,21,2,stdx_json,时间/大数 | encode | TemporalStats | string,时间/大数,encode,TemporalStats,string,stdxStringEncodeTemporalStats,2.053128,3.302,3.302,raw/run-07/workload-21-stdx_json,logs/run-07-workload-21-stdx_json.log
7,21,3,cjfast_json,时间/大数 | encode | TemporalStats | string,时间/大数,encode,TemporalStats,string,cjfastStringEncodeTemporalStats,3.020157,3.302,3.197,raw/run-07/workload-21-cjfast_json,logs/run-07-workload-21-cjfast_json.log
7,22,1,yjson,未知字段 | decode | Person | string,未知字段,decode,Person,string,yjsonStringDecodeUnknownPerson,5.944352,3.197,3.101,raw/run-07/workload-22-yjson,logs/run-07-workload-22-yjson.log
7,22,2,stdx_json,未知字段 | decode | Person | string,未知字段,decode,Person,string,stdxStringDecodeUnknownPerson,2.728017,3.101,3.574,raw/run-07/workload-22-stdx_json,logs/run-07-workload-22-stdx_json.log
7,22,3,cjfast_json,未知字段 | decode | Person | string,未知字段,decode,Person,string,cjfastStringDecodeUnknownPerson,3.400265,3.574,3.574,raw/run-07/workload-22-cjfast_json,logs/run-07-workload-22-cjfast_json.log
7,23,1,yjson,流式 I/O | decode | Person | stream,流式 I/O,decode,Person,stream,yjsonStreamDecodePerson,3.247687,3.574,3.527,raw/run-07/workload-23-yjson,logs/run-07-workload-23-yjson.log
7,23,2,stdx_json,流式 I/O | decode | Person | stream,流式 I/O,decode,Person,stream,stdxStreamDecodePerson,3.040924,3.527,3.527,raw/run-07/workload-23-stdx_json,logs/run-07-workload-23-stdx_json.log
7,23,3,cjfast_json,流式 I/O | decode | Person | stream,流式 I/O,decode,Person,stream,cjfastStreamDecodePerson,3.266760,3.527,3.325,raw/run-07/workload-23-cjfast_json,logs/run-07-workload-23-cjfast_json.log
7,24,1,yjson,流式 I/O | encode | Person | stream,流式 I/O,encode,Person,stream,yjsonStreamEncodePerson,2.608480,3.325,3.138,raw/run-07/workload-24-yjson,logs/run-07-workload-24-yjson.log
7,24,2,stdx_json,流式 I/O | encode | Person | stream,流式 I/O,encode,Person,stream,stdxStreamEncodePerson,2.194240,3.138,3.138,raw/run-07/workload-24-stdx_json,logs/run-07-workload-24-stdx_json.log
7,24,3,cjfast_json,流式 I/O | encode | Person | stream,流式 I/O,encode,Person,stream,cjfastStreamEncodePerson,3.103378,3.138,3.047,raw/run-07/workload-24-cjfast_json,logs/run-07-workload-24-cjfast_json.log
7,25,1,yjson,"深层嵌套 | decode | ArrayList<HashMap<String, ArrayList<ProfileRecord>>> | string",深层嵌套,decode,"ArrayList<HashMap<String, ArrayList<ProfileRecord>>>",string,yjsonStringDecodeDeepNestedProfiles,3.934363,3.047,3.047,raw/run-07/workload-25-yjson,logs/run-07-workload-25-yjson.log
7,25,2,stdx_json,"深层嵌套 | decode | ArrayList<HashMap<String, ArrayList<ProfileRecord>>> | string",深层嵌套,decode,"ArrayList<HashMap<String, ArrayList<ProfileRecord>>>",string,stdxStringDecodeDeepNestedProfiles,2.783544,3.047,2.803,raw/run-07/workload-25-stdx_json,logs/run-07-workload-25-stdx_json.log
7,25,3,cjfast_json,"深层嵌套 | decode | ArrayList<HashMap<String, ArrayList<ProfileRecord>>> | string",深层嵌套,decode,"ArrayList<HashMap<String, ArrayList<ProfileRecord>>>",string,cjfastStringDecodeDeepNestedProfiles,3.223878,2.803,2.738,raw/run-07/workload-25-cjfast_json,logs/run-07-workload-25-cjfast_json.log
7,26,1,yjson,"深层嵌套 | encode | ArrayList<HashMap<String, ArrayList<ProfileRecord>>> | string",深层嵌套,encode,"ArrayList<HashMap<String, ArrayList<ProfileRecord>>>",string,yjsonStringEncodeDeepNestedProfiles,3.142050,2.738,2.738,raw/run-07/workload-26-yjson,logs/run-07-workload-26-yjson.log
7,26,2,stdx_json,"深层嵌套 | encode | ArrayList<HashMap<String, ArrayList<ProfileRecord>>> | string",深层嵌套,encode,"ArrayList<HashMap<String, ArrayList<ProfileRecord>>>",string,stdxStringEncodeDeepNestedProfiles,2.250741,2.738,2.679,raw/run-07/workload-26-stdx_json,logs/run-07-workload-26-stdx_json.log
7,26,3,cjfast_json,"深层嵌套 | encode | ArrayList<HashMap<String, ArrayList<ProfileRecord>>> | string",深层嵌套,encode,"ArrayList<HashMap<String, ArrayList<ProfileRecord>>>",string,cjfastStringEncodeDeepNestedProfiles,3.084924,2.679,2.679,raw/run-07/workload-26-cjfast_json,logs/run-07-workload-26-cjfast_json.log
7,27,1,yjson,转义/Unicode | decode | String | bytes,转义/Unicode,decode,String,bytes,yjsonBytesDecodeEscapedUnicodeString,3.635779,2.679,2.544,raw/run-07/workload-27-yjson,logs/run-07-workload-27-yjson.log
7,27,2,stdx_json,转义/Unicode | decode | String | bytes,转义/Unicode,decode,String,bytes,stdxBytesDecodeEscapedUnicodeString,2.313420,2.544,3.061,raw/run-07/workload-27-stdx_json,logs/run-07-workload-27-stdx_json.log
7,27,3,cjfast_json,转义/Unicode | decode | String | bytes,转义/Unicode,decode,String,bytes,cjfastBytesDecodeEscapedUnicodeString,2.877292,3.061,3.061,raw/run-07/workload-27-cjfast_json,logs/run-07-workload-27-cjfast_json.log
7,28,1,yjson,转义/Unicode | decode | String | string,转义/Unicode,decode,String,string,yjsonStringDecodeEscapedUnicodeString,3.541989,3.061,2.976,raw/run-07/workload-28-yjson,logs/run-07-workload-28-yjson.log
7,28,2,stdx_json,转义/Unicode | decode | String | string,转义/Unicode,decode,String,string,stdxStringDecodeEscapedUnicodeString,2.390499,2.976,2.976,raw/run-07/workload-28-stdx_json,logs/run-07-workload-28-stdx_json.log
7,28,3,cjfast_json,转义/Unicode | decode | String | string,转义/Unicode,decode,String,string,cjfastStringDecodeEscapedUnicodeString,2.726761,2.976,2.897,raw/run-07/workload-28-cjfast_json,logs/run-07-workload-28-cjfast_json.log
7,29,1,yjson,转义/Unicode | encode | String | bytes,转义/Unicode,encode,String,bytes,yjsonBytesEncodeEscapedUnicodeString,2.823905,2.897,2.897,raw/run-07/workload-29-yjson,logs/run-07-workload-29-yjson.log
7,29,2,stdx_json,转义/Unicode | encode | String | bytes,转义/Unicode,encode,String,bytes,stdxBytesEncodeEscapedUnicodeString,2.181801,2.897,2.745,raw/run-07/workload-29-stdx_json,logs/run-07-workload-29-stdx_json.log
7,29,3,cjfast_json,转义/Unicode | encode | String | bytes,转义/Unicode,encode,String,bytes,cjfastBytesEncodeEscapedUnicodeString,3.110305,2.745,2.926,raw/run-07/workload-29-cjfast_json,logs/run-07-workload-29-cjfast_json.log
7,30,1,yjson,转义/Unicode | encode | String | string,转义/Unicode,encode,String,string,yjsonStringEncodeEscapedUnicodeString,3.008307,2.926,2.926,raw/run-07/workload-30-yjson,logs/run-07-workload-30-yjson.log
7,30,2,stdx_json,转义/Unicode | encode | String | string,转义/Unicode,encode,String,string,stdxStringEncodeEscapedUnicodeString,2.195301,2.926,3.493,raw/run-07/workload-30-stdx_json,logs/run-07-workload-30-stdx_json.log
7,30,3,cjfast_json,转义/Unicode | encode | String | string,转义/Unicode,encode,String,string,cjfastStringEncodeEscapedUnicodeString,2.419222,3.493,3.493,raw/run-07/workload-30-cjfast_json,logs/run-07-workload-30-cjfast_json.log
7,31,1,yjson,Pretty JSON | decode | Person | string,Pretty JSON,decode,Person,string,yjsonStringDecodePrettyPerson,5.442813,3.493,3.373,raw/run-07/workload-31-yjson,logs/run-07-workload-31-yjson.log
7,31,2,stdx_json,Pretty JSON | decode | Person | string,Pretty JSON,decode,Person,string,stdxStringDecodePrettyPerson,2.418351,3.373,3.263,raw/run-07/workload-31-stdx_json,logs/run-07-workload-31-stdx_json.log
7,31,3,cjfast_json,Pretty JSON | decode | Person | string,Pretty JSON,decode,Person,string,cjfastStringDecodePrettyPerson,3.128209,3.263,3.263,raw/run-07/workload-31-cjfast_json,logs/run-07-workload-31-cjfast_json.log
7,32,1,yjson,Pretty JSON | encode | Person | string,Pretty JSON,encode,Person,string,yjsonStringEncodePrettyPerson,2.979500,3.263,3.161,raw/run-07/workload-32-yjson,logs/run-07-workload-32-yjson.log
7,32,2,stdx_json,Pretty JSON | encode | Person | string,Pretty JSON,encode,Person,string,stdxStringEncodePrettyPerson,2.006692,3.161,3.161,raw/run-07/workload-32-stdx_json,logs/run-07-workload-32-stdx_json.log
7,32,3,cjfast_json,Pretty JSON | encode | Person | string,Pretty JSON,encode,Person,string,cjfastStringEncodePrettyPerson,3.079954,3.161,3.068,raw/run-07/workload-32-cjfast_json,logs/run-07-workload-32-cjfast_json.log
7,33,1,yjson,基础对象 | decode | Address | bytes,基础对象,decode,Address,bytes,yjsonBytesDecodeAddress,3.490232,3.068,3.463,raw/run-07/workload-33-yjson,logs/run-07-workload-33-yjson.log
7,33,2,stdx_json,基础对象 | decode | Address | bytes,基础对象,decode,Address,bytes,stdxBytesDecodeAddress,2.246079,3.463,3.463,raw/run-07/workload-33-stdx_json,logs/run-07-workload-33-stdx_json.log
7,33,3,cjfast_json,基础对象 | decode | Address | bytes,基础对象,decode,Address,bytes,cjfastBytesDecodeAddress,2.859879,3.463,3.827,raw/run-07/workload-33-cjfast_json,logs/run-07-workload-33-cjfast_json.log
7,34,1,yjson,基础对象 | decode | Address | string,基础对象,decode,Address,string,yjsonStringDecodeAddress,4.006798,3.827,3.827,raw/run-07/workload-34-yjson,logs/run-07-workload-34-yjson.log
7,34,2,stdx_json,基础对象 | decode | Address | string,基础对象,decode,Address,string,stdxStringDecodeAddress,2.486787,3.827,3.760,raw/run-07/workload-34-stdx_json,logs/run-07-workload-34-stdx_json.log
7,34,3,cjfast_json,基础对象 | decode | Address | string,基础对象,decode,Address,string,cjfastStringDecodeAddress,2.423927,3.760,3.760,raw/run-07/workload-34-cjfast_json,logs/run-07-workload-34-cjfast_json.log
7,35,1,yjson,基础对象 | decode | Person | bytes,基础对象,decode,Person,bytes,yjsonBytesDecodePerson,7.506689,3.760,3.489,raw/run-07/workload-35-yjson,logs/run-07-workload-35-yjson.log
7,35,2,stdx_json,基础对象 | decode | Person | bytes,基础对象,decode,Person,bytes,stdxBytesDecodePerson,2.607865,3.489,3.489,raw/run-07/workload-35-stdx_json,logs/run-07-workload-35-stdx_json.log
7,35,3,cjfast_json,基础对象 | decode | Person | bytes,基础对象,decode,Person,bytes,cjfastBytesDecodePerson,3.387357,3.489,3.290,raw/run-07/workload-35-cjfast_json,logs/run-07-workload-35-cjfast_json.log
7,36,1,yjson,基础对象 | decode | Person | string,基础对象,decode,Person,string,yjsonStringDecodePerson,8.393846,3.290,3.572,raw/run-07/workload-36-yjson,logs/run-07-workload-36-yjson.log
7,36,2,stdx_json,基础对象 | decode | Person | string,基础对象,decode,Person,string,stdxStringDecodePerson,2.707268,3.572,3.572,raw/run-07/workload-36-stdx_json,logs/run-07-workload-36-stdx_json.log
7,36,3,cjfast_json,基础对象 | decode | Person | string,基础对象,decode,Person,string,cjfastStringDecodePerson,3.404245,3.572,3.446,raw/run-07/workload-36-cjfast_json,logs/run-07-workload-36-cjfast_json.log
8,1,1,stdx_json,基础对象 | encode | Address | bytes,基础对象,encode,Address,bytes,stdxBytesEncodeAddress,2.162329,3.446,3.446,raw/run-08/workload-01-stdx_json,logs/run-08-workload-01-stdx_json.log
8,1,2,cjfast_json,基础对象 | encode | Address | bytes,基础对象,encode,Address,bytes,cjfastBytesEncodeAddress,2.513978,3.446,3.250,raw/run-08/workload-01-cjfast_json,logs/run-08-workload-01-cjfast_json.log
8,1,3,yjson,基础对象 | encode | Address | bytes,基础对象,encode,Address,bytes,yjsonBytesEncodeAddress,3.011740,3.250,3.250,raw/run-08/workload-01-yjson,logs/run-08-workload-01-yjson.log
8,2,1,stdx_json,基础对象 | decode | Person | string,基础对象,decode,Person,string,stdxStringDecodePerson,2.901995,3.250,3.069,raw/run-08/workload-02-stdx_json,logs/run-08-workload-02-stdx_json.log
8,2,2,cjfast_json,基础对象 | decode | Person | string,基础对象,decode,Person,string,cjfastStringDecodePerson,3.511478,3.069,2.983,raw/run-08/workload-02-cjfast_json,logs/run-08-workload-02-cjfast_json.log
8,2,3,yjson,基础对象 | decode | Person | string,基础对象,decode,Person,string,yjsonStringDecodePerson,8.133234,2.983,2.985,raw/run-08/workload-02-yjson,logs/run-08-workload-02-yjson.log
8,3,1,stdx_json,基础对象 | decode | Person | bytes,基础对象,decode,Person,bytes,stdxBytesDecodePerson,2.901768,2.985,2.906,raw/run-08/workload-03-stdx_json,logs/run-08-workload-03-stdx_json.log
8,3,2,cjfast_json,基础对象 | decode | Person | bytes,基础对象,decode,Person,bytes,cjfastBytesDecodePerson,3.354447,2.906,3.314,raw/run-08/workload-03-cjfast_json,logs/run-08-workload-03-cjfast_json.log
8,3,3,yjson,基础对象 | decode | Person | bytes,基础对象,decode,Person,bytes,yjsonBytesDecodePerson,7.357103,3.314,3.208,raw/run-08/workload-03-yjson,logs/run-08-workload-03-yjson.log
8,4,1,stdx_json,基础对象 | decode | Address | string,基础对象,decode,Address,string,stdxStringDecodeAddress,2.341165,3.208,3.752,raw/run-08/workload-04-stdx_json,logs/run-08-workload-04-stdx_json.log
8,4,2,cjfast_json,基础对象 | decode | Address | string,基础对象,decode,Address,string,cjfastStringDecodeAddress,2.699482,3.752,3.752,raw/run-08/workload-04-cjfast_json,logs/run-08-workload-04-cjfast_json.log
8,4,3,yjson,基础对象 | decode | Address | string,基础对象,decode,Address,string,yjsonStringDecodeAddress,3.420349,3.752,3.612,raw/run-08/workload-04-yjson,logs/run-08-workload-04-yjson.log
8,5,1,stdx_json,基础对象 | decode | Address | bytes,基础对象,decode,Address,bytes,stdxBytesDecodeAddress,2.393382,3.612,3.612,raw/run-08/workload-05-stdx_json,logs/run-08-workload-05-stdx_json.log
8,5,2,cjfast_json,基础对象 | decode | Address | bytes,基础对象,decode,Address,bytes,cjfastBytesDecodeAddress,2.552785,3.612,3.482,raw/run-08/workload-05-cjfast_json,logs/run-08-workload-05-cjfast_json.log
8,5,3,yjson,基础对象 | decode | Address | bytes,基础对象,decode,Address,bytes,yjsonBytesDecodeAddress,3.341081,3.482,3.482,raw/run-08/workload-05-yjson,logs/run-08-workload-05-yjson.log
8,6,1,stdx_json,Pretty JSON | encode | Person | string,Pretty JSON,encode,Person,string,stdxStringEncodePrettyPerson,2.111834,3.482,3.283,raw/run-08/workload-06-stdx_json,logs/run-08-workload-06-stdx_json.log
8,6,2,cjfast_json,Pretty JSON | encode | Person | string,Pretty JSON,encode,Person,string,cjfastStringEncodePrettyPerson,2.949749,3.283,3.283,raw/run-08/workload-06-cjfast_json,logs/run-08-workload-06-cjfast_json.log
8,6,3,yjson,Pretty JSON | encode | Person | string,Pretty JSON,encode,Person,string,yjsonStringEncodePrettyPerson,2.942171,3.283,3.100,raw/run-08/workload-06-yjson,logs/run-08-workload-06-yjson.log
8,7,1,stdx_json,Pretty JSON | decode | Person | string,Pretty JSON,decode,Person,string,stdxStringDecodePrettyPerson,2.639941,3.100,3.413,raw/run-08/workload-07-stdx_json,logs/run-08-workload-07-stdx_json.log
8,7,2,cjfast_json,Pretty JSON | decode | Person | string,Pretty JSON,decode,Person,string,cjfastStringDecodePrettyPerson,3.215127,3.413,3.413,raw/run-08/workload-07-cjfast_json,logs/run-08-workload-07-cjfast_json.log
8,7,3,yjson,Pretty JSON | decode | Person | string,Pretty JSON,decode,Person,string,yjsonStringDecodePrettyPerson,5.341584,3.413,3.299,raw/run-08/workload-07-yjson,logs/run-08-workload-07-yjson.log
8,8,1,stdx_json,转义/Unicode | encode | String | string,转义/Unicode,encode,String,string,stdxStringEncodeEscapedUnicodeString,2.315817,3.299,3.195,raw/run-08/workload-08-stdx_json,logs/run-08-workload-08-stdx_json.log
8,8,2,cjfast_json,转义/Unicode | encode | String | string,转义/Unicode,encode,String,string,cjfastStringEncodeEscapedUnicodeString,2.495405,3.195,3.195,raw/run-08/workload-08-cjfast_json,logs/run-08-workload-08-cjfast_json.log
8,8,3,yjson,转义/Unicode | encode | String | string,转义/Unicode,encode,String,string,yjsonStringEncodeEscapedUnicodeString,3.022862,3.195,3.099,raw/run-08/workload-08-yjson,logs/run-08-workload-08-yjson.log
8,9,1,stdx_json,转义/Unicode | encode | String | bytes,转义/Unicode,encode,String,bytes,stdxBytesEncodeEscapedUnicodeString,2.247434,3.099,3.099,raw/run-08/workload-09-stdx_json,logs/run-08-workload-09-stdx_json.log
8,9,2,cjfast_json,转义/Unicode | encode | String | bytes,转义/Unicode,encode,String,bytes,cjfastBytesEncodeEscapedUnicodeString,2.477797,3.099,3.011,raw/run-08/workload-09-cjfast_json,logs/run-08-workload-09-cjfast_json.log
8,9,3,yjson,转义/Unicode | encode | String | bytes,转义/Unicode,encode,String,bytes,yjsonBytesEncodeEscapedUnicodeString,2.842941,3.011,3.011,raw/run-08/workload-09-yjson,logs/run-08-workload-09-yjson.log
8,10,1,stdx_json,转义/Unicode | decode | String | string,转义/Unicode,decode,String,string,stdxStringDecodeEscapedUnicodeString,2.422696,3.011,2.930,raw/run-08/workload-10-stdx_json,logs/run-08-workload-10-stdx_json.log
8,10,2,cjfast_json,转义/Unicode | decode | String | string,转义/Unicode,decode,String,string,cjfastStringDecodeEscapedUnicodeString,2.815246,2.930,2.930,raw/run-08/workload-10-cjfast_json,logs/run-08-workload-10-cjfast_json.log
8,10,3,yjson,转义/Unicode | decode | String | string,转义/Unicode,decode,String,string,yjsonStringDecodeEscapedUnicodeString,3.808111,2.930,2.775,raw/run-08/workload-10-yjson,logs/run-08-workload-10-yjson.log
8,11,1,stdx_json,转义/Unicode | decode | String | bytes,转义/Unicode,decode,String,bytes,stdxBytesDecodeEscapedUnicodeString,2.269626,2.775,2.712,raw/run-08/workload-11-stdx_json,logs/run-08-workload-11-stdx_json.log
8,11,2,cjfast_json,转义/Unicode | decode | String | bytes,转义/Unicode,decode,String,bytes,cjfastBytesDecodeEscapedUnicodeString,2.810665,2.712,2.712,raw/run-08/workload-11-cjfast_json,logs/run-08-workload-11-cjfast_json.log
8,11,3,yjson,转义/Unicode | decode | String | bytes,转义/Unicode,decode,String,bytes,yjsonBytesDecodeEscapedUnicodeString,3.563825,2.712,2.655,raw/run-08/workload-11-yjson,logs/run-08-workload-11-yjson.log
8,12,1,stdx_json,"深层嵌套 | encode | ArrayList<HashMap<String, ArrayList<ProfileRecord>>> | string",深层嵌套,encode,"ArrayList<HashMap<String, ArrayList<ProfileRecord>>>",string,stdxStringEncodeDeepNestedProfiles,2.200602,2.655,2.655,raw/run-08/workload-12-stdx_json,logs/run-08-workload-12-stdx_json.log
8,12,2,cjfast_json,"深层嵌套 | encode | ArrayList<HashMap<String, ArrayList<ProfileRecord>>> | string",深层嵌套,encode,"ArrayList<HashMap<String, ArrayList<ProfileRecord>>>",string,cjfastStringEncodeDeepNestedProfiles,3.234212,2.655,2.843,raw/run-08/workload-12-cjfast_json,logs/run-08-workload-12-cjfast_json.log
8,12,3,yjson,"深层嵌套 | encode | ArrayList<HashMap<String, ArrayList<ProfileRecord>>> | string",深层嵌套,encode,"ArrayList<HashMap<String, ArrayList<ProfileRecord>>>",string,yjsonStringEncodeDeepNestedProfiles,3.073016,2.843,2.856,raw/run-08/workload-12-yjson,logs/run-08-workload-12-yjson.log
8,13,1,stdx_json,"深层嵌套 | decode | ArrayList<HashMap<String, ArrayList<ProfileRecord>>> | string",深层嵌套,decode,"ArrayList<HashMap<String, ArrayList<ProfileRecord>>>",string,stdxStringDecodeDeepNestedProfiles,2.637372,2.856,2.856,raw/run-08/workload-13-stdx_json,logs/run-08-workload-13-stdx_json.log
8,13,2,cjfast_json,"深层嵌套 | decode | ArrayList<HashMap<String, ArrayList<ProfileRecord>>> | string",深层嵌套,decode,"ArrayList<HashMap<String, ArrayList<ProfileRecord>>>",string,cjfastStringDecodeDeepNestedProfiles,3.241750,2.856,3.028,raw/run-08/workload-13-cjfast_json,logs/run-08-workload-13-cjfast_json.log
8,13,3,yjson,"深层嵌套 | decode | ArrayList<HashMap<String, ArrayList<ProfileRecord>>> | string",深层嵌套,decode,"ArrayList<HashMap<String, ArrayList<ProfileRecord>>>",string,yjsonStringDecodeDeepNestedProfiles,3.911376,3.028,3.506,raw/run-08/workload-13-yjson,logs/run-08-workload-13-yjson.log
8,14,1,stdx_json,流式 I/O | encode | Person | stream,流式 I/O,encode,Person,stream,stdxStreamEncodePerson,2.110715,3.506,3.506,raw/run-08/workload-14-stdx_json,logs/run-08-workload-14-stdx_json.log
8,14,2,cjfast_json,流式 I/O | encode | Person | stream,流式 I/O,encode,Person,stream,cjfastStreamEncodePerson,2.825740,3.506,3.546,raw/run-08/workload-14-cjfast_json,logs/run-08-workload-14-cjfast_json.log
8,14,3,yjson,流式 I/O | encode | Person | stream,流式 I/O,encode,Person,stream,yjsonStreamEncodePerson,2.583354,3.546,3.546,raw/run-08/workload-14-yjson,logs/run-08-workload-14-yjson.log
8,15,1,stdx_json,流式 I/O | decode | Person | stream,流式 I/O,decode,Person,stream,stdxStreamDecodePerson,3.015626,3.546,3.422,raw/run-08/workload-15-stdx_json,logs/run-08-workload-15-stdx_json.log
8,15,2,cjfast_json,流式 I/O | decode | Person | stream,流式 I/O,decode,Person,stream,cjfastStreamDecodePerson,3.140833,3.422,3.422,raw/run-08/workload-15-cjfast_json,logs/run-08-workload-15-cjfast_json.log
8,15,3,yjson,流式 I/O | decode | Person | stream,流式 I/O,decode,Person,stream,yjsonStreamDecodePerson,3.334233,3.422,3.308,raw/run-08/workload-15-yjson,logs/run-08-workload-15-yjson.log
8,16,1,stdx_json,未知字段 | decode | Person | string,未知字段,decode,Person,string,stdxStringDecodeUnknownPerson,2.588624,3.308,3.308,raw/run-08/workload-16-stdx_json,logs/run-08-workload-16-stdx_json.log
8,16,2,cjfast_json,未知字段 | decode | Person | string,未知字段,decode,Person,string,cjfastStringDecodeUnknownPerson,3.104902,3.308,3.123,raw/run-08/workload-16-cjfast_json,logs/run-08-workload-16-cjfast_json.log
8,16,3,yjson,未知字段 | decode | Person | string,未知字段,decode,Person,string,yjsonStringDecodeUnknownPerson,5.709493,3.123,3.032,raw/run-08/workload-16-yjson,logs/run-08-workload-16-yjson.log
8,17,1,stdx_json,时间/大数 | encode | TemporalStats | string,时间/大数,encode,TemporalStats,string,stdxStringEncodeTemporalStats,2.053193,3.032,2.949,raw/run-08/workload-17-stdx_json,logs/run-08-workload-17-stdx_json.log
8,17,2,cjfast_json,时间/大数 | encode | TemporalStats | string,时间/大数,encode,TemporalStats,string,cjfastStringEncodeTemporalStats,2.958093,2.949,2.949,raw/run-08/workload-17-cjfast_json,logs/run-08-workload-17-cjfast_json.log
8,17,3,yjson,时间/大数 | encode | TemporalStats | string,时间/大数,encode,TemporalStats,string,yjsonStringEncodeTemporalStats,3.178359,2.949,2.873,raw/run-08/workload-17-yjson,logs/run-08-workload-17-yjson.log
8,18,1,stdx_json,时间/大数 | encode | TemporalStats | bytes,时间/大数,encode,TemporalStats,bytes,stdxBytesEncodeTemporalStats,2.007944,2.873,2.873,raw/run-08/workload-18-stdx_json,logs/run-08-workload-18-stdx_json.log
8,18,2,cjfast_json,时间/大数 | encode | TemporalStats | bytes,时间/大数,encode,TemporalStats,bytes,cjfastBytesEncodeTemporalStats,2.910185,2.873,2.803,raw/run-08/workload-18-cjfast_json,logs/run-08-workload-18-cjfast_json.log
8,18,3,yjson,时间/大数 | encode | TemporalStats | bytes,时间/大数,encode,TemporalStats,bytes,yjsonBytesEncodeTemporalStats,3.209801,2.803,2.819,raw/run-08/workload-18-yjson,logs/run-08-workload-18-yjson.log
8,19,1,stdx_json,时间/大数 | decode | TemporalStats | string,时间/大数,decode,TemporalStats,string,stdxStringDecodeTemporalStats,2.738183,2.819,2.819,raw/run-08/workload-19-stdx_json,logs/run-08-workload-19-stdx_json.log
8,19,2,cjfast_json,时间/大数 | decode | TemporalStats | string,时间/大数,decode,TemporalStats,string,cjfastStringDecodeTemporalStats,3.237568,2.819,2.753,raw/run-08/workload-19-cjfast_json,logs/run-08-workload-19-cjfast_json.log
8,19,3,yjson,时间/大数 | decode | TemporalStats | string,时间/大数,decode,TemporalStats,string,yjsonStringDecodeTemporalStats,3.413754,2.753,2.753,raw/run-08/workload-19-yjson,logs/run-08-workload-19-yjson.log
8,20,1,stdx_json,时间/大数 | decode | TemporalStats | bytes,时间/大数,decode,TemporalStats,bytes,stdxBytesDecodeTemporalStats,3.023256,2.753,2.612,raw/run-08/workload-20-stdx_json,logs/run-08-workload-20-stdx_json.log
8,20,2,cjfast_json,时间/大数 | decode | TemporalStats | bytes,时间/大数,decode,TemporalStats,bytes,cjfastBytesDecodeTemporalStats,3.293411,2.612,2.804,raw/run-08/workload-20-cjfast_json,logs/run-08-workload-20-cjfast_json.log
8,20,3,yjson,时间/大数 | decode | TemporalStats | bytes,时间/大数,decode,TemporalStats,bytes,yjsonBytesDecodeTemporalStats,3.313211,2.804,2.804,raw/run-08/workload-20-yjson,logs/run-08-workload-20-yjson.log
8,21,1,stdx_json,数值边界 | encode | UInt64Envelope | string,数值边界,encode,UInt64Envelope,string,stdxStringEncodeUInt64Envelope,2.129364,2.804,2.739,raw/run-08/workload-21-stdx_json,logs/run-08-workload-21-stdx_json.log
8,21,2,cjfast_json,数值边界 | encode | UInt64Envelope | string,数值边界,encode,UInt64Envelope,string,cjfastStringEncodeUInt64Envelope,2.928260,2.739,2.739,raw/run-08/workload-21-cjfast_json,logs/run-08-workload-21-cjfast_json.log
8,21,3,yjson,数值边界 | encode | UInt64Envelope | string,数值边界,encode,UInt64Envelope,string,yjsonStringEncodeUInt64Envelope,3.266354,2.739,2.760,raw/run-08/workload-21-yjson,logs/run-08-workload-21-yjson.log
8,22,1,stdx_json,数值边界 | encode | UInt64Envelope | bytes,数值边界,encode,UInt64Envelope,bytes,stdxBytesEncodeUInt64Envelope,2.270136,2.760,2.760,raw/run-08/workload-22-stdx_json,logs/run-08-workload-22-stdx_json.log
8,22,2,cjfast_json,数值边界 | encode | UInt64Envelope | bytes,数值边界,encode,UInt64Envelope,bytes,cjfastBytesEncodeUInt64Envelope,2.815003,2.760,2.699,raw/run-08/workload-22-cjfast_json,logs/run-08-workload-22-cjfast_json.log
8,22,3,yjson,数值边界 | encode | UInt64Envelope | bytes,数值边界,encode,UInt64Envelope,bytes,yjsonBytesEncodeUInt64Envelope,3.225244,2.699,2.804,raw/run-08/workload-22-yjson,logs/run-08-workload-22-yjson.log
8,23,1,stdx_json,数值边界 | decode | UInt64Envelope | string,数值边界,decode,UInt64Envelope,string,stdxStringDecodeUInt64Envelope,2.851396,2.804,2.804,raw/run-08/workload-23-stdx_json,logs/run-08-workload-23-stdx_json.log
8,23,2,cjfast_json,数值边界 | decode | UInt64Envelope | string,数值边界,decode,UInt64Envelope,string,cjfastStringDecodeUInt64Envelope,3.033406,2.804,2.739,raw/run-08/workload-23-cjfast_json,logs/run-08-workload-23-cjfast_json.log
8,23,3,yjson,数值边界 | decode | UInt64Envelope | string,数值边界,decode,UInt64Envelope,string,yjsonStringDecodeUInt64Envelope,3.678630,2.739,3.321,raw/run-08/workload-23-yjson,logs/run-08-workload-23-yjson.log
8,24,1,stdx_json,数值边界 | decode | UInt64Envelope | bytes,数值边界,decode,UInt64Envelope,bytes,stdxBytesDecodeUInt64Envelope,2.894495,3.321,3.321,raw/run-08/workload-24-stdx_json,logs/run-08-workload-24-stdx_json.log
8,24,2,cjfast_json,数值边界 | decode | UInt64Envelope | bytes,数值边界,decode,UInt64Envelope,bytes,cjfastBytesDecodeUInt64Envelope,3.415352,3.321,3.215,raw/run-08/workload-24-cjfast_json,logs/run-08-workload-24-cjfast_json.log
8,24,3,yjson,数值边界 | decode | UInt64Envelope | bytes,数值边界,decode,UInt64Envelope,bytes,yjsonBytesDecodeUInt64Envelope,3.489576,3.215,3.117,raw/run-08/workload-24-yjson,logs/run-08-workload-24-yjson.log
8,25,1,stdx_json,嵌套对象 | encode | ProfileBundle | string,嵌套对象,encode,ProfileBundle,string,stdxStringEncodeProfileBundle,2.211646,3.117,3.117,raw/run-08/workload-25-stdx_json,logs/run-08-workload-25-stdx_json.log
8,25,2,cjfast_json,嵌套对象 | encode | ProfileBundle | string,嵌套对象,encode,ProfileBundle,string,cjfastStringEncodeProfileBundle,3.047594,3.117,3.588,raw/run-08/workload-25-cjfast_json,logs/run-08-workload-25-cjfast_json.log
8,25,3,yjson,嵌套对象 | encode | ProfileBundle | string,嵌套对象,encode,ProfileBundle,string,yjsonStringEncodeProfileBundle,3.507726,3.588,3.588,raw/run-08/workload-25-yjson,logs/run-08-workload-25-yjson.log
8,26,1,stdx_json,嵌套对象 | encode | ProfileBundle | bytes,嵌套对象,encode,ProfileBundle,bytes,stdxBytesEncodeProfileBundle,2.057332,3.588,3.461,raw/run-08/workload-26-stdx_json,logs/run-08-workload-26-stdx_json.log
8,26,2,cjfast_json,嵌套对象 | encode | ProfileBundle | bytes,嵌套对象,encode,ProfileBundle,bytes,cjfastBytesEncodeProfileBundle,3.087966,3.461,3.461,raw/run-08/workload-26-cjfast_json,logs/run-08-workload-26-cjfast_json.log
8,26,3,yjson,嵌套对象 | encode | ProfileBundle | bytes,嵌套对象,encode,ProfileBundle,bytes,yjsonBytesEncodeProfileBundle,3.792073,3.461,3.344,raw/run-08/workload-26-yjson,logs/run-08-workload-26-yjson.log
8,27,1,stdx_json,嵌套对象 | decode | ProfileBundle | string,嵌套对象,decode,ProfileBundle,string,stdxStringDecodeProfileBundle,2.725193,3.344,3.557,raw/run-08/workload-27-stdx_json,logs/run-08-workload-27-stdx_json.log
8,27,2,cjfast_json,嵌套对象 | decode | ProfileBundle | string,嵌套对象,decode,ProfileBundle,string,cjfastStringDecodeProfileBundle,3.209075,3.557,3.557,raw/run-08/workload-27-cjfast_json,logs/run-08-workload-27-cjfast_json.log
8,27,3,yjson,嵌套对象 | decode | ProfileBundle | string,嵌套对象,decode,ProfileBundle,string,yjsonStringDecodeProfileBundle,3.847000,3.557,3.432,raw/run-08/workload-27-yjson,logs/run-08-workload-27-yjson.log
8,28,1,stdx_json,嵌套对象 | decode | ProfileBundle | bytes,嵌套对象,decode,ProfileBundle,bytes,stdxBytesDecodeProfileBundle,2.483714,3.432,3.432,raw/run-08/workload-28-stdx_json,logs/run-08-workload-28-stdx_json.log
8,28,2,cjfast_json,嵌套对象 | decode | ProfileBundle | bytes,嵌套对象,decode,ProfileBundle,bytes,cjfastBytesDecodeProfileBundle,3.481355,3.432,3.237,raw/run-08/workload-28-cjfast_json,logs/run-08-workload-28-cjfast_json.log
8,28,3,yjson,嵌套对象 | decode | ProfileBundle | bytes,嵌套对象,decode,ProfileBundle,bytes,yjsonBytesDecodeProfileBundle,3.430165,3.237,3.138,raw/run-08/workload-28-yjson,logs/run-08-workload-28-yjson.log
8,29,1,stdx_json,字段顺序 | decode | Person | string,字段顺序,decode,Person,string,stdxStringDecodeUnorderedPerson,2.799230,3.138,3.138,raw/run-08/workload-29-stdx_json,logs/run-08-workload-29-stdx_json.log
8,29,2,cjfast_json,字段顺序 | decode | Person | string,字段顺序,decode,Person,string,cjfastStringDecodeUnorderedPerson,3.095108,3.138,3.287,raw/run-08/workload-29-cjfast_json,logs/run-08-workload-29-cjfast_json.log
8,29,3,yjson,字段顺序 | decode | Person | string,字段顺序,decode,Person,string,yjsonStringDecodeUnorderedPerson,5.941829,3.287,3.184,raw/run-08/workload-29-yjson,logs/run-08-workload-29-yjson.log
8,30,1,stdx_json,大数组 | encode | ArrayList<ProfileRecord>[64] | string,大数组,encode,ArrayList<ProfileRecord>[64],string,stdxStringEncodeLargeProfileArray,2.415561,3.184,3.088,raw/run-08/workload-30-stdx_json,logs/run-08-workload-30-stdx_json.log
8,30,2,cjfast_json,大数组 | encode | ArrayList<ProfileRecord>[64] | string,大数组,encode,ArrayList<ProfileRecord>[64],string,cjfastStringEncodeLargeProfileArray,2.854595,3.088,3.088,raw/run-08/workload-30-cjfast_json,logs/run-08-workload-30-cjfast_json.log
8,30,3,yjson,大数组 | encode | ArrayList<ProfileRecord>[64] | string,大数组,encode,ArrayList<ProfileRecord>[64],string,yjsonStringEncodeLargeProfileArray,2.724880,3.088,3.001,raw/run-08/workload-30-yjson,logs/run-08-workload-30-yjson.log
8,31,1,stdx_json,大数组 | decode | ArrayList<ProfileRecord>[64] | string,大数组,decode,ArrayList<ProfileRecord>[64],string,stdxStringDecodeLargeProfileArray,2.840482,3.001,3.001,raw/run-08/workload-31-stdx_json,logs/run-08-workload-31-stdx_json.log
8,31,2,cjfast_json,大数组 | decode | ArrayList<ProfileRecord>[64] | string,大数组,decode,ArrayList<ProfileRecord>[64],string,cjfastStringDecodeLargeProfileArray,2.532536,3.001,2.920,raw/run-08/workload-31-cjfast_json,logs/run-08-workload-31-cjfast_json.log
8,31,3,yjson,大数组 | decode | ArrayList<ProfileRecord>[64] | string,大数组,decode,ArrayList<ProfileRecord>[64],string,yjsonStringDecodeLargeProfileArray,6.103236,2.920,2.847,raw/run-08/workload-31-yjson,logs/run-08-workload-31-yjson.log
8,32,1,stdx_json,"大 Map | encode | HashMap<String, Int64>[64] | string",大 Map,encode,"HashMap<String, Int64>[64]",string,stdxStringEncodeLargeInt64Map,2.247214,2.847,2.779,raw/run-08/workload-32-stdx_json,logs/run-08-workload-32-stdx_json.log
8,32,2,cjfast_json,"大 Map | encode | HashMap<String, Int64>[64] | string",大 Map,encode,"HashMap<String, Int64>[64]",string,cjfastStringEncodeLargeInt64Map,3.663737,2.779,2.779,raw/run-08/workload-32-cjfast_json,logs/run-08-workload-32-cjfast_json.log
8,32,3,yjson,"大 Map | encode | HashMap<String, Int64>[64] | string",大 Map,encode,"HashMap<String, Int64>[64]",string,yjsonStringEncodeLargeInt64Map,3.627643,2.779,2.716,raw/run-08/workload-32-yjson,logs/run-08-workload-32-yjson.log
8,33,1,stdx_json,"大 Map | decode | HashMap<String, Int64>[64] | string",大 Map,decode,"HashMap<String, Int64>[64]",string,stdxStringDecodeLargeInt64Map,2.858833,2.716,2.659,raw/run-08/workload-33-stdx_json,logs/run-08-workload-33-stdx_json.log
8,33,2,cjfast_json,"大 Map | decode | HashMap<String, Int64>[64] | string",大 Map,decode,"HashMap<String, Int64>[64]",string,cjfastStringDecodeLargeInt64Map,3.463378,2.659,2.659,raw/run-08/workload-33-cjfast_json,logs/run-08-workload-33-cjfast_json.log
8,33,3,yjson,"大 Map | decode | HashMap<String, Int64>[64] | string",大 Map,decode,"HashMap<String, Int64>[64]",string,yjsonStringDecodeLargeInt64Map,3.575523,2.659,2.605,raw/run-08/workload-33-yjson,logs/run-08-workload-33-yjson.log
8,34,1,stdx_json,基础对象 | encode | Person | string,基础对象,encode,Person,string,stdxStringEncodePerson,2.188121,2.605,2.605,raw/run-08/workload-34-stdx_json,logs/run-08-workload-34-stdx_json.log
8,34,2,cjfast_json,基础对象 | encode | Person | string,基础对象,encode,Person,string,cjfastStringEncodePerson,2.984356,2.605,2.557,raw/run-08/workload-34-cjfast_json,logs/run-08-workload-34-cjfast_json.log
8,34,3,yjson,基础对象 | encode | Person | string,基础对象,encode,Person,string,yjsonStringEncodePerson,2.928416,2.557,2.913,raw/run-08/workload-34-yjson,logs/run-08-workload-34-yjson.log
8,35,1,stdx_json,基础对象 | encode | Person | bytes,基础对象,encode,Person,bytes,stdxBytesEncodePerson,2.147298,2.913,2.913,raw/run-08/workload-35-stdx_json,logs/run-08-workload-35-stdx_json.log
8,35,2,cjfast_json,基础对象 | encode | Person | bytes,基础对象,encode,Person,bytes,cjfastBytesEncodePerson,2.924076,2.913,3.080,raw/run-08/workload-35-cjfast_json,logs/run-08-workload-35-cjfast_json.log
8,35,3,yjson,基础对象 | encode | Person | bytes,基础对象,encode,Person,bytes,yjsonBytesEncodePerson,3.192748,3.080,3.080,raw/run-08/workload-35-yjson,logs/run-08-workload-35-yjson.log
8,36,1,stdx_json,基础对象 | encode | Address | string,基础对象,encode,Address,string,stdxStringEncodeAddress,2.253617,3.080,2.993,raw/run-08/workload-36-stdx_json,logs/run-08-workload-36-stdx_json.log
8,36,2,cjfast_json,基础对象 | encode | Address | string,基础对象,encode,Address,string,cjfastStringEncodeAddress,2.820549,2.993,2.993,raw/run-08/workload-36-cjfast_json,logs/run-08-workload-36-cjfast_json.log
8,36,3,yjson,基础对象 | encode | Address | string,基础对象,encode,Address,string,yjsonStringEncodeAddress,2.795434,2.993,2.914,raw/run-08/workload-36-yjson,logs/run-08-workload-36-yjson.log
9,1,1,cjfast_json,基础对象 | encode | Person | bytes,基础对象,encode,Person,bytes,cjfastBytesEncodePerson,3.149780,2.914,2.914,raw/run-09/workload-01-cjfast_json,logs/run-09-workload-01-cjfast_json.log
9,1,2,yjson,基础对象 | encode | Person | bytes,基础对象,encode,Person,bytes,yjsonBytesEncodePerson,2.925444,2.914,2.921,raw/run-09/workload-01-yjson,logs/run-09-workload-01-yjson.log
9,1,3,stdx_json,基础对象 | encode | Person | bytes,基础对象,encode,Person,bytes,stdxBytesEncodePerson,2.305296,2.921,3.248,raw/run-09/workload-01-stdx_json,logs/run-09-workload-01-stdx_json.log
9,2,1,cjfast_json,基础对象 | encode | Person | string,基础对象,encode,Person,string,cjfastStringEncodePerson,2.797448,3.248,3.248,raw/run-09/workload-02-cjfast_json,logs/run-09-workload-02-cjfast_json.log
9,2,2,yjson,基础对象 | encode | Person | string,基础对象,encode,Person,string,yjsonStringEncodePerson,2.888921,3.248,3.147,raw/run-09/workload-02-yjson,logs/run-09-workload-02-yjson.log
9,2,3,stdx_json,基础对象 | encode | Person | string,基础对象,encode,Person,string,stdxStringEncodePerson,2.155503,3.147,3.147,raw/run-09/workload-02-stdx_json,logs/run-09-workload-02-stdx_json.log
9,3,1,cjfast_json,"大 Map | decode | HashMap<String, Int64>[64] | string",大 Map,decode,"HashMap<String, Int64>[64]",string,cjfastStringDecodeLargeInt64Map,3.469261,3.147,3.055,raw/run-09/workload-03-cjfast_json,logs/run-09-workload-03-cjfast_json.log
9,3,2,yjson,"大 Map | decode | HashMap<String, Int64>[64] | string",大 Map,decode,"HashMap<String, Int64>[64]",string,yjsonStringDecodeLargeInt64Map,4.062021,3.055,3.050,raw/run-09/workload-03-yjson,logs/run-09-workload-03-yjson.log
9,3,3,stdx_json,"大 Map | decode | HashMap<String, Int64>[64] | string",大 Map,decode,"HashMap<String, Int64>[64]",string,stdxStringDecodeLargeInt64Map,3.032409,3.050,3.050,raw/run-09/workload-03-stdx_json,logs/run-09-workload-03-stdx_json.log
9,4,1,cjfast_json,"大 Map | encode | HashMap<String, Int64>[64] | string",大 Map,encode,"HashMap<String, Int64>[64]",string,cjfastStringEncodeLargeInt64Map,3.416042,3.050,2.966,raw/run-09/workload-04-cjfast_json,logs/run-09-workload-04-cjfast_json.log
9,4,2,yjson,"大 Map | encode | HashMap<String, Int64>[64] | string",大 Map,encode,"HashMap<String, Int64>[64]",string,yjsonStringEncodeLargeInt64Map,3.488423,2.966,3.449,raw/run-09/workload-04-yjson,logs/run-09-workload-04-yjson.log
9,4,3,stdx_json,"大 Map | encode | HashMap<String, Int64>[64] | string",大 Map,encode,"HashMap<String, Int64>[64]",string,stdxStringEncodeLargeInt64Map,2.519673,3.449,3.449,raw/run-09/workload-04-stdx_json,logs/run-09-workload-04-stdx_json.log
9,5,1,cjfast_json,大数组 | decode | ArrayList<ProfileRecord>[64] | string,大数组,decode,ArrayList<ProfileRecord>[64],string,cjfastStringDecodeLargeProfileArray,2.678595,3.449,3.413,raw/run-09/workload-05-cjfast_json,logs/run-09-workload-05-cjfast_json.log
9,5,2,yjson,大数组 | decode | ArrayList<ProfileRecord>[64] | string,大数组,decode,ArrayList<ProfileRecord>[64],string,yjsonStringDecodeLargeProfileArray,5.963081,3.413,3.300,raw/run-09/workload-05-yjson,logs/run-09-workload-05-yjson.log
9,5,3,stdx_json,大数组 | decode | ArrayList<ProfileRecord>[64] | string,大数组,decode,ArrayList<ProfileRecord>[64],string,stdxStringDecodeLargeProfileArray,2.660354,3.300,3.300,raw/run-09/workload-05-stdx_json,logs/run-09-workload-05-stdx_json.log
9,6,1,cjfast_json,大数组 | encode | ArrayList<ProfileRecord>[64] | string,大数组,encode,ArrayList<ProfileRecord>[64],string,cjfastStringEncodeLargeProfileArray,2.943352,3.300,3.195,raw/run-09/workload-06-cjfast_json,logs/run-09-workload-06-cjfast_json.log
9,6,2,yjson,大数组 | encode | ArrayList<ProfileRecord>[64] | string,大数组,encode,ArrayList<ProfileRecord>[64],string,yjsonStringEncodeLargeProfileArray,2.678889,3.195,3.195,raw/run-09/workload-06-yjson,logs/run-09-workload-06-yjson.log
9,6,3,stdx_json,大数组 | encode | ArrayList<ProfileRecord>[64] | string,大数组,encode,ArrayList<ProfileRecord>[64],string,stdxStringEncodeLargeProfileArray,2.122955,3.195,3.019,raw/run-09/workload-06-stdx_json,logs/run-09-workload-06-stdx_json.log
9,7,1,cjfast_json,字段顺序 | decode | Person | string,字段顺序,decode,Person,string,cjfastStringDecodeUnorderedPerson,3.121395,3.019,3.258,raw/run-09/workload-07-cjfast_json,logs/run-09-workload-07-cjfast_json.log
9,7,2,yjson,字段顺序 | decode | Person | string,字段顺序,decode,Person,string,yjsonStringDecodeUnorderedPerson,5.462774,3.258,3.718,raw/run-09/workload-07-yjson,logs/run-09-workload-07-yjson.log
9,7,3,stdx_json,字段顺序 | decode | Person | string,字段顺序,decode,Person,string,stdxStringDecodeUnorderedPerson,2.828885,3.718,3.718,raw/run-09/workload-07-stdx_json,logs/run-09-workload-07-stdx_json.log
9,8,1,cjfast_json,嵌套对象 | decode | ProfileBundle | bytes,嵌套对象,decode,ProfileBundle,bytes,cjfastBytesDecodeProfileBundle,3.516703,3.718,3.580,raw/run-09/workload-08-cjfast_json,logs/run-09-workload-08-cjfast_json.log
9,8,2,yjson,嵌套对象 | decode | ProfileBundle | bytes,嵌套对象,decode,ProfileBundle,bytes,yjsonBytesDecodeProfileBundle,3.589655,3.580,4.014,raw/run-09/workload-08-yjson,logs/run-09-workload-08-yjson.log
9,8,3,stdx_json,嵌套对象 | decode | ProfileBundle | bytes,嵌套对象,decode,ProfileBundle,bytes,stdxBytesDecodeProfileBundle,2.744390,4.014,4.014,raw/run-09/workload-08-stdx_json,logs/run-09-workload-08-stdx_json.log
9,9,1,cjfast_json,嵌套对象 | decode | ProfileBundle | string,嵌套对象,decode,ProfileBundle,string,cjfastStringDecodeProfileBundle,3.265156,4.014,3.853,raw/run-09/workload-09-cjfast_json,logs/run-09-workload-09-cjfast_json.log
9,9,2,yjson,嵌套对象 | decode | ProfileBundle | string,嵌套对象,decode,ProfileBundle,string,yjsonStringDecodeProfileBundle,3.931386,3.853,4.345,raw/run-09/workload-09-yjson,logs/run-09-workload-09-yjson.log
9,9,3,stdx_json,嵌套对象 | decode | ProfileBundle | string,嵌套对象,decode,ProfileBundle,string,stdxStringDecodeProfileBundle,2.435182,4.345,4.345,raw/run-09/workload-09-stdx_json,logs/run-09-workload-09-stdx_json.log
9,10,1,cjfast_json,嵌套对象 | encode | ProfileBundle | bytes,嵌套对象,encode,ProfileBundle,bytes,cjfastBytesEncodeProfileBundle,3.082365,4.345,4.157,raw/run-09/workload-10-cjfast_json,logs/run-09-workload-10-cjfast_json.log
9,10,2,yjson,嵌套对象 | encode | ProfileBundle | bytes,嵌套对象,encode,ProfileBundle,bytes,yjsonBytesEncodeProfileBundle,3.320934,4.157,4.157,raw/run-09/workload-10-yjson,logs/run-09-workload-10-yjson.log
9,10,3,stdx_json,嵌套对象 | encode | ProfileBundle | bytes,嵌套对象,encode,ProfileBundle,bytes,stdxBytesEncodeProfileBundle,2.034901,4.157,3.984,raw/run-09/workload-10-stdx_json,logs/run-09-workload-10-stdx_json.log
9,11,1,cjfast_json,嵌套对象 | encode | ProfileBundle | string,嵌套对象,encode,ProfileBundle,string,cjfastStringEncodeProfileBundle,2.863544,3.984,3.984,raw/run-09/workload-11-cjfast_json,logs/run-09-workload-11-cjfast_json.log
9,11,2,yjson,嵌套对象 | encode | ProfileBundle | string,嵌套对象,encode,ProfileBundle,string,yjsonStringEncodeProfileBundle,3.847866,3.984,3.825,raw/run-09/workload-11-yjson,logs/run-09-workload-11-yjson.log
9,11,3,stdx_json,嵌套对象 | encode | ProfileBundle | string,嵌套对象,encode,ProfileBundle,string,stdxStringEncodeProfileBundle,2.094301,3.825,4.240,raw/run-09/workload-11-stdx_json,logs/run-09-workload-11-stdx_json.log
9,12,1,cjfast_json,数值边界 | decode | UInt64Envelope | bytes,数值边界,decode,UInt64Envelope,bytes,cjfastBytesDecodeUInt64Envelope,3.294954,4.240,4.240,raw/run-09/workload-12-cjfast_json,logs/run-09-workload-12-cjfast_json.log
9,12,2,yjson,数值边界 | decode | UInt64Envelope | bytes,数值边界,decode,UInt64Envelope,bytes,yjsonBytesDecodeUInt64Envelope,3.568330,4.240,4.060,raw/run-09/workload-12-yjson,logs/run-09-workload-12-yjson.log
9,12,3,stdx_json,数值边界 | decode | UInt64Envelope | bytes,数值边界,decode,UInt64Envelope,bytes,stdxBytesDecodeUInt64Envelope,2.650261,4.060,4.060,raw/run-09/workload-12-stdx_json,logs/run-09-workload-12-stdx_json.log
9,13,1,cjfast_json,数值边界 | decode | UInt64Envelope | string,数值边界,decode,UInt64Envelope,string,cjfastStringDecodeUInt64Envelope,3.248489,4.060,3.895,raw/run-09/workload-13-cjfast_json,logs/run-09-workload-13-cjfast_json.log
9,13,2,yjson,数值边界 | decode | UInt64Envelope | string,数值边界,decode,UInt64Envelope,string,yjsonStringDecodeUInt64Envelope,3.797969,3.895,3.743,raw/run-09/workload-13-yjson,logs/run-09-workload-13-yjson.log
9,13,3,stdx_json,数值边界 | decode | UInt64Envelope | string,数值边界,decode,UInt64Envelope,string,stdxStringDecodeUInt64Envelope,2.612287,3.743,3.743,raw/run-09/workload-13-stdx_json,logs/run-09-workload-13-stdx_json.log
9,14,1,cjfast_json,数值边界 | encode | UInt64Envelope | bytes,数值边界,encode,UInt64Envelope,bytes,cjfastBytesEncodeUInt64Envelope,2.754092,3.743,3.604,raw/run-09/workload-14-cjfast_json,logs/run-09-workload-14-cjfast_json.log
9,14,2,yjson,数值边界 | encode | UInt64Envelope | bytes,数值边界,encode,UInt64Envelope,bytes,yjsonBytesEncodeUInt64Envelope,3.579424,3.604,4.036,raw/run-09/workload-14-yjson,logs/run-09-workload-14-yjson.log
9,14,3,stdx_json,数值边界 | encode | UInt64Envelope | bytes,数值边界,encode,UInt64Envelope,bytes,stdxBytesEncodeUInt64Envelope,2.187413,4.036,4.036,raw/run-09/workload-14-stdx_json,logs/run-09-workload-14-stdx_json.log
9,15,1,cjfast_json,数值边界 | encode | UInt64Envelope | string,数值边界,encode,UInt64Envelope,string,cjfastStringEncodeUInt64Envelope,2.979130,4.036,3.873,raw/run-09/workload-15-cjfast_json,logs/run-09-workload-15-cjfast_json.log
9,15,2,yjson,数值边界 | encode | UInt64Envelope | string,数值边界,encode,UInt64Envelope,string,yjsonStringEncodeUInt64Envelope,3.312212,3.873,3.873,raw/run-09/workload-15-yjson,logs/run-09-workload-15-yjson.log
9,15,3,stdx_json,数值边界 | encode | UInt64Envelope | string,数值边界,encode,UInt64Envelope,string,stdxStringEncodeUInt64Envelope,2.104855,3.873,3.723,raw/run-09/workload-15-stdx_json,logs/run-09-workload-15-stdx_json.log
9,16,1,cjfast_json,时间/大数 | decode | TemporalStats | bytes,时间/大数,decode,TemporalStats,bytes,cjfastBytesDecodeTemporalStats,3.087045,3.723,3.723,raw/run-09/workload-16-cjfast_json,logs/run-09-workload-16-cjfast_json.log
9,16,2,yjson,时间/大数 | decode | TemporalStats | bytes,时间/大数,decode,TemporalStats,bytes,yjsonBytesDecodeTemporalStats,3.420764,3.723,3.584,raw/run-09/workload-16-yjson,logs/run-09-workload-16-yjson.log
9,16,3,stdx_json,时间/大数 | decode | TemporalStats | bytes,时间/大数,decode,TemporalStats,bytes,stdxBytesDecodeTemporalStats,2.918144,3.584,3.377,raw/run-09/workload-16-stdx_json,logs/run-09-workload-16-stdx_json.log
9,17,1,cjfast_json,时间/大数 | decode | TemporalStats | string,时间/大数,decode,TemporalStats,string,cjfastStringDecodeTemporalStats,3.241226,3.377,3.377,raw/run-09/workload-17-cjfast_json,logs/run-09-workload-17-cjfast_json.log
9,17,2,yjson,时间/大数 | decode | TemporalStats | string,时间/大数,decode,TemporalStats,string,yjsonStringDecodeTemporalStats,3.219295,3.377,3.267,raw/run-09/workload-17-yjson,logs/run-09-workload-17-yjson.log
9,17,3,stdx_json,时间/大数 | decode | TemporalStats | string,时间/大数,decode,TemporalStats,string,stdxStringDecodeTemporalStats,2.871693,3.267,3.267,raw/run-09/workload-17-stdx_json,logs/run-09-workload-17-stdx_json.log
9,18,1,cjfast_json,时间/大数 | encode | TemporalStats | bytes,时间/大数,encode,TemporalStats,bytes,cjfastBytesEncodeTemporalStats,2.897631,3.267,3.246,raw/run-09/workload-18-cjfast_json,logs/run-09-workload-18-cjfast_json.log
9,18,2,yjson,时间/大数 | encode | TemporalStats | bytes,时间/大数,encode,TemporalStats,bytes,yjsonBytesEncodeTemporalStats,3.108266,3.246,3.146,raw/run-09/workload-18-yjson,logs/run-09-workload-18-yjson.log
9,18,3,stdx_json,时间/大数 | encode | TemporalStats | bytes,时间/大数,encode,TemporalStats,bytes,stdxBytesEncodeTemporalStats,2.017290,3.146,3.146,raw/run-09/workload-18-stdx_json,logs/run-09-workload-18-stdx_json.log
9,19,1,cjfast_json,时间/大数 | encode | TemporalStats | string,时间/大数,encode,TemporalStats,string,cjfastStringEncodeTemporalStats,2.891019,3.146,3.054,raw/run-09/workload-19-cjfast_json,logs/run-09-workload-19-cjfast_json.log
9,19,2,yjson,时间/大数 | encode | TemporalStats | string,时间/大数,encode,TemporalStats,string,yjsonStringEncodeTemporalStats,3.147474,3.054,3.054,raw/run-09/workload-19-yjson,logs/run-09-workload-19-yjson.log
9,19,3,stdx_json,时间/大数 | encode | TemporalStats | string,时间/大数,encode,TemporalStats,string,stdxStringEncodeTemporalStats,1.986181,3.054,2.969,raw/run-09/workload-19-stdx_json,logs/run-09-workload-19-stdx_json.log
9,20,1,cjfast_json,未知字段 | decode | Person | string,未知字段,decode,Person,string,cjfastStringDecodeUnknownPerson,3.143575,2.969,2.969,raw/run-09/workload-20-cjfast_json,logs/run-09-workload-20-cjfast_json.log
9,20,2,yjson,未知字段 | decode | Person | string,未知字段,decode,Person,string,yjsonStringDecodeUnknownPerson,5.431374,2.969,2.972,raw/run-09/workload-20-yjson,logs/run-09-workload-20-yjson.log
9,20,3,stdx_json,未知字段 | decode | Person | string,未知字段,decode,Person,string,stdxStringDecodeUnknownPerson,2.698190,2.972,2.814,raw/run-09/workload-20-stdx_json,logs/run-09-workload-20-stdx_json.log
9,21,1,cjfast_json,流式 I/O | decode | Person | stream,流式 I/O,decode,Person,stream,cjfastStreamDecodePerson,3.213667,2.814,3.229,raw/run-09/workload-21-cjfast_json,logs/run-09-workload-21-cjfast_json.log
9,21,2,yjson,流式 I/O | decode | Person | stream,流式 I/O,decode,Person,stream,yjsonStreamDecodePerson,3.196580,3.229,3.229,raw/run-09/workload-21-yjson,logs/run-09-workload-21-yjson.log
9,21,3,stdx_json,流式 I/O | decode | Person | stream,流式 I/O,decode,Person,stream,stdxStreamDecodePerson,2.694776,3.229,3.211,raw/run-09/workload-21-stdx_json,logs/run-09-workload-21-stdx_json.log
9,22,1,cjfast_json,流式 I/O | encode | Person | stream,流式 I/O,encode,Person,stream,cjfastStreamEncodePerson,2.789572,3.211,3.211,raw/run-09/workload-22-cjfast_json,logs/run-09-workload-22-cjfast_json.log
9,22,2,yjson,流式 I/O | encode | Person | stream,流式 I/O,encode,Person,stream,yjsonStreamEncodePerson,2.794763,3.211,3.435,raw/run-09/workload-22-yjson,logs/run-09-workload-22-yjson.log
9,22,3,stdx_json,流式 I/O | encode | Person | stream,流式 I/O,encode,Person,stream,stdxStreamEncodePerson,2.299746,3.435,3.435,raw/run-09/workload-22-stdx_json,logs/run-09-workload-22-stdx_json.log
9,23,1,cjfast_json,"深层嵌套 | decode | ArrayList<HashMap<String, ArrayList<ProfileRecord>>> | string",深层嵌套,decode,"ArrayList<HashMap<String, ArrayList<ProfileRecord>>>",string,cjfastStringDecodeDeepNestedProfiles,3.068436,3.435,3.399,raw/run-09/workload-23-cjfast_json,logs/run-09-workload-23-cjfast_json.log
9,23,2,yjson,"深层嵌套 | decode | ArrayList<HashMap<String, ArrayList<ProfileRecord>>> | string",深层嵌套,decode,"ArrayList<HashMap<String, ArrayList<ProfileRecord>>>",string,yjsonStringDecodeDeepNestedProfiles,4.102696,3.399,3.287,raw/run-09/workload-23-yjson,logs/run-09-workload-23-yjson.log
9,23,3,stdx_json,"深层嵌套 | decode | ArrayList<HashMap<String, ArrayList<ProfileRecord>>> | string",深层嵌套,decode,"ArrayList<HashMap<String, ArrayList<ProfileRecord>>>",string,stdxStringDecodeDeepNestedProfiles,2.562304,3.287,3.287,raw/run-09/workload-23-stdx_json,logs/run-09-workload-23-stdx_json.log
9,24,1,cjfast_json,"深层嵌套 | encode | ArrayList<HashMap<String, ArrayList<ProfileRecord>>> | string",深层嵌套,encode,"ArrayList<HashMap<String, ArrayList<ProfileRecord>>>",string,cjfastStringEncodeDeepNestedProfiles,2.694716,3.287,3.184,raw/run-09/workload-24-cjfast_json,logs/run-09-workload-24-cjfast_json.log
9,24,2,yjson,"深层嵌套 | encode | ArrayList<HashMap<String, ArrayList<ProfileRecord>>> | string",深层嵌套,encode,"ArrayList<HashMap<String, ArrayList<ProfileRecord>>>",string,yjsonStringEncodeDeepNestedProfiles,3.112377,3.184,3.184,raw/run-09/workload-24-yjson,logs/run-09-workload-24-yjson.log
9,24,3,stdx_json,"深层嵌套 | encode | ArrayList<HashMap<String, ArrayList<ProfileRecord>>> | string",深层嵌套,encode,"ArrayList<HashMap<String, ArrayList<ProfileRecord>>>",string,stdxStringEncodeDeepNestedProfiles,2.448162,3.184,3.088,raw/run-09/workload-24-stdx_json,logs/run-09-workload-24-stdx_json.log
9,25,1,cjfast_json,转义/Unicode | decode | String | bytes,转义/Unicode,decode,String,bytes,cjfastBytesDecodeEscapedUnicodeString,2.743860,3.088,3.088,raw/run-09/workload-25-cjfast_json,logs/run-09-workload-25-cjfast_json.log
9,25,2,yjson,转义/Unicode | decode | String | bytes,转义/Unicode,decode,String,bytes,yjsonBytesDecodeEscapedUnicodeString,3.358347,3.088,3.242,raw/run-09/workload-25-yjson,logs/run-09-workload-25-yjson.log
9,25,3,stdx_json,转义/Unicode | decode | String | bytes,转义/Unicode,decode,String,bytes,stdxBytesDecodeEscapedUnicodeString,2.302217,3.242,3.303,raw/run-09/workload-25-stdx_json,logs/run-09-workload-25-stdx_json.log
9,26,1,cjfast_json,转义/Unicode | decode | String | string,转义/Unicode,decode,String,string,cjfastStringDecodeEscapedUnicodeString,2.783457,3.303,3.303,raw/run-09/workload-26-cjfast_json,logs/run-09-workload-26-cjfast_json.log
9,26,2,yjson,转义/Unicode | decode | String | string,转义/Unicode,decode,String,string,yjsonStringDecodeEscapedUnicodeString,3.826626,3.303,3.198,raw/run-09/workload-26-yjson,logs/run-09-workload-26-yjson.log
9,26,3,stdx_json,转义/Unicode | decode | String | string,转义/Unicode,decode,String,string,stdxStringDecodeEscapedUnicodeString,2.292001,3.198,3.198,raw/run-09/workload-26-stdx_json,logs/run-09-workload-26-stdx_json.log
9,27,1,cjfast_json,转义/Unicode | encode | String | bytes,转义/Unicode,encode,String,bytes,cjfastBytesEncodeEscapedUnicodeString,2.714593,3.198,3.102,raw/run-09/workload-27-cjfast_json,logs/run-09-workload-27-cjfast_json.log
9,27,2,yjson,转义/Unicode | encode | String | bytes,转义/Unicode,encode,String,bytes,yjsonBytesEncodeEscapedUnicodeString,2.784706,3.102,3.102,raw/run-09/workload-27-yjson,logs/run-09-workload-27-yjson.log
9,27,3,stdx_json,转义/Unicode | encode | String | bytes,转义/Unicode,encode,String,bytes,stdxBytesEncodeEscapedUnicodeString,2.412025,3.102,3.014,raw/run-09/workload-27-stdx_json,logs/run-09-workload-27-stdx_json.log
9,28,1,cjfast_json,转义/Unicode | encode | String | string,转义/Unicode,encode,String,string,cjfastStringEncodeEscapedUnicodeString,2.383268,3.014,3.014,raw/run-09/workload-28-cjfast_json,logs/run-09-workload-28-cjfast_json.log
9,28,2,yjson,转义/Unicode | encode | String | string,转义/Unicode,encode,String,string,yjsonStringEncodeEscapedUnicodeString,2.817431,3.014,2.932,raw/run-09/workload-28-yjson,logs/run-09-workload-28-yjson.log
9,28,3,stdx_json,转义/Unicode | encode | String | string,转义/Unicode,encode,String,string,stdxStringEncodeEscapedUnicodeString,2.253608,2.932,2.932,raw/run-09/workload-28-stdx_json,logs/run-09-workload-28-stdx_json.log
9,29,1,cjfast_json,Pretty JSON | decode | Person | string,Pretty JSON,decode,Person,string,cjfastStringDecodePrettyPerson,3.171730,2.932,2.777,raw/run-09/workload-29-cjfast_json,logs/run-09-workload-29-cjfast_json.log
9,29,2,yjson,Pretty JSON | decode | Person | string,Pretty JSON,decode,Person,string,yjsonStringDecodePrettyPerson,6.223624,2.777,2.715,raw/run-09/workload-29-yjson,logs/run-09-workload-29-yjson.log
9,29,3,stdx_json,Pretty JSON | decode | Person | string,Pretty JSON,decode,Person,string,stdxStringDecodePrettyPerson,2.945696,2.715,2.657,raw/run-09/workload-29-stdx_json,logs/run-09-workload-29-stdx_json.log
9,30,1,cjfast_json,Pretty JSON | encode | Person | string,Pretty JSON,encode,Person,string,cjfastStringEncodePrettyPerson,2.854369,2.657,3.005,raw/run-09/workload-30-cjfast_json,logs/run-09-workload-30-cjfast_json.log
9,30,2,yjson,Pretty JSON | encode | Person | string,Pretty JSON,encode,Person,string,yjsonStringEncodePrettyPerson,3.049062,3.005,3.005,raw/run-09/workload-30-yjson,logs/run-09-workload-30-yjson.log
9,30,3,stdx_json,Pretty JSON | encode | Person | string,Pretty JSON,encode,Person,string,stdxStringEncodePrettyPerson,1.997191,3.005,3.406,raw/run-09/workload-30-stdx_json,logs/run-09-workload-30-stdx_json.log
9,31,1,cjfast_json,基础对象 | decode | Address | bytes,基础对象,decode,Address,bytes,cjfastBytesDecodeAddress,2.734648,3.406,3.406,raw/run-09/workload-31-cjfast_json,logs/run-09-workload-31-cjfast_json.log
9,31,2,yjson,基础对象 | decode | Address | bytes,基础对象,decode,Address,bytes,yjsonBytesDecodeAddress,3.615331,3.406,3.293,raw/run-09/workload-31-yjson,logs/run-09-workload-31-yjson.log
9,31,3,stdx_json,基础对象 | decode | Address | bytes,基础对象,decode,Address,bytes,stdxBytesDecodeAddress,2.340723,3.293,3.293,raw/run-09/workload-31-stdx_json,logs/run-09-workload-31-stdx_json.log
9,32,1,cjfast_json,基础对象 | decode | Address | string,基础对象,decode,Address,string,cjfastStringDecodeAddress,2.685311,3.293,3.189,raw/run-09/workload-32-cjfast_json,logs/run-09-workload-32-cjfast_json.log
9,32,2,yjson,基础对象 | decode | Address | string,基础对象,decode,Address,string,yjsonStringDecodeAddress,3.446353,3.189,3.189,raw/run-09/workload-32-yjson,logs/run-09-workload-32-yjson.log
9,32,3,stdx_json,基础对象 | decode | Address | string,基础对象,decode,Address,string,stdxStringDecodeAddress,2.332001,3.189,3.014,raw/run-09/workload-32-stdx_json,logs/run-09-workload-32-stdx_json.log
9,33,1,cjfast_json,基础对象 | decode | Person | bytes,基础对象,decode,Person,bytes,cjfastBytesDecodePerson,3.356771,3.014,3.413,raw/run-09/workload-33-cjfast_json,logs/run-09-workload-33-cjfast_json.log
9,33,2,yjson,基础对象 | decode | Person | bytes,基础对象,decode,Person,bytes,yjsonBytesDecodePerson,7.416315,3.413,3.300,raw/run-09/workload-33-yjson,logs/run-09-workload-33-yjson.log
9,33,3,stdx_json,基础对象 | decode | Person | bytes,基础对象,decode,Person,bytes,stdxBytesDecodePerson,2.972870,3.300,3.195,raw/run-09/workload-33-stdx_json,logs/run-09-workload-33-stdx_json.log
9,34,1,cjfast_json,基础对象 | decode | Person | string,基础对象,decode,Person,string,cjfastStringDecodePerson,3.320019,3.195,3.195,raw/run-09/workload-34-cjfast_json,logs/run-09-workload-34-cjfast_json.log
9,34,2,yjson,基础对象 | decode | Person | string,基础对象,decode,Person,string,yjsonStringDecodePerson,8.506018,3.195,3.011,raw/run-09/workload-34-yjson,logs/run-09-workload-34-yjson.log
9,34,3,stdx_json,基础对象 | decode | Person | string,基础对象,decode,Person,string,stdxStringDecodePerson,3.019844,3.011,2.930,raw/run-09/workload-34-stdx_json,logs/run-09-workload-34-stdx_json.log
9,35,1,cjfast_json,基础对象 | encode | Address | bytes,基础对象,encode,Address,bytes,cjfastBytesEncodeAddress,2.728454,2.930,2.930,raw/run-09/workload-35-cjfast_json,logs/run-09-workload-35-cjfast_json.log
9,35,2,yjson,基础对象 | encode | Address | bytes,基础对象,encode,Address,bytes,yjsonBytesEncodeAddress,2.924309,2.930,2.855,raw/run-09/workload-35-yjson,logs/run-09-workload-35-yjson.log
9,35,3,stdx_json,基础对象 | encode | Address | bytes,基础对象,encode,Address,bytes,stdxBytesEncodeAddress,2.257701,2.855,2.855,raw/run-09/workload-35-stdx_json,logs/run-09-workload-35-stdx_json.log
9,36,1,cjfast_json,基础对象 | encode | Address | string,基础对象,encode,Address,string,cjfastStringEncodeAddress,2.685737,2.855,2.867,raw/run-09/workload-36-cjfast_json,logs/run-09-workload-36-cjfast_json.log
9,36,2,yjson,基础对象 | encode | Address | string,基础对象,encode,Address,string,yjsonStringEncodeAddress,3.066630,2.867,2.867,raw/run-09/workload-36-yjson,logs/run-09-workload-36-yjson.log
9,36,3,stdx_json,基础对象 | encode | Address | string,基础对象,encode,Address,string,stdxStringEncodeAddress,2.294400,2.867,2.717,raw/run-09/workload-36-stdx_json,logs/run-09-workload-36-stdx_json.log
10,1,1,yjson,基础对象 | encode | Person | bytes,基础对象,encode,Person,bytes,yjsonBytesEncodePerson,3.252451,2.717,2.659,raw/run-10/workload-01-yjson,logs/run-10-workload-01-yjson.log
10,1,2,stdx_json,基础对象 | encode | Person | bytes,基础对象,encode,Person,bytes,stdxBytesEncodePerson,2.195848,2.659,2.659,raw/run-10/workload-01-stdx_json,logs/run-10-workload-01-stdx_json.log
10,1,3,cjfast_json,基础对象 | encode | Person | bytes,基础对象,encode,Person,bytes,cjfastBytesEncodePerson,2.909387,2.659,3.327,raw/run-10/workload-01-cjfast_json,logs/run-10-workload-01-cjfast_json.log
10,2,1,yjson,基础对象 | encode | Address | string,基础对象,encode,Address,string,yjsonStringEncodeAddress,2.918602,3.327,3.327,raw/run-10/workload-02-yjson,logs/run-10-workload-02-yjson.log
10,2,2,stdx_json,基础对象 | encode | Address | string,基础对象,encode,Address,string,stdxStringEncodeAddress,2.329786,3.327,3.782,raw/run-10/workload-02-stdx_json,logs/run-10-workload-02-stdx_json.log
10,2,3,cjfast_json,基础对象 | encode | Address | string,基础对象,encode,Address,string,cjfastStringEncodeAddress,2.825235,3.782,3.782,raw/run-10/workload-02-cjfast_json,logs/run-10-workload-02-cjfast_json.log
10,3,1,yjson,基础对象 | encode | Address | bytes,基础对象,encode,Address,bytes,yjsonBytesEncodeAddress,2.934302,3.782,3.639,raw/run-10/workload-03-yjson,logs/run-10-workload-03-yjson.log
10,3,2,stdx_json,基础对象 | encode | Address | bytes,基础对象,encode,Address,bytes,stdxBytesEncodeAddress,2.151383,3.639,3.639,raw/run-10/workload-03-stdx_json,logs/run-10-workload-03-stdx_json.log
10,3,3,cjfast_json,基础对象 | encode | Address | bytes,基础对象,encode,Address,bytes,cjfastBytesEncodeAddress,2.644185,3.639,3.507,raw/run-10/workload-03-cjfast_json,logs/run-10-workload-03-cjfast_json.log
10,4,1,yjson,基础对象 | decode | Person | string,基础对象,decode,Person,string,yjsonStringDecodePerson,8.387270,3.507,3.386,raw/run-10/workload-04-yjson,logs/run-10-workload-04-yjson.log
10,4,2,stdx_json,基础对象 | decode | Person | string,基础对象,decode,Person,string,stdxStringDecodePerson,2.697863,3.386,3.275,raw/run-10/workload-04-stdx_json,logs/run-10-workload-04-stdx_json.log
10,4,3,cjfast_json,基础对象 | decode | Person | string,基础对象,decode,Person,string,cjfastStringDecodePerson,3.300114,3.275,3.653,raw/run-10/workload-04-cjfast_json,logs/run-10-workload-04-cjfast_json.log
10,5,1,yjson,基础对象 | decode | Person | bytes,基础对象,decode,Person,bytes,yjsonBytesDecodePerson,7.180227,3.653,3.601,raw/run-10/workload-05-yjson,logs/run-10-workload-05-yjson.log
10,5,2,stdx_json,基础对象 | decode | Person | bytes,基础对象,decode,Person,bytes,stdxBytesDecodePerson,2.655203,3.601,4.033,raw/run-10/workload-05-stdx_json,logs/run-10-workload-05-stdx_json.log
10,5,3,cjfast_json,基础对象 | decode | Person | bytes,基础对象,decode,Person,bytes,cjfastBytesDecodePerson,3.186994,4.033,4.033,raw/run-10/workload-05-cjfast_json,logs/run-10-workload-05-cjfast_json.log
10,6,1,yjson,基础对象 | decode | Address | string,基础对象,decode,Address,string,yjsonStringDecodeAddress,3.773096,4.033,3.870,raw/run-10/workload-06-yjson,logs/run-10-workload-06-yjson.log
10,6,2,stdx_json,基础对象 | decode | Address | string,基础对象,decode,Address,string,stdxStringDecodeAddress,2.364245,3.870,3.870,raw/run-10/workload-06-stdx_json,logs/run-10-workload-06-stdx_json.log
10,6,3,cjfast_json,基础对象 | decode | Address | string,基础对象,decode,Address,string,cjfastStringDecodeAddress,2.752965,3.870,3.640,raw/run-10/workload-06-cjfast_json,logs/run-10-workload-06-cjfast_json.log
10,7,1,yjson,基础对象 | decode | Address | bytes,基础对象,decode,Address,bytes,yjsonBytesDecodeAddress,3.520386,3.640,3.830,raw/run-10/workload-07-yjson,logs/run-10-workload-07-yjson.log
10,7,2,stdx_json,基础对象 | decode | Address | bytes,基础对象,decode,Address,bytes,stdxBytesDecodeAddress,2.304970,3.830,3.830,raw/run-10/workload-07-stdx_json,logs/run-10-workload-07-stdx_json.log
10,7,3,cjfast_json,基础对象 | decode | Address | bytes,基础对象,decode,Address,bytes,cjfastBytesDecodeAddress,2.542882,3.830,4.244,raw/run-10/workload-07-cjfast_json,logs/run-10-workload-07-cjfast_json.log
10,8,1,yjson,Pretty JSON | encode | Person | string,Pretty JSON,encode,Person,string,yjsonStringEncodePrettyPerson,2.918288,4.244,4.244,raw/run-10/workload-08-yjson,logs/run-10-workload-08-yjson.log
10,8,2,stdx_json,Pretty JSON | encode | Person | string,Pretty JSON,encode,Person,string,stdxStringEncodePrettyPerson,2.074948,4.244,3.984,raw/run-10/workload-08-stdx_json,logs/run-10-workload-08-stdx_json.log
10,8,3,cjfast_json,Pretty JSON | encode | Person | string,Pretty JSON,encode,Person,string,cjfastStringEncodePrettyPerson,2.990642,3.984,3.984,raw/run-10/workload-08-cjfast_json,logs/run-10-workload-08-cjfast_json.log
10,9,1,yjson,Pretty JSON | decode | Person | string,Pretty JSON,decode,Person,string,yjsonStringDecodePrettyPerson,6.096079,3.984,3.825,raw/run-10/workload-09-yjson,logs/run-10-workload-09-yjson.log
10,9,2,stdx_json,Pretty JSON | decode | Person | string,Pretty JSON,decode,Person,string,stdxStringDecodePrettyPerson,2.616059,3.825,3.758,raw/run-10/workload-09-stdx_json,logs/run-10-workload-09-stdx_json.log
10,9,3,cjfast_json,Pretty JSON | decode | Person | string,Pretty JSON,decode,Person,string,cjfastStringDecodePrettyPerson,3.655246,3.758,4.018,raw/run-10/workload-09-cjfast_json,logs/run-10-workload-09-cjfast_json.log
10,10,1,yjson,转义/Unicode | encode | String | string,转义/Unicode,encode,String,string,yjsonStringEncodeEscapedUnicodeString,3.107850,4.018,4.018,raw/run-10/workload-10-yjson,logs/run-10-workload-10-yjson.log
10,10,2,stdx_json,转义/Unicode | encode | String | string,转义/Unicode,encode,String,string,stdxStringEncodeEscapedUnicodeString,2.075943,4.018,3.856,raw/run-10/workload-10-stdx_json,logs/run-10-workload-10-stdx_json.log
10,10,3,cjfast_json,转义/Unicode | encode | String | string,转义/Unicode,encode,String,string,cjfastStringEncodeEscapedUnicodeString,2.430180,3.856,3.856,raw/run-10/workload-10-cjfast_json,logs/run-10-workload-10-cjfast_json.log
10,11,1,yjson,转义/Unicode | encode | String | bytes,转义/Unicode,encode,String,bytes,yjsonBytesEncodeEscapedUnicodeString,2.699074,3.856,3.708,raw/run-10/workload-11-yjson,logs/run-10-workload-11-yjson.log
10,11,2,stdx_json,转义/Unicode | encode | String | bytes,转义/Unicode,encode,String,bytes,stdxBytesEncodeEscapedUnicodeString,2.268713,3.708,3.708,raw/run-10/workload-11-stdx_json,logs/run-10-workload-11-stdx_json.log
10,11,3,cjfast_json,转义/Unicode | encode | String | bytes,转义/Unicode,encode,String,bytes,cjfastBytesEncodeEscapedUnicodeString,2.358116,3.708,3.570,raw/run-10/workload-11-cjfast_json,logs/run-10-workload-11-cjfast_json.log
10,12,1,yjson,转义/Unicode | decode | String | string,转义/Unicode,decode,String,string,yjsonStringDecodeEscapedUnicodeString,3.878147,3.570,3.570,raw/run-10/workload-12-yjson,logs/run-10-workload-12-yjson.log
10,12,2,stdx_json,转义/Unicode | decode | String | string,转义/Unicode,decode,String,string,stdxStringDecodeEscapedUnicodeString,2.331237,3.570,3.524,raw/run-10/workload-12-stdx_json,logs/run-10-workload-12-stdx_json.log
10,12,3,cjfast_json,转义/Unicode | decode | String | string,转义/Unicode,decode,String,string,cjfastStringDecodeEscapedUnicodeString,2.800880,3.524,3.524,raw/run-10/workload-12-cjfast_json,logs/run-10-workload-12-cjfast_json.log
10,13,1,yjson,转义/Unicode | decode | String | bytes,转义/Unicode,decode,String,bytes,yjsonBytesDecodeEscapedUnicodeString,3.534626,3.524,3.322,raw/run-10/workload-13-yjson,logs/run-10-workload-13-yjson.log
10,13,2,stdx_json,转义/Unicode | decode | String | bytes,转义/Unicode,decode,String,bytes,stdxBytesDecodeEscapedUnicodeString,2.361537,3.322,3.216,raw/run-10/workload-13-stdx_json,logs/run-10-workload-13-stdx_json.log
10,13,3,cjfast_json,转义/Unicode | decode | String | bytes,转义/Unicode,decode,String,bytes,cjfastBytesDecodeEscapedUnicodeString,2.559775,3.216,3.216,raw/run-10/workload-13-cjfast_json,logs/run-10-workload-13-cjfast_json.log
10,14,1,yjson,"深层嵌套 | encode | ArrayList<HashMap<String, ArrayList<ProfileRecord>>> | string",深层嵌套,encode,"ArrayList<HashMap<String, ArrayList<ProfileRecord>>>",string,yjsonStringEncodeDeepNestedProfiles,3.018712,3.216,3.118,raw/run-10/workload-14-yjson,logs/run-10-workload-14-yjson.log
10,14,2,stdx_json,"深层嵌套 | encode | ArrayList<HashMap<String, ArrayList<ProfileRecord>>> | string",深层嵌套,encode,"ArrayList<HashMap<String, ArrayList<ProfileRecord>>>",string,stdxStringEncodeDeepNestedProfiles,2.506475,3.118,3.118,raw/run-10/workload-14-stdx_json,logs/run-10-workload-14-stdx_json.log
10,14,3,cjfast_json,"深层嵌套 | encode | ArrayList<HashMap<String, ArrayList<ProfileRecord>>> | string",深层嵌套,encode,"ArrayList<HashMap<String, ArrayList<ProfileRecord>>>",string,cjfastStringEncodeDeepNestedProfiles,2.652923,3.118,3.108,raw/run-10/workload-14-cjfast_json,logs/run-10-workload-14-cjfast_json.log
10,15,1,yjson,"深层嵌套 | decode | ArrayList<HashMap<String, ArrayList<ProfileRecord>>> | string",深层嵌套,decode,"ArrayList<HashMap<String, ArrayList<ProfileRecord>>>",string,yjsonStringDecodeDeepNestedProfiles,4.081684,3.108,3.581,raw/run-10/workload-15-yjson,logs/run-10-workload-15-yjson.log
10,15,2,stdx_json,"深层嵌套 | decode | ArrayList<HashMap<String, ArrayList<ProfileRecord>>> | string",深层嵌套,decode,"ArrayList<HashMap<String, ArrayList<ProfileRecord>>>",string,stdxStringDecodeDeepNestedProfiles,2.672337,3.581,3.581,raw/run-10/workload-15-stdx_json,logs/run-10-workload-15-stdx_json.log
10,15,3,cjfast_json,"深层嵌套 | decode | ArrayList<HashMap<String, ArrayList<ProfileRecord>>> | string",深层嵌套,decode,"ArrayList<HashMap<String, ArrayList<ProfileRecord>>>",string,cjfastStringDecodeDeepNestedProfiles,2.859622,3.581,3.454,raw/run-10/workload-15-cjfast_json,logs/run-10-workload-15-cjfast_json.log
10,16,1,yjson,流式 I/O | encode | Person | stream,流式 I/O,encode,Person,stream,yjsonStreamEncodePerson,2.783329,3.454,3.454,raw/run-10/workload-16-yjson,logs/run-10-workload-16-yjson.log
10,16,2,stdx_json,流式 I/O | encode | Person | stream,流式 I/O,encode,Person,stream,stdxStreamEncodePerson,2.233364,3.454,3.337,raw/run-10/workload-16-stdx_json,logs/run-10-workload-16-stdx_json.log
10,16,3,cjfast_json,流式 I/O | encode | Person | stream,流式 I/O,encode,Person,stream,cjfastStreamEncodePerson,2.715286,3.337,3.337,raw/run-10/workload-16-cjfast_json,logs/run-10-workload-16-cjfast_json.log
10,17,1,yjson,流式 I/O | decode | Person | stream,流式 I/O,decode,Person,stream,yjsonStreamDecodePerson,3.373780,3.337,3.229,raw/run-10/workload-17-yjson,logs/run-10-workload-17-yjson.log
10,17,2,stdx_json,流式 I/O | decode | Person | stream,流式 I/O,decode,Person,stream,stdxStreamDecodePerson,2.875978,3.229,3.292,raw/run-10/workload-17-stdx_json,logs/run-10-workload-17-stdx_json.log
10,17,3,cjfast_json,流式 I/O | decode | Person | stream,流式 I/O,decode,Person,stream,cjfastStreamDecodePerson,3.475196,3.292,3.292,raw/run-10/workload-17-cjfast_json,logs/run-10-workload-17-cjfast_json.log
10,18,1,yjson,未知字段 | decode | Person | string,未知字段,decode,Person,string,yjsonStringDecodeUnknownPerson,6.026943,3.292,3.188,raw/run-10/workload-18-yjson,logs/run-10-workload-18-yjson.log
10,18,2,stdx_json,未知字段 | decode | Person | string,未知字段,decode,Person,string,stdxStringDecodeUnknownPerson,2.930084,3.188,3.093,raw/run-10/workload-18-stdx_json,logs/run-10-workload-18-stdx_json.log
10,18,3,cjfast_json,未知字段 | decode | Person | string,未知字段,decode,Person,string,cjfastStringDecodeUnknownPerson,3.308929,3.093,3.326,raw/run-10/workload-18-cjfast_json,logs/run-10-workload-18-cjfast_json.log
10,19,1,yjson,时间/大数 | encode | TemporalStats | string,时间/大数,encode,TemporalStats,string,yjsonStringEncodeTemporalStats,3.234232,3.326,3.326,raw/run-10/workload-19-yjson,logs/run-10-workload-19-yjson.log
10,19,2,stdx_json,时间/大数 | encode | TemporalStats | string,时间/大数,encode,TemporalStats,string,stdxStringEncodeTemporalStats,2.067619,3.326,3.219,raw/run-10/workload-19-stdx_json,logs/run-10-workload-19-stdx_json.log
10,19,3,cjfast_json,时间/大数 | encode | TemporalStats | string,时间/大数,encode,TemporalStats,string,cjfastStringEncodeTemporalStats,2.862781,3.219,3.219,raw/run-10/workload-19-cjfast_json,logs/run-10-workload-19-cjfast_json.log
10,20,1,yjson,时间/大数 | encode | TemporalStats | bytes,时间/大数,encode,TemporalStats,bytes,yjsonBytesEncodeTemporalStats,3.255373,3.219,3.122,raw/run-10/workload-20-yjson,logs/run-10-workload-20-yjson.log
10,20,2,stdx_json,时间/大数 | encode | TemporalStats | bytes,时间/大数,encode,TemporalStats,bytes,stdxBytesEncodeTemporalStats,2.310564,3.122,3.122,raw/run-10/workload-20-stdx_json,logs/run-10-workload-20-stdx_json.log
10,20,3,cjfast_json,时间/大数 | encode | TemporalStats | bytes,时间/大数,encode,TemporalStats,bytes,cjfastBytesEncodeTemporalStats,2.891245,3.122,3.593,raw/run-10/workload-20-cjfast_json,logs/run-10-workload-20-cjfast_json.log
10,21,1,yjson,时间/大数 | decode | TemporalStats | string,时间/大数,decode,TemporalStats,string,yjsonStringDecodeTemporalStats,3.445307,3.593,3.706,raw/run-10/workload-21-yjson,logs/run-10-workload-21-yjson.log
10,21,2,stdx_json,时间/大数 | decode | TemporalStats | string,时间/大数,decode,TemporalStats,string,stdxStringDecodeTemporalStats,2.798698,3.706,3.706,raw/run-10/workload-21-stdx_json,logs/run-10-workload-21-stdx_json.log
10,21,3,cjfast_json,时间/大数 | decode | TemporalStats | string,时间/大数,decode,TemporalStats,string,cjfastStringDecodeTemporalStats,3.182374,3.706,3.569,raw/run-10/workload-21-cjfast_json,logs/run-10-workload-21-cjfast_json.log
10,22,1,yjson,时间/大数 | decode | TemporalStats | bytes,时间/大数,decode,TemporalStats,bytes,yjsonBytesDecodeTemporalStats,3.360913,3.569,4.004,raw/run-10/workload-22-yjson,logs/run-10-workload-22-yjson.log
10,22,2,stdx_json,时间/大数 | decode | TemporalStats | bytes,时间/大数,decode,TemporalStats,bytes,stdxBytesDecodeTemporalStats,2.876665,4.004,4.004,raw/run-10/workload-22-stdx_json,logs/run-10-workload-22-stdx_json.log
10,22,3,cjfast_json,时间/大数 | decode | TemporalStats | bytes,时间/大数,decode,TemporalStats,bytes,cjfastBytesDecodeTemporalStats,3.264197,4.004,3.843,raw/run-10/workload-22-cjfast_json,logs/run-10-workload-22-cjfast_json.log
10,23,1,yjson,数值边界 | encode | UInt64Envelope | string,数值边界,encode,UInt64Envelope,string,yjsonStringEncodeUInt64Envelope,3.579787,3.843,3.843,raw/run-10/workload-23-yjson,logs/run-10-workload-23-yjson.log
10,23,2,stdx_json,数值边界 | encode | UInt64Envelope | string,数值边界,encode,UInt64Envelope,string,stdxStringEncodeUInt64Envelope,2.053011,3.843,3.615,raw/run-10/workload-23-stdx_json,logs/run-10-workload-23-stdx_json.log
10,23,3,cjfast_json,数值边界 | encode | UInt64Envelope | string,数值边界,encode,UInt64Envelope,string,cjfastStringEncodeUInt64Envelope,2.726995,3.615,3.615,raw/run-10/workload-23-cjfast_json,logs/run-10-workload-23-cjfast_json.log
10,24,1,yjson,数值边界 | encode | UInt64Envelope | bytes,数值边界,encode,UInt64Envelope,bytes,yjsonBytesEncodeUInt64Envelope,3.190569,3.615,3.727,raw/run-10/workload-24-yjson,logs/run-10-workload-24-yjson.log
10,24,2,stdx_json,数值边界 | encode | UInt64Envelope | bytes,数值边界,encode,UInt64Envelope,bytes,stdxBytesEncodeUInt64Envelope,2.442175,3.727,4.229,raw/run-10/workload-24-stdx_json,logs/run-10-workload-24-stdx_json.log
10,24,3,cjfast_json,数值边界 | encode | UInt64Envelope | bytes,数值边界,encode,UInt64Envelope,bytes,cjfastBytesEncodeUInt64Envelope,2.966072,4.229,4.229,raw/run-10/workload-24-cjfast_json,logs/run-10-workload-24-cjfast_json.log
10,25,1,yjson,数值边界 | decode | UInt64Envelope | string,数值边界,decode,UInt64Envelope,string,yjsonStringDecodeUInt64Envelope,3.587261,4.229,4.050,raw/run-10/workload-25-yjson,logs/run-10-workload-25-yjson.log
10,25,2,stdx_json,数值边界 | decode | UInt64Envelope | string,数值边界,decode,UInt64Envelope,string,stdxStringDecodeUInt64Envelope,2.895435,4.050,4.050,raw/run-10/workload-25-stdx_json,logs/run-10-workload-25-stdx_json.log
10,25,3,cjfast_json,数值边界 | decode | UInt64Envelope | string,数值边界,decode,UInt64Envelope,string,cjfastStringDecodeUInt64Envelope,3.316496,4.050,3.966,raw/run-10/workload-25-cjfast_json,logs/run-10-workload-25-cjfast_json.log
10,26,1,yjson,数值边界 | decode | UInt64Envelope | bytes,数值边界,decode,UInt64Envelope,bytes,yjsonBytesDecodeUInt64Envelope,3.543086,3.966,3.808,raw/run-10/workload-26-yjson,logs/run-10-workload-26-yjson.log
10,26,2,stdx_json,数值边界 | decode | UInt64Envelope | bytes,数值边界,decode,UInt64Envelope,bytes,stdxBytesDecodeUInt64Envelope,2.840195,3.808,3.808,raw/run-10/workload-26-stdx_json,logs/run-10-workload-26-stdx_json.log
10,26,3,cjfast_json,数值边界 | decode | UInt64Envelope | bytes,数值边界,decode,UInt64Envelope,bytes,cjfastBytesDecodeUInt64Envelope,3.199311,3.808,3.663,raw/run-10/workload-26-cjfast_json,logs/run-10-workload-26-cjfast_json.log
10,27,1,yjson,嵌套对象 | encode | ProfileBundle | string,嵌套对象,encode,ProfileBundle,string,yjsonStringEncodeProfileBundle,3.206457,3.663,3.530,raw/run-10/workload-27-yjson,logs/run-10-workload-27-yjson.log
10,27,2,stdx_json,嵌套对象 | encode | ProfileBundle | string,嵌套对象,encode,ProfileBundle,string,stdxStringEncodeProfileBundle,1.992771,3.530,3.530,raw/run-10/workload-27-stdx_json,logs/run-10-workload-27-stdx_json.log
10,27,3,cjfast_json,嵌套对象 | encode | ProfileBundle | string,嵌套对象,encode,ProfileBundle,string,cjfastStringEncodeProfileBundle,3.184066,3.530,3.407,raw/run-10/workload-27-cjfast_json,logs/run-10-workload-27-cjfast_json.log
10,28,1,yjson,嵌套对象 | encode | ProfileBundle | bytes,嵌套对象,encode,ProfileBundle,bytes,yjsonBytesEncodeProfileBundle,3.407157,3.407,3.407,raw/run-10/workload-28-yjson,logs/run-10-workload-28-yjson.log
10,28,2,stdx_json,嵌套对象 | encode | ProfileBundle | bytes,嵌套对象,encode,ProfileBundle,bytes,stdxBytesEncodeProfileBundle,2.056367,3.407,3.375,raw/run-10/workload-28-stdx_json,logs/run-10-workload-28-stdx_json.log
10,28,3,cjfast_json,嵌套对象 | encode | ProfileBundle | bytes,嵌套对象,encode,ProfileBundle,bytes,cjfastBytesEncodeProfileBundle,3.113483,3.375,3.375,raw/run-10/workload-28-cjfast_json,logs/run-10-workload-28-cjfast_json.log
10,29,1,yjson,嵌套对象 | decode | ProfileBundle | string,嵌套对象,decode,ProfileBundle,string,yjsonStringDecodeProfileBundle,3.626050,3.375,3.264,raw/run-10/workload-29-yjson,logs/run-10-workload-29-yjson.log
10,29,2,stdx_json,嵌套对象 | decode | ProfileBundle | string,嵌套对象,decode,ProfileBundle,string,stdxStringDecodeProfileBundle,2.397351,3.264,3.163,raw/run-10/workload-29-stdx_json,logs/run-10-workload-29-stdx_json.log
10,29,3,cjfast_json,嵌套对象 | decode | ProfileBundle | string,嵌套对象,decode,ProfileBundle,string,cjfastStringDecodeProfileBundle,3.245342,3.163,3.163,raw/run-10/workload-29-cjfast_json,logs/run-10-workload-29-cjfast_json.log
10,30,1,yjson,嵌套对象 | decode | ProfileBundle | bytes,嵌套对象,decode,ProfileBundle,bytes,yjsonBytesDecodeProfileBundle,3.559203,3.163,3.069,raw/run-10/workload-30-yjson,logs/run-10-workload-30-yjson.log
10,30,2,stdx_json,嵌套对象 | decode | ProfileBundle | bytes,嵌套对象,decode,ProfileBundle,bytes,stdxBytesDecodeProfileBundle,2.452316,3.069,3.069,raw/run-10/workload-30-stdx_json,logs/run-10-workload-30-stdx_json.log
10,30,3,cjfast_json,嵌套对象 | decode | ProfileBundle | bytes,嵌套对象,decode,ProfileBundle,bytes,cjfastBytesDecodeProfileBundle,3.428464,3.069,2.903,raw/run-10/workload-30-cjfast_json,logs/run-10-workload-30-cjfast_json.log
10,31,1,yjson,字段顺序 | decode | Person | string,字段顺序,decode,Person,string,yjsonStringDecodeUnorderedPerson,5.559440,2.903,2.831,raw/run-10/workload-31-yjson,logs/run-10-workload-31-yjson.log
10,31,2,stdx_json,字段顺序 | decode | Person | string,字段顺序,decode,Person,string,stdxStringDecodeUnorderedPerson,2.690450,2.831,2.764,raw/run-10/workload-31-stdx_json,logs/run-10-workload-31-stdx_json.log
10,31,3,cjfast_json,字段顺序 | decode | Person | string,字段顺序,decode,Person,string,cjfastStringDecodeUnorderedPerson,3.358164,2.764,2.764,raw/run-10/workload-31-cjfast_json,logs/run-10-workload-31-cjfast_json.log
10,32,1,yjson,大数组 | encode | ArrayList<ProfileRecord>[64] | string,大数组,encode,ArrayList<ProfileRecord>[64],string,yjsonStringEncodeLargeProfileArray,3.001355,2.764,2.622,raw/run-10/workload-32-yjson,logs/run-10-workload-32-yjson.log
10,32,2,stdx_json,大数组 | encode | ArrayList<ProfileRecord>[64] | string,大数组,encode,ArrayList<ProfileRecord>[64],string,stdxStringEncodeLargeProfileArray,2.182328,2.622,2.732,raw/run-10/workload-32-stdx_json,logs/run-10-workload-32-stdx_json.log
10,32,3,cjfast_json,大数组 | encode | ArrayList<ProfileRecord>[64] | string,大数组,encode,ArrayList<ProfileRecord>[64],string,cjfastStringEncodeLargeProfileArray,2.682925,2.732,2.732,raw/run-10/workload-32-cjfast_json,logs/run-10-workload-32-cjfast_json.log
10,33,1,yjson,大数组 | decode | ArrayList<ProfileRecord>[64] | string,大数组,decode,ArrayList<ProfileRecord>[64],string,yjsonStringDecodeLargeProfileArray,5.698543,2.732,2.673,raw/run-10/workload-33-yjson,logs/run-10-workload-33-yjson.log
10,33,2,stdx_json,大数组 | decode | ArrayList<ProfileRecord>[64] | string,大数组,decode,ArrayList<ProfileRecord>[64],string,stdxStringDecodeLargeProfileArray,2.863725,2.673,2.619,raw/run-10/workload-33-stdx_json,logs/run-10-workload-33-stdx_json.log
10,33,3,cjfast_json,大数组 | decode | ArrayList<ProfileRecord>[64] | string,大数组,decode,ArrayList<ProfileRecord>[64],string,cjfastStringDecodeLargeProfileArray,2.555795,2.619,2.619,raw/run-10/workload-33-cjfast_json,logs/run-10-workload-33-cjfast_json.log
10,34,1,yjson,"大 Map | encode | HashMap<String, Int64>[64] | string",大 Map,encode,"HashMap<String, Int64>[64]",string,yjsonStringEncodeLargeInt64Map,3.532041,2.619,2.569,raw/run-10/workload-34-yjson,logs/run-10-workload-34-yjson.log
10,34,2,stdx_json,"大 Map | encode | HashMap<String, Int64>[64] | string",大 Map,encode,"HashMap<String, Int64>[64]",string,stdxStringEncodeLargeInt64Map,2.590752,2.569,2.569,raw/run-10/workload-34-stdx_json,logs/run-10-workload-34-stdx_json.log
10,34,3,cjfast_json,"大 Map | encode | HashMap<String, Int64>[64] | string",大 Map,encode,"HashMap<String, Int64>[64]",string,cjfastStringEncodeLargeInt64Map,3.782328,2.569,2.604,raw/run-10/workload-34-cjfast_json,logs/run-10-workload-34-cjfast_json.log
10,35,1,yjson,"大 Map | decode | HashMap<String, Int64>[64] | string",大 Map,decode,"HashMap<String, Int64>[64]",string,yjsonStringDecodeLargeInt64Map,3.547752,2.604,2.636,raw/run-10/workload-35-yjson,logs/run-10-workload-35-yjson.log
10,35,2,stdx_json,"大 Map | decode | HashMap<String, Int64>[64] | string",大 Map,decode,"HashMap<String, Int64>[64]",string,stdxStringDecodeLargeInt64Map,3.063918,2.636,2.584,raw/run-10/workload-35-stdx_json,logs/run-10-workload-35-stdx_json.log
10,35,3,cjfast_json,"大 Map | decode | HashMap<String, Int64>[64] | string",大 Map,decode,"HashMap<String, Int64>[64]",string,cjfastStringDecodeLargeInt64Map,3.351238,2.584,2.584,raw/run-10/workload-35-cjfast_json,logs/run-10-workload-35-cjfast_json.log
10,36,1,yjson,基础对象 | encode | Person | string,基础对象,encode,Person,string,yjsonStringEncodePerson,3.088737,2.584,2.538,raw/run-10/workload-36-yjson,logs/run-10-workload-36-yjson.log
10,36,2,stdx_json,基础对象 | encode | Person | string,基础对象,encode,Person,string,stdxStringEncodePerson,2.309471,2.538,2.538,raw/run-10/workload-36-stdx_json,logs/run-10-workload-36-stdx_json.log
10,36,3,cjfast_json,基础对象 | encode | Person | string,基础对象,encode,Person,string,cjfastStringEncodePerson,2.775299,2.538,2.494,raw/run-10/workload-36-cjfast_json,logs/run-10-workload-36-cjfast_json.log
11,1,1,stdx_json,"大 Map | decode | HashMap<String, Int64>[64] | string",大 Map,decode,"HashMap<String, Int64>[64]",string,stdxStringDecodeLargeInt64Map,2.856325,2.494,2.494,raw/run-11/workload-01-stdx_json,logs/run-11-workload-01-stdx_json.log
11,1,2,cjfast_json,"大 Map | decode | HashMap<String, Int64>[64] | string",大 Map,decode,"HashMap<String, Int64>[64]",string,cjfastStringDecodeLargeInt64Map,3.432330,2.494,2.454,raw/run-11/workload-01-cjfast_json,logs/run-11-workload-01-cjfast_json.log
11,1,3,yjson,"大 Map | decode | HashMap<String, Int64>[64] | string",大 Map,decode,"HashMap<String, Int64>[64]",string,yjsonStringDecodeLargeInt64Map,3.668791,2.454,2.417,raw/run-11/workload-01-yjson,logs/run-11-workload-01-yjson.log
11,2,1,stdx_json,"大 Map | encode | HashMap<String, Int64>[64] | string",大 Map,encode,"HashMap<String, Int64>[64]",string,stdxStringEncodeLargeInt64Map,2.579865,2.417,2.417,raw/run-11/workload-02-stdx_json,logs/run-11-workload-02-stdx_json.log
11,2,2,cjfast_json,"大 Map | encode | HashMap<String, Int64>[64] | string",大 Map,encode,"HashMap<String, Int64>[64]",string,cjfastStringEncodeLargeInt64Map,3.484275,2.417,2.384,raw/run-11/workload-02-cjfast_json,logs/run-11-workload-02-cjfast_json.log
11,2,3,yjson,"大 Map | encode | HashMap<String, Int64>[64] | string",大 Map,encode,"HashMap<String, Int64>[64]",string,yjsonStringEncodeLargeInt64Map,3.543240,2.384,2.434,raw/run-11/workload-02-yjson,logs/run-11-workload-02-yjson.log
11,3,1,stdx_json,大数组 | decode | ArrayList<ProfileRecord>[64] | string,大数组,decode,ArrayList<ProfileRecord>[64],string,stdxStringDecodeLargeProfileArray,2.546520,2.434,2.434,raw/run-11/workload-03-stdx_json,logs/run-11-workload-03-stdx_json.log
11,3,2,cjfast_json,大数组 | decode | ArrayList<ProfileRecord>[64] | string,大数组,decode,ArrayList<ProfileRecord>[64],string,cjfastStringDecodeLargeProfileArray,2.656856,2.434,2.398,raw/run-11/workload-03-cjfast_json,logs/run-11-workload-03-cjfast_json.log
11,3,3,yjson,大数组 | decode | ArrayList<ProfileRecord>[64] | string,大数组,decode,ArrayList<ProfileRecord>[64],string,yjsonStringDecodeLargeProfileArray,7.005267,2.398,2.286,raw/run-11/workload-03-yjson,logs/run-11-workload-03-yjson.log
11,4,1,stdx_json,大数组 | encode | ArrayList<ProfileRecord>[64] | string,大数组,encode,ArrayList<ProfileRecord>[64],string,stdxStringEncodeLargeProfileArray,2.421263,2.286,2.263,raw/run-11/workload-04-stdx_json,logs/run-11-workload-04-stdx_json.log
11,4,2,cjfast_json,大数组 | encode | ArrayList<ProfileRecord>[64] | string,大数组,encode,ArrayList<ProfileRecord>[64],string,cjfastStringEncodeLargeProfileArray,2.817488,2.263,2.263,raw/run-11/workload-04-cjfast_json,logs/run-11-workload-04-cjfast_json.log
11,4,3,yjson,大数组 | encode | ArrayList<ProfileRecord>[64] | string,大数组,encode,ArrayList<ProfileRecord>[64],string,yjsonStringEncodeLargeProfileArray,2.730338,2.263,2.242,raw/run-11/workload-04-yjson,logs/run-11-workload-04-yjson.log
11,5,1,stdx_json,字段顺序 | decode | Person | string,字段顺序,decode,Person,string,stdxStringDecodeUnorderedPerson,2.810743,2.242,2.242,raw/run-11/workload-05-stdx_json,logs/run-11-workload-05-stdx_json.log
11,5,2,cjfast_json,字段顺序 | decode | Person | string,字段顺序,decode,Person,string,cjfastStringDecodeUnorderedPerson,3.458524,2.242,2.142,raw/run-11/workload-05-cjfast_json,logs/run-11-workload-05-cjfast_json.log
11,5,3,yjson,字段顺序 | decode | Person | string,字段顺序,decode,Person,string,yjsonStringDecodeUnorderedPerson,5.690671,2.142,2.130,raw/run-11/workload-05-yjson,logs/run-11-workload-05-yjson.log
11,6,1,stdx_json,嵌套对象 | decode | ProfileBundle | bytes,嵌套对象,decode,ProfileBundle,bytes,stdxBytesDecodeProfileBundle,2.396400,2.130,2.200,raw/run-11/workload-06-stdx_json,logs/run-11-workload-06-stdx_json.log
11,6,2,cjfast_json,嵌套对象 | decode | ProfileBundle | bytes,嵌套对象,decode,ProfileBundle,bytes,cjfastBytesDecodeProfileBundle,3.473488,2.200,2.200,raw/run-11/workload-06-cjfast_json,logs/run-11-workload-06-cjfast_json.log
11,6,3,yjson,嵌套对象 | decode | ProfileBundle | bytes,嵌套对象,decode,ProfileBundle,bytes,yjsonBytesDecodeProfileBundle,3.627893,2.200,2.184,raw/run-11/workload-06-yjson,logs/run-11-workload-06-yjson.log
11,7,1,stdx_json,嵌套对象 | decode | ProfileBundle | string,嵌套对象,decode,ProfileBundle,string,stdxStringDecodeProfileBundle,2.727105,2.184,2.169,raw/run-11/workload-07-stdx_json,logs/run-11-workload-07-stdx_json.log
11,7,2,cjfast_json,嵌套对象 | decode | ProfileBundle | string,嵌套对象,decode,ProfileBundle,string,cjfastStringDecodeProfileBundle,3.085491,2.169,2.169,raw/run-11/workload-07-cjfast_json,logs/run-11-workload-07-cjfast_json.log
11,7,3,yjson,嵌套对象 | decode | ProfileBundle | string,嵌套对象,decode,ProfileBundle,string,yjsonStringDecodeProfileBundle,3.678496,2.169,2.155,raw/run-11/workload-07-yjson,logs/run-11-workload-07-yjson.log
11,8,1,stdx_json,嵌套对象 | encode | ProfileBundle | bytes,嵌套对象,encode,ProfileBundle,bytes,stdxBytesEncodeProfileBundle,2.027780,2.155,2.155,raw/run-11/workload-08-stdx_json,logs/run-11-workload-08-stdx_json.log
11,8,2,cjfast_json,嵌套对象 | encode | ProfileBundle | bytes,嵌套对象,encode,ProfileBundle,bytes,cjfastBytesEncodeProfileBundle,3.040350,2.155,1.982,raw/run-11/workload-08-cjfast_json,logs/run-11-workload-08-cjfast_json.log
11,8,3,yjson,嵌套对象 | encode | ProfileBundle | bytes,嵌套对象,encode,ProfileBundle,bytes,yjsonBytesEncodeProfileBundle,3.434986,1.982,1.984,raw/run-11/workload-08-yjson,logs/run-11-workload-08-yjson.log
11,9,1,stdx_json,嵌套对象 | encode | ProfileBundle | string,嵌套对象,encode,ProfileBundle,string,stdxStringEncodeProfileBundle,2.112570,1.984,1.984,raw/run-11/workload-09-stdx_json,logs/run-11-workload-09-stdx_json.log
11,9,2,cjfast_json,嵌套对象 | encode | ProfileBundle | string,嵌套对象,encode,ProfileBundle,string,cjfastStringEncodeProfileBundle,3.184976,1.984,1.985,raw/run-11/workload-09-cjfast_json,logs/run-11-workload-09-cjfast_json.log
11,9,3,yjson,嵌套对象 | encode | ProfileBundle | string,嵌套对象,encode,ProfileBundle,string,yjsonStringEncodeProfileBundle,3.339107,1.985,1.985,raw/run-11/workload-09-yjson,logs/run-11-workload-09-yjson.log
11,10,1,stdx_json,数值边界 | decode | UInt64Envelope | bytes,数值边界,decode,UInt64Envelope,bytes,stdxBytesDecodeUInt64Envelope,2.622713,1.985,2.147,raw/run-11/workload-10-stdx_json,logs/run-11-workload-10-stdx_json.log
11,10,2,cjfast_json,数值边界 | decode | UInt64Envelope | bytes,数值边界,decode,UInt64Envelope,bytes,cjfastBytesDecodeUInt64Envelope,3.513674,2.147,2.536,raw/run-11/workload-10-cjfast_json,logs/run-11-workload-10-cjfast_json.log
11,10,3,yjson,数值边界 | decode | UInt64Envelope | bytes,数值边界,decode,UInt64Envelope,bytes,yjsonBytesDecodeUInt64Envelope,3.598306,2.536,2.536,raw/run-11/workload-10-yjson,logs/run-11-workload-10-yjson.log
11,11,1,stdx_json,数值边界 | decode | UInt64Envelope | string,数值边界,decode,UInt64Envelope,string,stdxStringDecodeUInt64Envelope,2.566273,2.536,2.493,raw/run-11/workload-11-stdx_json,logs/run-11-workload-11-stdx_json.log
11,11,2,cjfast_json,数值边界 | decode | UInt64Envelope | string,数值边界,decode,UInt64Envelope,string,cjfastStringDecodeUInt64Envelope,3.143687,2.493,3.014,raw/run-11/workload-11-cjfast_json,logs/run-11-workload-11-cjfast_json.log
11,11,3,yjson,数值边界 | decode | UInt64Envelope | string,数值边界,decode,UInt64Envelope,string,yjsonStringDecodeUInt64Envelope,3.654686,3.014,3.014,raw/run-11/workload-11-yjson,logs/run-11-workload-11-yjson.log
11,12,1,stdx_json,数值边界 | encode | UInt64Envelope | bytes,数值边界,encode,UInt64Envelope,bytes,stdxBytesEncodeUInt64Envelope,2.117028,3.014,2.933,raw/run-11/workload-12-stdx_json,logs/run-11-workload-12-stdx_json.log
11,12,2,cjfast_json,数值边界 | encode | UInt64Envelope | bytes,数值边界,encode,UInt64Envelope,bytes,cjfastBytesEncodeUInt64Envelope,2.917840,2.933,2.933,raw/run-11/workload-12-cjfast_json,logs/run-11-workload-12-cjfast_json.log
11,12,3,yjson,数值边界 | encode | UInt64Envelope | bytes,数值边界,encode,UInt64Envelope,bytes,yjsonBytesEncodeUInt64Envelope,3.461659,2.933,2.858,raw/run-11/workload-12-yjson,logs/run-11-workload-12-yjson.log
11,13,1,stdx_json,数值边界 | encode | UInt64Envelope | string,数值边界,encode,UInt64Envelope,string,stdxStringEncodeUInt64Envelope,2.106497,2.858,2.858,raw/run-11/workload-13-stdx_json,logs/run-11-workload-13-stdx_json.log
11,13,2,cjfast_json,数值边界 | encode | UInt64Envelope | string,数值边界,encode,UInt64Envelope,string,cjfastStringEncodeUInt64Envelope,2.803539,2.858,2.709,raw/run-11/workload-13-cjfast_json,logs/run-11-workload-13-cjfast_json.log
11,13,3,yjson,数值边界 | encode | UInt64Envelope | string,数值边界,encode,UInt64Envelope,string,yjsonStringEncodeUInt64Envelope,3.541117,2.709,3.213,raw/run-11/workload-13-yjson,logs/run-11-workload-13-yjson.log
11,14,1,stdx_json,时间/大数 | decode | TemporalStats | bytes,时间/大数,decode,TemporalStats,bytes,stdxBytesDecodeTemporalStats,2.863838,3.213,3.213,raw/run-11/workload-14-stdx_json,logs/run-11-workload-14-stdx_json.log
11,14,2,cjfast_json,时间/大数 | decode | TemporalStats | bytes,时间/大数,decode,TemporalStats,bytes,cjfastBytesDecodeTemporalStats,3.141981,3.213,3.116,raw/run-11/workload-14-cjfast_json,logs/run-11-workload-14-cjfast_json.log
11,14,3,yjson,时间/大数 | decode | TemporalStats | bytes,时间/大数,decode,TemporalStats,bytes,yjsonBytesDecodeTemporalStats,3.191430,3.116,3.116,raw/run-11/workload-14-yjson,logs/run-11-workload-14-yjson.log
11,15,1,stdx_json,时间/大数 | decode | TemporalStats | string,时间/大数,decode,TemporalStats,string,stdxStringDecodeTemporalStats,2.825049,3.116,2.946,raw/run-11/workload-15-stdx_json,logs/run-11-workload-15-stdx_json.log
11,15,2,cjfast_json,时间/大数 | decode | TemporalStats | string,时间/大数,decode,TemporalStats,string,cjfastStringDecodeTemporalStats,3.336221,2.946,2.870,raw/run-11/workload-15-cjfast_json,logs/run-11-workload-15-cjfast_json.log
11,15,3,yjson,时间/大数 | decode | TemporalStats | string,时间/大数,decode,TemporalStats,string,yjsonStringDecodeTemporalStats,3.235084,2.870,2.870,raw/run-11/workload-15-yjson,logs/run-11-workload-15-yjson.log
11,16,1,stdx_json,时间/大数 | encode | TemporalStats | bytes,时间/大数,encode,TemporalStats,bytes,stdxBytesEncodeTemporalStats,2.366583,2.870,2.800,raw/run-11/workload-16-stdx_json,logs/run-11-workload-16-stdx_json.log
11,16,2,cjfast_json,时间/大数 | encode | TemporalStats | bytes,时间/大数,encode,TemporalStats,bytes,cjfastBytesEncodeTemporalStats,2.987886,2.800,2.800,raw/run-11/workload-16-cjfast_json,logs/run-11-workload-16-cjfast_json.log
11,16,3,yjson,时间/大数 | encode | TemporalStats | bytes,时间/大数,encode,TemporalStats,bytes,yjsonBytesEncodeTemporalStats,3.171634,2.800,2.656,raw/run-11/workload-16-yjson,logs/run-11-workload-16-yjson.log
11,17,1,stdx_json,时间/大数 | encode | TemporalStats | string,时间/大数,encode,TemporalStats,string,stdxStringEncodeTemporalStats,2.231523,2.656,2.656,raw/run-11/workload-17-stdx_json,logs/run-11-workload-17-stdx_json.log
11,17,2,cjfast_json,时间/大数 | encode | TemporalStats | string,时间/大数,encode,TemporalStats,string,cjfastStringEncodeTemporalStats,3.034709,2.656,2.523,raw/run-11/workload-17-cjfast_json,logs/run-11-workload-17-cjfast_json.log
11,17,3,yjson,时间/大数 | encode | TemporalStats | string,时间/大数,encode,TemporalStats,string,yjsonStringEncodeTemporalStats,3.094853,2.523,2.562,raw/run-11/workload-17-yjson,logs/run-11-workload-17-yjson.log
11,18,1,stdx_json,未知字段 | decode | Person | string,未知字段,decode,Person,string,stdxStringDecodeUnknownPerson,2.772612,2.562,2.562,raw/run-11/workload-18-stdx_json,logs/run-11-workload-18-stdx_json.log
11,18,2,cjfast_json,未知字段 | decode | Person | string,未知字段,decode,Person,string,cjfastStringDecodeUnknownPerson,3.062581,2.562,2.597,raw/run-11/workload-18-cjfast_json,logs/run-11-workload-18-cjfast_json.log
11,18,3,yjson,未知字段 | decode | Person | string,未知字段,decode,Person,string,yjsonStringDecodeUnknownPerson,5.682039,2.597,2.549,raw/run-11/workload-18-yjson,logs/run-11-workload-18-yjson.log
11,19,1,stdx_json,流式 I/O | decode | Person | stream,流式 I/O,decode,Person,stream,stdxStreamDecodePerson,2.906133,2.549,2.504,raw/run-11/workload-19-stdx_json,logs/run-11-workload-19-stdx_json.log
11,19,2,cjfast_json,流式 I/O | decode | Person | stream,流式 I/O,decode,Person,stream,cjfastStreamDecodePerson,3.396496,2.504,2.504,raw/run-11/workload-19-cjfast_json,logs/run-11-workload-19-cjfast_json.log
11,19,3,yjson,流式 I/O | decode | Person | stream,流式 I/O,decode,Person,stream,yjsonStreamDecodePerson,3.293745,2.504,2.384,raw/run-11/workload-19-yjson,logs/run-11-workload-19-yjson.log
11,20,1,stdx_json,流式 I/O | encode | Person | stream,流式 I/O,encode,Person,stream,stdxStreamEncodePerson,2.461033,2.384,2.384,raw/run-11/workload-20-stdx_json,logs/run-11-workload-20-stdx_json.log
11,20,2,cjfast_json,流式 I/O | encode | Person | stream,流式 I/O,encode,Person,stream,cjfastStreamEncodePerson,2.881727,2.384,2.594,raw/run-11/workload-20-cjfast_json,logs/run-11-workload-20-cjfast_json.log
11,20,3,yjson,流式 I/O | encode | Person | stream,流式 I/O,encode,Person,stream,yjsonStreamEncodePerson,2.593846,2.594,3.027,raw/run-11/workload-20-yjson,logs/run-11-workload-20-yjson.log
11,21,1,stdx_json,"深层嵌套 | decode | ArrayList<HashMap<String, ArrayList<ProfileRecord>>> | string",深层嵌套,decode,"ArrayList<HashMap<String, ArrayList<ProfileRecord>>>",string,stdxStringDecodeDeepNestedProfiles,2.531492,3.027,3.027,raw/run-11/workload-21-stdx_json,logs/run-11-workload-21-stdx_json.log
11,21,2,cjfast_json,"深层嵌套 | decode | ArrayList<HashMap<String, ArrayList<ProfileRecord>>> | string",深层嵌套,decode,"ArrayList<HashMap<String, ArrayList<ProfileRecord>>>",string,cjfastStringDecodeDeepNestedProfiles,3.187698,3.027,2.944,raw/run-11/workload-21-cjfast_json,logs/run-11-workload-21-cjfast_json.log
11,21,3,yjson,"深层嵌套 | decode | ArrayList<HashMap<String, ArrayList<ProfileRecord>>> | string",深层嵌套,decode,"ArrayList<HashMap<String, ArrayList<ProfileRecord>>>",string,yjsonStringDecodeDeepNestedProfiles,4.026394,2.944,2.944,raw/run-11/workload-21-yjson,logs/run-11-workload-21-yjson.log
11,22,1,stdx_json,"深层嵌套 | encode | ArrayList<HashMap<String, ArrayList<ProfileRecord>>> | string",深层嵌套,encode,"ArrayList<HashMap<String, ArrayList<ProfileRecord>>>",string,stdxStringEncodeDeepNestedProfiles,2.326006,2.944,2.789,raw/run-11/workload-22-stdx_json,logs/run-11-workload-22-stdx_json.log
11,22,2,cjfast_json,"深层嵌套 | encode | ArrayList<HashMap<String, ArrayList<ProfileRecord>>> | string",深层嵌套,encode,"ArrayList<HashMap<String, ArrayList<ProfileRecord>>>",string,cjfastStringEncodeDeepNestedProfiles,3.030189,2.789,3.286,raw/run-11/workload-22-cjfast_json,logs/run-11-workload-22-cjfast_json.log
11,22,3,yjson,"深层嵌套 | encode | ArrayList<HashMap<String, ArrayList<ProfileRecord>>> | string",深层嵌套,encode,"ArrayList<HashMap<String, ArrayList<ProfileRecord>>>",string,yjsonStringEncodeDeepNestedProfiles,3.161624,3.286,3.286,raw/run-11/workload-22-yjson,logs/run-11-workload-22-yjson.log
11,23,1,stdx_json,转义/Unicode | decode | String | bytes,转义/Unicode,decode,String,bytes,stdxBytesDecodeEscapedUnicodeString,2.393505,3.286,3.183,raw/run-11/workload-23-stdx_json,logs/run-11-workload-23-stdx_json.log
11,23,2,cjfast_json,转义/Unicode | decode | String | bytes,转义/Unicode,decode,String,bytes,cjfastBytesDecodeEscapedUnicodeString,2.747637,3.183,3.183,raw/run-11/workload-23-cjfast_json,logs/run-11-workload-23-cjfast_json.log
11,23,3,yjson,转义/Unicode | decode | String | bytes,转义/Unicode,decode,String,bytes,yjsonBytesDecodeEscapedUnicodeString,3.829744,3.183,3.088,raw/run-11/workload-23-yjson,logs/run-11-workload-23-yjson.log
11,24,1,stdx_json,转义/Unicode | decode | String | string,转义/Unicode,decode,String,string,stdxStringDecodeEscapedUnicodeString,2.507335,3.088,3.088,raw/run-11/workload-24-stdx_json,logs/run-11-workload-24-stdx_json.log
11,24,2,cjfast_json,转义/Unicode | decode | String | string,转义/Unicode,decode,String,string,cjfastStringDecodeEscapedUnicodeString,2.834519,3.088,2.920,raw/run-11/workload-24-cjfast_json,logs/run-11-workload-24-cjfast_json.log
11,24,3,yjson,转义/Unicode | decode | String | string,转义/Unicode,decode,String,string,yjsonStringDecodeEscapedUnicodeString,3.612262,2.920,2.847,raw/run-11/workload-24-yjson,logs/run-11-workload-24-yjson.log
11,25,1,stdx_json,转义/Unicode | encode | String | bytes,转义/Unicode,encode,String,bytes,stdxBytesEncodeEscapedUnicodeString,2.531754,2.847,2.847,raw/run-11/workload-25-stdx_json,logs/run-11-workload-25-stdx_json.log
11,25,2,cjfast_json,转义/Unicode | encode | String | bytes,转义/Unicode,encode,String,bytes,cjfastBytesEncodeEscapedUnicodeString,2.867892,2.847,2.779,raw/run-11/workload-25-cjfast_json,logs/run-11-workload-25-cjfast_json.log
11,25,3,yjson,转义/Unicode | encode | String | bytes,转义/Unicode,encode,String,bytes,yjsonBytesEncodeEscapedUnicodeString,2.867516,2.779,2.779,raw/run-11/workload-25-yjson,logs/run-11-workload-25-yjson.log
11,26,1,stdx_json,转义/Unicode | encode | String | string,转义/Unicode,encode,String,string,stdxStringEncodeEscapedUnicodeString,2.364873,2.779,2.636,raw/run-11/workload-26-stdx_json,logs/run-11-workload-26-stdx_json.log
11,26,2,cjfast_json,转义/Unicode | encode | String | string,转义/Unicode,encode,String,string,cjfastStringEncodeEscapedUnicodeString,2.523486,2.636,2.636,raw/run-11/workload-26-cjfast_json,logs/run-11-workload-26-cjfast_json.log
11,26,3,yjson,转义/Unicode | encode | String | string,转义/Unicode,encode,String,string,yjsonStringEncodeEscapedUnicodeString,2.717791,2.636,2.505,raw/run-11/workload-26-yjson,logs/run-11-workload-26-yjson.log
11,27,1,stdx_json,Pretty JSON | decode | Person | string,Pretty JSON,decode,Person,string,stdxStringDecodePrettyPerson,2.625217,2.505,2.505,raw/run-11/workload-27-stdx_json,logs/run-11-workload-27-stdx_json.log
11,27,2,cjfast_json,Pretty JSON | decode | Person | string,Pretty JSON,decode,Person,string,cjfastStringDecodePrettyPerson,3.111715,2.505,2.384,raw/run-11/workload-27-cjfast_json,logs/run-11-workload-27-cjfast_json.log
11,27,3,yjson,Pretty JSON | decode | Person | string,Pretty JSON,decode,Person,string,yjsonStringDecodePrettyPerson,5.566571,2.384,2.353,raw/run-11/workload-27-yjson,logs/run-11-workload-27-yjson.log
11,28,1,stdx_json,Pretty JSON | encode | Person | string,Pretty JSON,encode,Person,string,stdxStringEncodePrettyPerson,2.069507,2.353,2.325,raw/run-11/workload-28-stdx_json,logs/run-11-workload-28-stdx_json.log
11,28,2,cjfast_json,Pretty JSON | encode | Person | string,Pretty JSON,encode,Person,string,cjfastStringEncodePrettyPerson,2.874007,2.325,2.325,raw/run-11/workload-28-cjfast_json,logs/run-11-workload-28-cjfast_json.log
11,28,3,yjson,Pretty JSON | encode | Person | string,Pretty JSON,encode,Person,string,yjsonStringEncodePrettyPerson,3.223800,2.325,2.298,raw/run-11/workload-28-yjson,logs/run-11-workload-28-yjson.log
11,29,1,stdx_json,基础对象 | decode | Address | bytes,基础对象,decode,Address,bytes,stdxBytesDecodeAddress,2.327276,2.298,2.298,raw/run-11/workload-29-stdx_json,logs/run-11-workload-29-stdx_json.log
11,29,2,cjfast_json,基础对象 | decode | Address | bytes,基础对象,decode,Address,bytes,cjfastBytesDecodeAddress,2.468297,2.298,2.274,raw/run-11/workload-29-cjfast_json,logs/run-11-workload-29-cjfast_json.log
11,29,3,yjson,基础对象 | decode | Address | bytes,基础对象,decode,Address,bytes,yjsonBytesDecodeAddress,3.539274,2.274,2.274,raw/run-11/workload-29-yjson,logs/run-11-workload-29-yjson.log
11,30,1,stdx_json,基础对象 | decode | Address | string,基础对象,decode,Address,string,stdxStringDecodeAddress,2.325500,2.274,2.172,raw/run-11/workload-30-stdx_json,logs/run-11-workload-30-stdx_json.log
11,30,2,cjfast_json,基础对象 | decode | Address | string,基础对象,decode,Address,string,cjfastStringDecodeAddress,2.496513,2.172,2.172,raw/run-11/workload-30-cjfast_json,logs/run-11-workload-30-cjfast_json.log
11,30,3,yjson,基础对象 | decode | Address | string,基础对象,decode,Address,string,yjsonStringDecodeAddress,3.520837,2.172,2.078,raw/run-11/workload-30-yjson,logs/run-11-workload-30-yjson.log
11,31,1,stdx_json,基础对象 | decode | Person | bytes,基础对象,decode,Person,bytes,stdxBytesDecodePerson,2.327655,2.078,2.071,raw/run-11/workload-31-stdx_json,logs/run-11-workload-31-stdx_json.log
11,31,2,cjfast_json,基础对象 | decode | Person | bytes,基础对象,decode,Person,bytes,cjfastBytesDecodePerson,3.379600,2.071,2.071,raw/run-11/workload-31-cjfast_json,logs/run-11-workload-31-cjfast_json.log
11,31,3,yjson,基础对象 | decode | Person | bytes,基础对象,decode,Person,bytes,yjsonBytesDecodePerson,8.497588,2.071,2.060,raw/run-11/workload-31-yjson,logs/run-11-workload-31-yjson.log
11,32,1,stdx_json,基础对象 | decode | Person | string,基础对象,decode,Person,string,stdxStringDecodePerson,2.863132,2.060,2.376,raw/run-11/workload-32-stdx_json,logs/run-11-workload-32-stdx_json.log
11,32,2,cjfast_json,基础对象 | decode | Person | string,基础对象,decode,Person,string,cjfastStringDecodePerson,3.456484,2.376,2.376,raw/run-11/workload-32-cjfast_json,logs/run-11-workload-32-cjfast_json.log
11,32,3,yjson,基础对象 | decode | Person | string,基础对象,decode,Person,string,yjsonStringDecodePerson,7.567180,2.376,2.639,raw/run-11/workload-32-yjson,logs/run-11-workload-32-yjson.log
11,33,1,stdx_json,基础对象 | encode | Address | bytes,基础对象,encode,Address,bytes,stdxBytesEncodeAddress,2.242298,2.639,2.639,raw/run-11/workload-33-stdx_json,logs/run-11-workload-33-stdx_json.log
11,33,2,cjfast_json,基础对象 | encode | Address | bytes,基础对象,encode,Address,bytes,cjfastBytesEncodeAddress,2.731544,2.639,2.587,raw/run-11/workload-33-cjfast_json,logs/run-11-workload-33-cjfast_json.log
11,33,3,yjson,基础对象 | encode | Address | bytes,基础对象,encode,Address,bytes,yjsonBytesEncodeAddress,3.171141,2.587,2.587,raw/run-11/workload-33-yjson,logs/run-11-workload-33-yjson.log
11,34,1,stdx_json,基础对象 | encode | Address | string,基础对象,encode,Address,string,stdxStringEncodeAddress,2.239702,2.587,2.460,raw/run-11/workload-34-stdx_json,logs/run-11-workload-34-stdx_json.log
11,34,2,cjfast_json,基础对象 | encode | Address | string,基础对象,encode,Address,string,cjfastStringEncodeAddress,2.682536,2.460,2.460,raw/run-11/workload-34-cjfast_json,logs/run-11-workload-34-cjfast_json.log
11,34,3,yjson,基础对象 | encode | Address | string,基础对象,encode,Address,string,yjsonStringEncodeAddress,2.944627,2.460,2.343,raw/run-11/workload-34-yjson,logs/run-11-workload-34-yjson.log
11,35,1,stdx_json,基础对象 | encode | Person | bytes,基础对象,encode,Person,bytes,stdxBytesEncodePerson,2.151138,2.343,2.343,raw/run-11/workload-35-stdx_json,logs/run-11-workload-35-stdx_json.log
11,35,2,cjfast_json,基础对象 | encode | Person | bytes,基础对象,encode,Person,bytes,cjfastBytesEncodePerson,2.889608,2.343,2.396,raw/run-11/workload-35-cjfast_json,logs/run-11-workload-35-cjfast_json.log
11,35,3,yjson,基础对象 | encode | Person | bytes,基础对象,encode,Person,bytes,yjsonBytesEncodePerson,3.231811,2.396,3.005,raw/run-11/workload-35-yjson,logs/run-11-workload-35-yjson.log
11,36,1,stdx_json,基础对象 | encode | Person | string,基础对象,encode,Person,string,stdxStringEncodePerson,2.240363,3.005,3.005,raw/run-11/workload-36-stdx_json,logs/run-11-workload-36-stdx_json.log
11,36,2,cjfast_json,基础对象 | encode | Person | string,基础对象,encode,Person,string,cjfastStringEncodePerson,3.034621,3.005,3.004,raw/run-11/workload-36-cjfast_json,logs/run-11-workload-36-cjfast_json.log
11,36,3,yjson,基础对象 | encode | Person | string,基础对象,encode,Person,string,yjsonStringEncodePerson,3.079484,3.004,3.004,raw/run-11/workload-36-yjson,logs/run-11-workload-36-yjson.log
