round,position,variant,case,method,operation,payload,profile,lifecycle,elapsed_seconds,report_path,log_path
1,1,baseline,decode-person-chunk-64,decodePersonChunk64,decode,person,chunk-64,unpooled-one-shot,12.443959,raw/baseline/run-01/unpooled-one-shot-decode-person-chunk-64,logs/run-01-01-baseline-unpooled-one-shot-decode-person-chunk-64.log
1,2,baseline,decode-person-chunk-64,decodePersonChunk64,decode,person,chunk-64,pooled-steady-state,11.265679,raw/baseline/run-01/pooled-steady-state-decode-person-chunk-64,logs/run-01-02-baseline-pooled-steady-state-decode-person-chunk-64.log
1,3,candidate,decode-person-chunk-64,decodePersonChunk64,decode,person,chunk-64,pooled-steady-state,9.857562,raw/candidate/run-01/pooled-steady-state-decode-person-chunk-64,logs/run-01-03-candidate-pooled-steady-state-decode-person-chunk-64.log
1,4,candidate,decode-person-chunk-64,decodePersonChunk64,decode,person,chunk-64,unpooled-one-shot,9.791744,raw/candidate/run-01/unpooled-one-shot-decode-person-chunk-64,logs/run-01-04-candidate-unpooled-one-shot-decode-person-chunk-64.log
1,5,candidate,decode-person-chunk-4k,decodePersonChunk4k,decode,person,chunk-4k,pooled-steady-state,10.262928,raw/candidate/run-01/pooled-steady-state-decode-person-chunk-4k,logs/run-01-05-candidate-pooled-steady-state-decode-person-chunk-4k.log
1,6,candidate,decode-person-chunk-4k,decodePersonChunk4k,decode,person,chunk-4k,unpooled-one-shot,9.619423,raw/candidate/run-01/unpooled-one-shot-decode-person-chunk-4k,logs/run-01-06-candidate-unpooled-one-shot-decode-person-chunk-4k.log
1,7,baseline,decode-person-chunk-4k,decodePersonChunk4k,decode,person,chunk-4k,unpooled-one-shot,11.811889,raw/baseline/run-01/unpooled-one-shot-decode-person-chunk-4k,logs/run-01-07-baseline-unpooled-one-shot-decode-person-chunk-4k.log
1,8,baseline,decode-person-chunk-4k,decodePersonChunk4k,decode,person,chunk-4k,pooled-steady-state,10.848653,raw/baseline/run-01/pooled-steady-state-decode-person-chunk-4k,logs/run-01-08-baseline-pooled-steady-state-decode-person-chunk-4k.log
1,9,baseline,decode-person-chunk-random,decodePersonChunkRandom,decode,person,chunk-random,unpooled-one-shot,11.922825,raw/baseline/run-01/unpooled-one-shot-decode-person-chunk-random,logs/run-01-09-baseline-unpooled-one-shot-decode-person-chunk-random.log
1,10,baseline,decode-person-chunk-random,decodePersonChunkRandom,decode,person,chunk-random,pooled-steady-state,11.472412,raw/baseline/run-01/pooled-steady-state-decode-person-chunk-random,logs/run-01-10-baseline-pooled-steady-state-decode-person-chunk-random.log
1,11,candidate,decode-person-chunk-random,decodePersonChunkRandom,decode,person,chunk-random,pooled-steady-state,10.138599,raw/candidate/run-01/pooled-steady-state-decode-person-chunk-random,logs/run-01-11-candidate-pooled-steady-state-decode-person-chunk-random.log
1,12,candidate,decode-person-chunk-random,decodePersonChunkRandom,decode,person,chunk-random,unpooled-one-shot,9.904821,raw/candidate/run-01/unpooled-one-shot-decode-person-chunk-random,logs/run-01-12-candidate-unpooled-one-shot-decode-person-chunk-random.log
1,13,candidate,decode-records-64k-chunk-64,decodeRecords64kChunk64,decode,records-64k,chunk-64,pooled-steady-state,7.612089,raw/candidate/run-01/pooled-steady-state-decode-records-64k-chunk-64,logs/run-01-13-candidate-pooled-steady-state-decode-records-64k-chunk-64.log
1,14,candidate,decode-records-64k-chunk-64,decodeRecords64kChunk64,decode,records-64k,chunk-64,unpooled-one-shot,7.729218,raw/candidate/run-01/unpooled-one-shot-decode-records-64k-chunk-64,logs/run-01-14-candidate-unpooled-one-shot-decode-records-64k-chunk-64.log
1,15,baseline,decode-records-64k-chunk-64,decodeRecords64kChunk64,decode,records-64k,chunk-64,unpooled-one-shot,6.841543,raw/baseline/run-01/unpooled-one-shot-decode-records-64k-chunk-64,logs/run-01-15-baseline-unpooled-one-shot-decode-records-64k-chunk-64.log
1,16,baseline,decode-records-64k-chunk-64,decodeRecords64kChunk64,decode,records-64k,chunk-64,pooled-steady-state,6.162831,raw/baseline/run-01/pooled-steady-state-decode-records-64k-chunk-64,logs/run-01-16-baseline-pooled-steady-state-decode-records-64k-chunk-64.log
1,17,baseline,decode-records-64k-chunk-4k,decodeRecords64kChunk4k,decode,records-64k,chunk-4k,unpooled-one-shot,6.545661,raw/baseline/run-01/unpooled-one-shot-decode-records-64k-chunk-4k,logs/run-01-17-baseline-unpooled-one-shot-decode-records-64k-chunk-4k.log
1,18,baseline,decode-records-64k-chunk-4k,decodeRecords64kChunk4k,decode,records-64k,chunk-4k,pooled-steady-state,6.797750,raw/baseline/run-01/pooled-steady-state-decode-records-64k-chunk-4k,logs/run-01-18-baseline-pooled-steady-state-decode-records-64k-chunk-4k.log
1,19,candidate,decode-records-64k-chunk-4k,decodeRecords64kChunk4k,decode,records-64k,chunk-4k,pooled-steady-state,7.895267,raw/candidate/run-01/pooled-steady-state-decode-records-64k-chunk-4k,logs/run-01-19-candidate-pooled-steady-state-decode-records-64k-chunk-4k.log
1,20,candidate,decode-records-64k-chunk-4k,decodeRecords64kChunk4k,decode,records-64k,chunk-4k,unpooled-one-shot,7.708029,raw/candidate/run-01/unpooled-one-shot-decode-records-64k-chunk-4k,logs/run-01-20-candidate-unpooled-one-shot-decode-records-64k-chunk-4k.log
1,21,candidate,decode-records-64k-chunk-random,decodeRecords64kChunkRandom,decode,records-64k,chunk-random,pooled-steady-state,8.052235,raw/candidate/run-01/pooled-steady-state-decode-records-64k-chunk-random,logs/run-01-21-candidate-pooled-steady-state-decode-records-64k-chunk-random.log
1,22,candidate,decode-records-64k-chunk-random,decodeRecords64kChunkRandom,decode,records-64k,chunk-random,unpooled-one-shot,8.092019,raw/candidate/run-01/unpooled-one-shot-decode-records-64k-chunk-random,logs/run-01-22-candidate-unpooled-one-shot-decode-records-64k-chunk-random.log
1,23,baseline,decode-records-64k-chunk-random,decodeRecords64kChunkRandom,decode,records-64k,chunk-random,unpooled-one-shot,6.892611,raw/baseline/run-01/unpooled-one-shot-decode-records-64k-chunk-random,logs/run-01-23-baseline-unpooled-one-shot-decode-records-64k-chunk-random.log
1,24,baseline,decode-records-64k-chunk-random,decodeRecords64kChunkRandom,decode,records-64k,chunk-random,pooled-steady-state,6.633406,raw/baseline/run-01/pooled-steady-state-decode-records-64k-chunk-random,logs/run-01-24-baseline-pooled-steady-state-decode-records-64k-chunk-random.log
1,25,baseline,decode-records-1m-chunk-64,decodeRecords1mChunk64,decode,records-1m,chunk-64,unpooled-one-shot,6.559657,raw/baseline/run-01/unpooled-one-shot-decode-records-1m-chunk-64,logs/run-01-25-baseline-unpooled-one-shot-decode-records-1m-chunk-64.log
1,26,baseline,decode-records-1m-chunk-64,decodeRecords1mChunk64,decode,records-1m,chunk-64,pooled-steady-state,6.456688,raw/baseline/run-01/pooled-steady-state-decode-records-1m-chunk-64,logs/run-01-26-baseline-pooled-steady-state-decode-records-1m-chunk-64.log
1,27,candidate,decode-records-1m-chunk-64,decodeRecords1mChunk64,decode,records-1m,chunk-64,pooled-steady-state,5.283136,raw/candidate/run-01/pooled-steady-state-decode-records-1m-chunk-64,logs/run-01-27-candidate-pooled-steady-state-decode-records-1m-chunk-64.log
1,28,candidate,decode-records-1m-chunk-64,decodeRecords1mChunk64,decode,records-1m,chunk-64,unpooled-one-shot,5.312561,raw/candidate/run-01/unpooled-one-shot-decode-records-1m-chunk-64,logs/run-01-28-candidate-unpooled-one-shot-decode-records-1m-chunk-64.log
1,29,candidate,decode-records-1m-chunk-4k,decodeRecords1mChunk4k,decode,records-1m,chunk-4k,pooled-steady-state,8.285234,raw/candidate/run-01/pooled-steady-state-decode-records-1m-chunk-4k,logs/run-01-29-candidate-pooled-steady-state-decode-records-1m-chunk-4k.log
1,30,candidate,decode-records-1m-chunk-4k,decodeRecords1mChunk4k,decode,records-1m,chunk-4k,unpooled-one-shot,7.010422,raw/candidate/run-01/unpooled-one-shot-decode-records-1m-chunk-4k,logs/run-01-30-candidate-unpooled-one-shot-decode-records-1m-chunk-4k.log
1,31,baseline,decode-records-1m-chunk-4k,decodeRecords1mChunk4k,decode,records-1m,chunk-4k,unpooled-one-shot,6.322063,raw/baseline/run-01/unpooled-one-shot-decode-records-1m-chunk-4k,logs/run-01-31-baseline-unpooled-one-shot-decode-records-1m-chunk-4k.log
1,32,baseline,decode-records-1m-chunk-4k,decodeRecords1mChunk4k,decode,records-1m,chunk-4k,pooled-steady-state,6.469518,raw/baseline/run-01/pooled-steady-state-decode-records-1m-chunk-4k,logs/run-01-32-baseline-pooled-steady-state-decode-records-1m-chunk-4k.log
1,33,baseline,decode-records-1m-chunk-random,decodeRecords1mChunkRandom,decode,records-1m,chunk-random,unpooled-one-shot,6.642393,raw/baseline/run-01/unpooled-one-shot-decode-records-1m-chunk-random,logs/run-01-33-baseline-unpooled-one-shot-decode-records-1m-chunk-random.log
1,34,baseline,decode-records-1m-chunk-random,decodeRecords1mChunkRandom,decode,records-1m,chunk-random,pooled-steady-state,6.575381,raw/baseline/run-01/pooled-steady-state-decode-records-1m-chunk-random,logs/run-01-34-baseline-pooled-steady-state-decode-records-1m-chunk-random.log
1,35,candidate,decode-records-1m-chunk-random,decodeRecords1mChunkRandom,decode,records-1m,chunk-random,pooled-steady-state,8.590423,raw/candidate/run-01/pooled-steady-state-decode-records-1m-chunk-random,logs/run-01-35-candidate-pooled-steady-state-decode-records-1m-chunk-random.log
1,36,candidate,decode-records-1m-chunk-random,decodeRecords1mChunkRandom,decode,records-1m,chunk-random,unpooled-one-shot,8.500972,raw/candidate/run-01/unpooled-one-shot-decode-records-1m-chunk-random,logs/run-01-36-candidate-unpooled-one-shot-decode-records-1m-chunk-random.log
1,37,candidate,encode-person-memory,encodePersonMemory,encode,person,memory,pooled-steady-state,1.419265,raw/candidate/run-01/pooled-steady-state-encode-person-memory,logs/run-01-37-candidate-pooled-steady-state-encode-person-memory.log
1,38,candidate,encode-person-memory,encodePersonMemory,encode,person,memory,unpooled-one-shot,11.643001,raw/candidate/run-01/unpooled-one-shot-encode-person-memory,logs/run-01-38-candidate-unpooled-one-shot-encode-person-memory.log
1,39,baseline,encode-person-memory,encodePersonMemory,encode,person,memory,unpooled-one-shot,9.381817,raw/baseline/run-01/unpooled-one-shot-encode-person-memory,logs/run-01-39-baseline-unpooled-one-shot-encode-person-memory.log
1,40,baseline,encode-person-memory,encodePersonMemory,encode,person,memory,pooled-steady-state,1.563489,raw/baseline/run-01/pooled-steady-state-encode-person-memory,logs/run-01-40-baseline-pooled-steady-state-encode-person-memory.log
1,41,baseline,encode-person-counting,encodePersonCounting,encode,person,counting,unpooled-one-shot,1.503626,raw/baseline/run-01/unpooled-one-shot-encode-person-counting,logs/run-01-41-baseline-unpooled-one-shot-encode-person-counting.log
1,42,baseline,encode-person-counting,encodePersonCounting,encode,person,counting,pooled-steady-state,9.693526,raw/baseline/run-01/pooled-steady-state-encode-person-counting,logs/run-01-42-baseline-pooled-steady-state-encode-person-counting.log
1,43,candidate,encode-person-counting,encodePersonCounting,encode,person,counting,pooled-steady-state,9.448477,raw/candidate/run-01/pooled-steady-state-encode-person-counting,logs/run-01-43-candidate-pooled-steady-state-encode-person-counting.log
1,44,candidate,encode-person-counting,encodePersonCounting,encode,person,counting,unpooled-one-shot,8.698802,raw/candidate/run-01/unpooled-one-shot-encode-person-counting,logs/run-01-44-candidate-unpooled-one-shot-encode-person-counting.log
1,45,candidate,encode-records-64k-memory,encodeRecords64kMemory,encode,records-64k,memory,pooled-steady-state,7.872202,raw/candidate/run-01/pooled-steady-state-encode-records-64k-memory,logs/run-01-45-candidate-pooled-steady-state-encode-records-64k-memory.log
1,46,candidate,encode-records-64k-memory,encodeRecords64kMemory,encode,records-64k,memory,unpooled-one-shot,8.476281,raw/candidate/run-01/unpooled-one-shot-encode-records-64k-memory,logs/run-01-46-candidate-unpooled-one-shot-encode-records-64k-memory.log
1,47,baseline,encode-records-64k-memory,encodeRecords64kMemory,encode,records-64k,memory,unpooled-one-shot,2.360219,raw/baseline/run-01/unpooled-one-shot-encode-records-64k-memory,logs/run-01-47-baseline-unpooled-one-shot-encode-records-64k-memory.log
1,48,baseline,encode-records-64k-memory,encodeRecords64kMemory,encode,records-64k,memory,pooled-steady-state,8.335293,raw/baseline/run-01/pooled-steady-state-encode-records-64k-memory,logs/run-01-48-baseline-pooled-steady-state-encode-records-64k-memory.log
1,49,baseline,encode-records-64k-counting,encodeRecords64kCounting,encode,records-64k,counting,unpooled-one-shot,9.445731,raw/baseline/run-01/unpooled-one-shot-encode-records-64k-counting,logs/run-01-49-baseline-unpooled-one-shot-encode-records-64k-counting.log
1,50,baseline,encode-records-64k-counting,encodeRecords64kCounting,encode,records-64k,counting,pooled-steady-state,9.384262,raw/baseline/run-01/pooled-steady-state-encode-records-64k-counting,logs/run-01-50-baseline-pooled-steady-state-encode-records-64k-counting.log
1,51,candidate,encode-records-64k-counting,encodeRecords64kCounting,encode,records-64k,counting,pooled-steady-state,9.482924,raw/candidate/run-01/pooled-steady-state-encode-records-64k-counting,logs/run-01-51-candidate-pooled-steady-state-encode-records-64k-counting.log
1,52,candidate,encode-records-64k-counting,encodeRecords64kCounting,encode,records-64k,counting,unpooled-one-shot,9.614138,raw/candidate/run-01/unpooled-one-shot-encode-records-64k-counting,logs/run-01-52-candidate-unpooled-one-shot-encode-records-64k-counting.log
1,53,candidate,encode-records-1m-memory,encodeRecords1mMemory,encode,records-1m,memory,pooled-steady-state,6.999433,raw/candidate/run-01/pooled-steady-state-encode-records-1m-memory,logs/run-01-53-candidate-pooled-steady-state-encode-records-1m-memory.log
1,54,candidate,encode-records-1m-memory,encodeRecords1mMemory,encode,records-1m,memory,unpooled-one-shot,7.057195,raw/candidate/run-01/unpooled-one-shot-encode-records-1m-memory,logs/run-01-54-candidate-unpooled-one-shot-encode-records-1m-memory.log
1,55,baseline,encode-records-1m-memory,encodeRecords1mMemory,encode,records-1m,memory,unpooled-one-shot,6.738949,raw/baseline/run-01/unpooled-one-shot-encode-records-1m-memory,logs/run-01-55-baseline-unpooled-one-shot-encode-records-1m-memory.log
1,56,baseline,encode-records-1m-memory,encodeRecords1mMemory,encode,records-1m,memory,pooled-steady-state,6.014038,raw/baseline/run-01/pooled-steady-state-encode-records-1m-memory,logs/run-01-56-baseline-pooled-steady-state-encode-records-1m-memory.log
1,57,baseline,encode-records-1m-counting,encodeRecords1mCounting,encode,records-1m,counting,unpooled-one-shot,6.492196,raw/baseline/run-01/unpooled-one-shot-encode-records-1m-counting,logs/run-01-57-baseline-unpooled-one-shot-encode-records-1m-counting.log
1,58,baseline,encode-records-1m-counting,encodeRecords1mCounting,encode,records-1m,counting,pooled-steady-state,6.674195,raw/baseline/run-01/pooled-steady-state-encode-records-1m-counting,logs/run-01-58-baseline-pooled-steady-state-encode-records-1m-counting.log
1,59,candidate,encode-records-1m-counting,encodeRecords1mCounting,encode,records-1m,counting,pooled-steady-state,6.851535,raw/candidate/run-01/pooled-steady-state-encode-records-1m-counting,logs/run-01-59-candidate-pooled-steady-state-encode-records-1m-counting.log
1,60,candidate,encode-records-1m-counting,encodeRecords1mCounting,encode,records-1m,counting,unpooled-one-shot,6.652667,raw/candidate/run-01/unpooled-one-shot-encode-records-1m-counting,logs/run-01-60-candidate-unpooled-one-shot-encode-records-1m-counting.log
2,1,candidate,decode-person-chunk-64,decodePersonChunk64,decode,person,chunk-64,pooled-steady-state,9.868632,raw/candidate/run-02/pooled-steady-state-decode-person-chunk-64,logs/run-02-01-candidate-pooled-steady-state-decode-person-chunk-64.log
2,2,candidate,decode-person-chunk-64,decodePersonChunk64,decode,person,chunk-64,unpooled-one-shot,9.756460,raw/candidate/run-02/unpooled-one-shot-decode-person-chunk-64,logs/run-02-02-candidate-unpooled-one-shot-decode-person-chunk-64.log
2,3,baseline,decode-person-chunk-64,decodePersonChunk64,decode,person,chunk-64,unpooled-one-shot,10.872930,raw/baseline/run-02/unpooled-one-shot-decode-person-chunk-64,logs/run-02-03-baseline-unpooled-one-shot-decode-person-chunk-64.log
2,4,baseline,decode-person-chunk-64,decodePersonChunk64,decode,person,chunk-64,pooled-steady-state,11.068337,raw/baseline/run-02/pooled-steady-state-decode-person-chunk-64,logs/run-02-04-baseline-pooled-steady-state-decode-person-chunk-64.log
2,5,baseline,encode-records-1m-counting,encodeRecords1mCounting,encode,records-1m,counting,unpooled-one-shot,6.848819,raw/baseline/run-02/unpooled-one-shot-encode-records-1m-counting,logs/run-02-05-baseline-unpooled-one-shot-encode-records-1m-counting.log
2,6,baseline,encode-records-1m-counting,encodeRecords1mCounting,encode,records-1m,counting,pooled-steady-state,6.777824,raw/baseline/run-02/pooled-steady-state-encode-records-1m-counting,logs/run-02-06-baseline-pooled-steady-state-encode-records-1m-counting.log
2,7,candidate,encode-records-1m-counting,encodeRecords1mCounting,encode,records-1m,counting,pooled-steady-state,6.560759,raw/candidate/run-02/pooled-steady-state-encode-records-1m-counting,logs/run-02-07-candidate-pooled-steady-state-encode-records-1m-counting.log
2,8,candidate,encode-records-1m-counting,encodeRecords1mCounting,encode,records-1m,counting,unpooled-one-shot,6.673379,raw/candidate/run-02/unpooled-one-shot-encode-records-1m-counting,logs/run-02-08-candidate-unpooled-one-shot-encode-records-1m-counting.log
2,9,candidate,encode-records-1m-memory,encodeRecords1mMemory,encode,records-1m,memory,pooled-steady-state,6.841352,raw/candidate/run-02/pooled-steady-state-encode-records-1m-memory,logs/run-02-09-candidate-pooled-steady-state-encode-records-1m-memory.log
2,10,candidate,encode-records-1m-memory,encodeRecords1mMemory,encode,records-1m,memory,unpooled-one-shot,7.167428,raw/candidate/run-02/unpooled-one-shot-encode-records-1m-memory,logs/run-02-10-candidate-unpooled-one-shot-encode-records-1m-memory.log
2,11,baseline,encode-records-1m-memory,encodeRecords1mMemory,encode,records-1m,memory,unpooled-one-shot,8.565662,raw/baseline/run-02/unpooled-one-shot-encode-records-1m-memory,logs/run-02-11-baseline-unpooled-one-shot-encode-records-1m-memory.log
2,12,baseline,encode-records-1m-memory,encodeRecords1mMemory,encode,records-1m,memory,pooled-steady-state,6.822608,raw/baseline/run-02/pooled-steady-state-encode-records-1m-memory,logs/run-02-12-baseline-pooled-steady-state-encode-records-1m-memory.log
2,13,baseline,encode-records-64k-counting,encodeRecords64kCounting,encode,records-64k,counting,unpooled-one-shot,9.543152,raw/baseline/run-02/unpooled-one-shot-encode-records-64k-counting,logs/run-02-13-baseline-unpooled-one-shot-encode-records-64k-counting.log
2,14,baseline,encode-records-64k-counting,encodeRecords64kCounting,encode,records-64k,counting,pooled-steady-state,9.550214,raw/baseline/run-02/pooled-steady-state-encode-records-64k-counting,logs/run-02-14-baseline-pooled-steady-state-encode-records-64k-counting.log
2,15,candidate,encode-records-64k-counting,encodeRecords64kCounting,encode,records-64k,counting,pooled-steady-state,9.537581,raw/candidate/run-02/pooled-steady-state-encode-records-64k-counting,logs/run-02-15-candidate-pooled-steady-state-encode-records-64k-counting.log
2,16,candidate,encode-records-64k-counting,encodeRecords64kCounting,encode,records-64k,counting,unpooled-one-shot,9.494751,raw/candidate/run-02/unpooled-one-shot-encode-records-64k-counting,logs/run-02-16-candidate-unpooled-one-shot-encode-records-64k-counting.log
2,17,candidate,encode-records-64k-memory,encodeRecords64kMemory,encode,records-64k,memory,pooled-steady-state,7.962841,raw/candidate/run-02/pooled-steady-state-encode-records-64k-memory,logs/run-02-17-candidate-pooled-steady-state-encode-records-64k-memory.log
2,18,candidate,encode-records-64k-memory,encodeRecords64kMemory,encode,records-64k,memory,unpooled-one-shot,8.295057,raw/candidate/run-02/unpooled-one-shot-encode-records-64k-memory,logs/run-02-18-candidate-unpooled-one-shot-encode-records-64k-memory.log
2,19,baseline,encode-records-64k-memory,encodeRecords64kMemory,encode,records-64k,memory,unpooled-one-shot,8.422834,raw/baseline/run-02/unpooled-one-shot-encode-records-64k-memory,logs/run-02-19-baseline-unpooled-one-shot-encode-records-64k-memory.log
2,20,baseline,encode-records-64k-memory,encodeRecords64kMemory,encode,records-64k,memory,pooled-steady-state,8.160105,raw/baseline/run-02/pooled-steady-state-encode-records-64k-memory,logs/run-02-20-baseline-pooled-steady-state-encode-records-64k-memory.log
2,21,baseline,encode-person-counting,encodePersonCounting,encode,person,counting,unpooled-one-shot,8.959949,raw/baseline/run-02/unpooled-one-shot-encode-person-counting,logs/run-02-21-baseline-unpooled-one-shot-encode-person-counting.log
2,22,baseline,encode-person-counting,encodePersonCounting,encode,person,counting,pooled-steady-state,8.946709,raw/baseline/run-02/pooled-steady-state-encode-person-counting,logs/run-02-22-baseline-pooled-steady-state-encode-person-counting.log
2,23,candidate,encode-person-counting,encodePersonCounting,encode,person,counting,pooled-steady-state,9.171552,raw/candidate/run-02/pooled-steady-state-encode-person-counting,logs/run-02-23-candidate-pooled-steady-state-encode-person-counting.log
2,24,candidate,encode-person-counting,encodePersonCounting,encode,person,counting,unpooled-one-shot,9.956486,raw/candidate/run-02/unpooled-one-shot-encode-person-counting,logs/run-02-24-candidate-unpooled-one-shot-encode-person-counting.log
2,25,candidate,encode-person-memory,encodePersonMemory,encode,person,memory,pooled-steady-state,9.859567,raw/candidate/run-02/pooled-steady-state-encode-person-memory,logs/run-02-25-candidate-pooled-steady-state-encode-person-memory.log
2,26,candidate,encode-person-memory,encodePersonMemory,encode,person,memory,unpooled-one-shot,1.441346,raw/candidate/run-02/unpooled-one-shot-encode-person-memory,logs/run-02-26-candidate-unpooled-one-shot-encode-person-memory.log
2,27,baseline,encode-person-memory,encodePersonMemory,encode,person,memory,unpooled-one-shot,1.585608,raw/baseline/run-02/unpooled-one-shot-encode-person-memory,logs/run-02-27-baseline-unpooled-one-shot-encode-person-memory.log
2,28,baseline,encode-person-memory,encodePersonMemory,encode,person,memory,pooled-steady-state,1.533770,raw/baseline/run-02/pooled-steady-state-encode-person-memory,logs/run-02-28-baseline-pooled-steady-state-encode-person-memory.log
2,29,baseline,decode-records-1m-chunk-random,decodeRecords1mChunkRandom,decode,records-1m,chunk-random,unpooled-one-shot,6.386709,raw/baseline/run-02/unpooled-one-shot-decode-records-1m-chunk-random,logs/run-02-29-baseline-unpooled-one-shot-decode-records-1m-chunk-random.log
2,30,baseline,decode-records-1m-chunk-random,decodeRecords1mChunkRandom,decode,records-1m,chunk-random,pooled-steady-state,6.501654,raw/baseline/run-02/pooled-steady-state-decode-records-1m-chunk-random,logs/run-02-30-baseline-pooled-steady-state-decode-records-1m-chunk-random.log
2,31,candidate,decode-records-1m-chunk-random,decodeRecords1mChunkRandom,decode,records-1m,chunk-random,pooled-steady-state,8.543170,raw/candidate/run-02/pooled-steady-state-decode-records-1m-chunk-random,logs/run-02-31-candidate-pooled-steady-state-decode-records-1m-chunk-random.log
2,32,candidate,decode-records-1m-chunk-random,decodeRecords1mChunkRandom,decode,records-1m,chunk-random,unpooled-one-shot,8.450421,raw/candidate/run-02/unpooled-one-shot-decode-records-1m-chunk-random,logs/run-02-32-candidate-unpooled-one-shot-decode-records-1m-chunk-random.log
2,33,candidate,decode-records-1m-chunk-4k,decodeRecords1mChunk4k,decode,records-1m,chunk-4k,pooled-steady-state,8.545926,raw/candidate/run-02/pooled-steady-state-decode-records-1m-chunk-4k,logs/run-02-33-candidate-pooled-steady-state-decode-records-1m-chunk-4k.log
2,34,candidate,decode-records-1m-chunk-4k,decodeRecords1mChunk4k,decode,records-1m,chunk-4k,unpooled-one-shot,8.499463,raw/candidate/run-02/unpooled-one-shot-decode-records-1m-chunk-4k,logs/run-02-34-candidate-unpooled-one-shot-decode-records-1m-chunk-4k.log
2,35,baseline,decode-records-1m-chunk-4k,decodeRecords1mChunk4k,decode,records-1m,chunk-4k,unpooled-one-shot,6.271588,raw/baseline/run-02/unpooled-one-shot-decode-records-1m-chunk-4k,logs/run-02-35-baseline-unpooled-one-shot-decode-records-1m-chunk-4k.log
2,36,baseline,decode-records-1m-chunk-4k,decodeRecords1mChunk4k,decode,records-1m,chunk-4k,pooled-steady-state,6.444576,raw/baseline/run-02/pooled-steady-state-decode-records-1m-chunk-4k,logs/run-02-36-baseline-pooled-steady-state-decode-records-1m-chunk-4k.log
2,37,baseline,decode-records-1m-chunk-64,decodeRecords1mChunk64,decode,records-1m,chunk-64,unpooled-one-shot,6.579799,raw/baseline/run-02/unpooled-one-shot-decode-records-1m-chunk-64,logs/run-02-37-baseline-unpooled-one-shot-decode-records-1m-chunk-64.log
2,38,baseline,decode-records-1m-chunk-64,decodeRecords1mChunk64,decode,records-1m,chunk-64,pooled-steady-state,6.449174,raw/baseline/run-02/pooled-steady-state-decode-records-1m-chunk-64,logs/run-02-38-baseline-pooled-steady-state-decode-records-1m-chunk-64.log
2,39,candidate,decode-records-1m-chunk-64,decodeRecords1mChunk64,decode,records-1m,chunk-64,pooled-steady-state,5.278824,raw/candidate/run-02/pooled-steady-state-decode-records-1m-chunk-64,logs/run-02-39-candidate-pooled-steady-state-decode-records-1m-chunk-64.log
2,40,candidate,decode-records-1m-chunk-64,decodeRecords1mChunk64,decode,records-1m,chunk-64,unpooled-one-shot,7.697477,raw/candidate/run-02/unpooled-one-shot-decode-records-1m-chunk-64,logs/run-02-40-candidate-unpooled-one-shot-decode-records-1m-chunk-64.log
2,41,candidate,decode-records-64k-chunk-random,decodeRecords64kChunkRandom,decode,records-64k,chunk-random,pooled-steady-state,8.207978,raw/candidate/run-02/pooled-steady-state-decode-records-64k-chunk-random,logs/run-02-41-candidate-pooled-steady-state-decode-records-64k-chunk-random.log
2,42,candidate,decode-records-64k-chunk-random,decodeRecords64kChunkRandom,decode,records-64k,chunk-random,unpooled-one-shot,7.973581,raw/candidate/run-02/unpooled-one-shot-decode-records-64k-chunk-random,logs/run-02-42-candidate-unpooled-one-shot-decode-records-64k-chunk-random.log
2,43,baseline,decode-records-64k-chunk-random,decodeRecords64kChunkRandom,decode,records-64k,chunk-random,unpooled-one-shot,7.012616,raw/baseline/run-02/unpooled-one-shot-decode-records-64k-chunk-random,logs/run-02-43-baseline-unpooled-one-shot-decode-records-64k-chunk-random.log
2,44,baseline,decode-records-64k-chunk-random,decodeRecords64kChunkRandom,decode,records-64k,chunk-random,pooled-steady-state,6.577038,raw/baseline/run-02/pooled-steady-state-decode-records-64k-chunk-random,logs/run-02-44-baseline-pooled-steady-state-decode-records-64k-chunk-random.log
2,45,baseline,decode-records-64k-chunk-4k,decodeRecords64kChunk4k,decode,records-64k,chunk-4k,unpooled-one-shot,6.965444,raw/baseline/run-02/unpooled-one-shot-decode-records-64k-chunk-4k,logs/run-02-45-baseline-unpooled-one-shot-decode-records-64k-chunk-4k.log
2,46,baseline,decode-records-64k-chunk-4k,decodeRecords64kChunk4k,decode,records-64k,chunk-4k,pooled-steady-state,7.196697,raw/baseline/run-02/pooled-steady-state-decode-records-64k-chunk-4k,logs/run-02-46-baseline-pooled-steady-state-decode-records-64k-chunk-4k.log
2,47,candidate,decode-records-64k-chunk-4k,decodeRecords64kChunk4k,decode,records-64k,chunk-4k,pooled-steady-state,3.041627,raw/candidate/run-02/pooled-steady-state-decode-records-64k-chunk-4k,logs/run-02-47-candidate-pooled-steady-state-decode-records-64k-chunk-4k.log
2,48,candidate,decode-records-64k-chunk-4k,decodeRecords64kChunk4k,decode,records-64k,chunk-4k,unpooled-one-shot,8.035630,raw/candidate/run-02/unpooled-one-shot-decode-records-64k-chunk-4k,logs/run-02-48-candidate-unpooled-one-shot-decode-records-64k-chunk-4k.log
2,49,candidate,decode-records-64k-chunk-64,decodeRecords64kChunk64,decode,records-64k,chunk-64,pooled-steady-state,3.527379,raw/candidate/run-02/pooled-steady-state-decode-records-64k-chunk-64,logs/run-02-49-candidate-pooled-steady-state-decode-records-64k-chunk-64.log
2,50,candidate,decode-records-64k-chunk-64,decodeRecords64kChunk64,decode,records-64k,chunk-64,unpooled-one-shot,7.578687,raw/candidate/run-02/unpooled-one-shot-decode-records-64k-chunk-64,logs/run-02-50-candidate-unpooled-one-shot-decode-records-64k-chunk-64.log
2,51,baseline,decode-records-64k-chunk-64,decodeRecords64kChunk64,decode,records-64k,chunk-64,unpooled-one-shot,6.751658,raw/baseline/run-02/unpooled-one-shot-decode-records-64k-chunk-64,logs/run-02-51-baseline-unpooled-one-shot-decode-records-64k-chunk-64.log
2,52,baseline,decode-records-64k-chunk-64,decodeRecords64kChunk64,decode,records-64k,chunk-64,pooled-steady-state,7.333870,raw/baseline/run-02/pooled-steady-state-decode-records-64k-chunk-64,logs/run-02-52-baseline-pooled-steady-state-decode-records-64k-chunk-64.log
2,53,baseline,decode-person-chunk-random,decodePersonChunkRandom,decode,person,chunk-random,unpooled-one-shot,10.192163,raw/baseline/run-02/unpooled-one-shot-decode-person-chunk-random,logs/run-02-53-baseline-unpooled-one-shot-decode-person-chunk-random.log
2,54,baseline,decode-person-chunk-random,decodePersonChunkRandom,decode,person,chunk-random,pooled-steady-state,11.214930,raw/baseline/run-02/pooled-steady-state-decode-person-chunk-random,logs/run-02-54-baseline-pooled-steady-state-decode-person-chunk-random.log
2,55,candidate,decode-person-chunk-random,decodePersonChunkRandom,decode,person,chunk-random,pooled-steady-state,9.889387,raw/candidate/run-02/pooled-steady-state-decode-person-chunk-random,logs/run-02-55-candidate-pooled-steady-state-decode-person-chunk-random.log
2,56,candidate,decode-person-chunk-random,decodePersonChunkRandom,decode,person,chunk-random,unpooled-one-shot,9.608749,raw/candidate/run-02/unpooled-one-shot-decode-person-chunk-random,logs/run-02-56-candidate-unpooled-one-shot-decode-person-chunk-random.log
2,57,candidate,decode-person-chunk-4k,decodePersonChunk4k,decode,person,chunk-4k,pooled-steady-state,10.825164,raw/candidate/run-02/pooled-steady-state-decode-person-chunk-4k,logs/run-02-57-candidate-pooled-steady-state-decode-person-chunk-4k.log
2,58,candidate,decode-person-chunk-4k,decodePersonChunk4k,decode,person,chunk-4k,unpooled-one-shot,9.750897,raw/candidate/run-02/unpooled-one-shot-decode-person-chunk-4k,logs/run-02-58-candidate-unpooled-one-shot-decode-person-chunk-4k.log
2,59,baseline,decode-person-chunk-4k,decodePersonChunk4k,decode,person,chunk-4k,unpooled-one-shot,10.503988,raw/baseline/run-02/unpooled-one-shot-decode-person-chunk-4k,logs/run-02-59-baseline-unpooled-one-shot-decode-person-chunk-4k.log
2,60,baseline,decode-person-chunk-4k,decodePersonChunk4k,decode,person,chunk-4k,pooled-steady-state,11.942283,raw/baseline/run-02/pooled-steady-state-decode-person-chunk-4k,logs/run-02-60-baseline-pooled-steady-state-decode-person-chunk-4k.log
3,1,baseline,decode-person-chunk-random,decodePersonChunkRandom,decode,person,chunk-random,unpooled-one-shot,10.121496,raw/baseline/run-03/unpooled-one-shot-decode-person-chunk-random,logs/run-03-01-baseline-unpooled-one-shot-decode-person-chunk-random.log
3,2,baseline,decode-person-chunk-random,decodePersonChunkRandom,decode,person,chunk-random,pooled-steady-state,10.051412,raw/baseline/run-03/pooled-steady-state-decode-person-chunk-random,logs/run-03-02-baseline-pooled-steady-state-decode-person-chunk-random.log
3,3,candidate,decode-person-chunk-random,decodePersonChunkRandom,decode,person,chunk-random,pooled-steady-state,9.926575,raw/candidate/run-03/pooled-steady-state-decode-person-chunk-random,logs/run-03-03-candidate-pooled-steady-state-decode-person-chunk-random.log
3,4,candidate,decode-person-chunk-random,decodePersonChunkRandom,decode,person,chunk-random,unpooled-one-shot,9.720186,raw/candidate/run-03/unpooled-one-shot-decode-person-chunk-random,logs/run-03-04-candidate-unpooled-one-shot-decode-person-chunk-random.log
3,5,candidate,decode-records-64k-chunk-64,decodeRecords64kChunk64,decode,records-64k,chunk-64,pooled-steady-state,3.461944,raw/candidate/run-03/pooled-steady-state-decode-records-64k-chunk-64,logs/run-03-05-candidate-pooled-steady-state-decode-records-64k-chunk-64.log
3,6,candidate,decode-records-64k-chunk-64,decodeRecords64kChunk64,decode,records-64k,chunk-64,unpooled-one-shot,4.063899,raw/candidate/run-03/unpooled-one-shot-decode-records-64k-chunk-64,logs/run-03-06-candidate-unpooled-one-shot-decode-records-64k-chunk-64.log
3,7,baseline,decode-records-64k-chunk-64,decodeRecords64kChunk64,decode,records-64k,chunk-64,unpooled-one-shot,5.736553,raw/baseline/run-03/unpooled-one-shot-decode-records-64k-chunk-64,logs/run-03-07-baseline-unpooled-one-shot-decode-records-64k-chunk-64.log
3,8,baseline,decode-records-64k-chunk-64,decodeRecords64kChunk64,decode,records-64k,chunk-64,pooled-steady-state,5.942481,raw/baseline/run-03/pooled-steady-state-decode-records-64k-chunk-64,logs/run-03-08-baseline-pooled-steady-state-decode-records-64k-chunk-64.log
3,9,baseline,decode-records-64k-chunk-4k,decodeRecords64kChunk4k,decode,records-64k,chunk-4k,unpooled-one-shot,7.212532,raw/baseline/run-03/unpooled-one-shot-decode-records-64k-chunk-4k,logs/run-03-09-baseline-unpooled-one-shot-decode-records-64k-chunk-4k.log
3,10,baseline,decode-records-64k-chunk-4k,decodeRecords64kChunk4k,decode,records-64k,chunk-4k,pooled-steady-state,6.691375,raw/baseline/run-03/pooled-steady-state-decode-records-64k-chunk-4k,logs/run-03-10-baseline-pooled-steady-state-decode-records-64k-chunk-4k.log
3,11,candidate,decode-records-64k-chunk-4k,decodeRecords64kChunk4k,decode,records-64k,chunk-4k,pooled-steady-state,2.991682,raw/candidate/run-03/pooled-steady-state-decode-records-64k-chunk-4k,logs/run-03-11-candidate-pooled-steady-state-decode-records-64k-chunk-4k.log
3,12,candidate,decode-records-64k-chunk-4k,decodeRecords64kChunk4k,decode,records-64k,chunk-4k,unpooled-one-shot,8.059607,raw/candidate/run-03/unpooled-one-shot-decode-records-64k-chunk-4k,logs/run-03-12-candidate-unpooled-one-shot-decode-records-64k-chunk-4k.log
3,13,candidate,decode-records-64k-chunk-random,decodeRecords64kChunkRandom,decode,records-64k,chunk-random,pooled-steady-state,8.015999,raw/candidate/run-03/pooled-steady-state-decode-records-64k-chunk-random,logs/run-03-13-candidate-pooled-steady-state-decode-records-64k-chunk-random.log
3,14,candidate,decode-records-64k-chunk-random,decodeRecords64kChunkRandom,decode,records-64k,chunk-random,unpooled-one-shot,8.127608,raw/candidate/run-03/unpooled-one-shot-decode-records-64k-chunk-random,logs/run-03-14-candidate-unpooled-one-shot-decode-records-64k-chunk-random.log
3,15,baseline,decode-records-64k-chunk-random,decodeRecords64kChunkRandom,decode,records-64k,chunk-random,unpooled-one-shot,6.673562,raw/baseline/run-03/unpooled-one-shot-decode-records-64k-chunk-random,logs/run-03-15-baseline-unpooled-one-shot-decode-records-64k-chunk-random.log
3,16,baseline,decode-records-64k-chunk-random,decodeRecords64kChunkRandom,decode,records-64k,chunk-random,pooled-steady-state,7.027305,raw/baseline/run-03/pooled-steady-state-decode-records-64k-chunk-random,logs/run-03-16-baseline-pooled-steady-state-decode-records-64k-chunk-random.log
3,17,baseline,decode-records-1m-chunk-64,decodeRecords1mChunk64,decode,records-1m,chunk-64,unpooled-one-shot,6.496581,raw/baseline/run-03/unpooled-one-shot-decode-records-1m-chunk-64,logs/run-03-17-baseline-unpooled-one-shot-decode-records-1m-chunk-64.log
3,18,baseline,decode-records-1m-chunk-64,decodeRecords1mChunk64,decode,records-1m,chunk-64,pooled-steady-state,6.620735,raw/baseline/run-03/pooled-steady-state-decode-records-1m-chunk-64,logs/run-03-18-baseline-pooled-steady-state-decode-records-1m-chunk-64.log
3,19,candidate,decode-records-1m-chunk-64,decodeRecords1mChunk64,decode,records-1m,chunk-64,pooled-steady-state,5.266324,raw/candidate/run-03/pooled-steady-state-decode-records-1m-chunk-64,logs/run-03-19-candidate-pooled-steady-state-decode-records-1m-chunk-64.log
3,20,candidate,decode-records-1m-chunk-64,decodeRecords1mChunk64,decode,records-1m,chunk-64,unpooled-one-shot,7.029266,raw/candidate/run-03/unpooled-one-shot-decode-records-1m-chunk-64,logs/run-03-20-candidate-unpooled-one-shot-decode-records-1m-chunk-64.log
3,21,candidate,decode-records-1m-chunk-4k,decodeRecords1mChunk4k,decode,records-1m,chunk-4k,pooled-steady-state,8.669439,raw/candidate/run-03/pooled-steady-state-decode-records-1m-chunk-4k,logs/run-03-21-candidate-pooled-steady-state-decode-records-1m-chunk-4k.log
3,22,candidate,decode-records-1m-chunk-4k,decodeRecords1mChunk4k,decode,records-1m,chunk-4k,unpooled-one-shot,8.579830,raw/candidate/run-03/unpooled-one-shot-decode-records-1m-chunk-4k,logs/run-03-22-candidate-unpooled-one-shot-decode-records-1m-chunk-4k.log
3,23,baseline,decode-records-1m-chunk-4k,decodeRecords1mChunk4k,decode,records-1m,chunk-4k,unpooled-one-shot,6.447102,raw/baseline/run-03/unpooled-one-shot-decode-records-1m-chunk-4k,logs/run-03-23-baseline-unpooled-one-shot-decode-records-1m-chunk-4k.log
3,24,baseline,decode-records-1m-chunk-4k,decodeRecords1mChunk4k,decode,records-1m,chunk-4k,pooled-steady-state,6.446069,raw/baseline/run-03/pooled-steady-state-decode-records-1m-chunk-4k,logs/run-03-24-baseline-pooled-steady-state-decode-records-1m-chunk-4k.log
3,25,baseline,decode-records-1m-chunk-random,decodeRecords1mChunkRandom,decode,records-1m,chunk-random,unpooled-one-shot,6.385077,raw/baseline/run-03/unpooled-one-shot-decode-records-1m-chunk-random,logs/run-03-25-baseline-unpooled-one-shot-decode-records-1m-chunk-random.log
3,26,baseline,decode-records-1m-chunk-random,decodeRecords1mChunkRandom,decode,records-1m,chunk-random,pooled-steady-state,6.602425,raw/baseline/run-03/pooled-steady-state-decode-records-1m-chunk-random,logs/run-03-26-baseline-pooled-steady-state-decode-records-1m-chunk-random.log
3,27,candidate,decode-records-1m-chunk-random,decodeRecords1mChunkRandom,decode,records-1m,chunk-random,pooled-steady-state,8.592504,raw/candidate/run-03/pooled-steady-state-decode-records-1m-chunk-random,logs/run-03-27-candidate-pooled-steady-state-decode-records-1m-chunk-random.log
3,28,candidate,decode-records-1m-chunk-random,decodeRecords1mChunkRandom,decode,records-1m,chunk-random,unpooled-one-shot,8.550188,raw/candidate/run-03/unpooled-one-shot-decode-records-1m-chunk-random,logs/run-03-28-candidate-unpooled-one-shot-decode-records-1m-chunk-random.log
3,29,candidate,encode-person-memory,encodePersonMemory,encode,person,memory,pooled-steady-state,8.828994,raw/candidate/run-03/pooled-steady-state-encode-person-memory,logs/run-03-29-candidate-pooled-steady-state-encode-person-memory.log
3,30,candidate,encode-person-memory,encodePersonMemory,encode,person,memory,unpooled-one-shot,9.042759,raw/candidate/run-03/unpooled-one-shot-encode-person-memory,logs/run-03-30-candidate-unpooled-one-shot-encode-person-memory.log
3,31,baseline,encode-person-memory,encodePersonMemory,encode,person,memory,unpooled-one-shot,9.985028,raw/baseline/run-03/unpooled-one-shot-encode-person-memory,logs/run-03-31-baseline-unpooled-one-shot-encode-person-memory.log
3,32,baseline,encode-person-memory,encodePersonMemory,encode,person,memory,pooled-steady-state,9.447762,raw/baseline/run-03/pooled-steady-state-encode-person-memory,logs/run-03-32-baseline-pooled-steady-state-encode-person-memory.log
3,33,baseline,encode-person-counting,encodePersonCounting,encode,person,counting,unpooled-one-shot,1.499930,raw/baseline/run-03/unpooled-one-shot-encode-person-counting,logs/run-03-33-baseline-unpooled-one-shot-encode-person-counting.log
3,34,baseline,encode-person-counting,encodePersonCounting,encode,person,counting,pooled-steady-state,8.663269,raw/baseline/run-03/pooled-steady-state-encode-person-counting,logs/run-03-34-baseline-pooled-steady-state-encode-person-counting.log
3,35,candidate,encode-person-counting,encodePersonCounting,encode,person,counting,pooled-steady-state,10.183673,raw/candidate/run-03/pooled-steady-state-encode-person-counting,logs/run-03-35-candidate-pooled-steady-state-encode-person-counting.log
3,36,candidate,encode-person-counting,encodePersonCounting,encode,person,counting,unpooled-one-shot,1.337459,raw/candidate/run-03/unpooled-one-shot-encode-person-counting,logs/run-03-36-candidate-unpooled-one-shot-encode-person-counting.log
3,37,candidate,encode-records-64k-memory,encodeRecords64kMemory,encode,records-64k,memory,pooled-steady-state,2.684990,raw/candidate/run-03/pooled-steady-state-encode-records-64k-memory,logs/run-03-37-candidate-pooled-steady-state-encode-records-64k-memory.log
3,38,candidate,encode-records-64k-memory,encodeRecords64kMemory,encode,records-64k,memory,unpooled-one-shot,2.345157,raw/candidate/run-03/unpooled-one-shot-encode-records-64k-memory,logs/run-03-38-candidate-unpooled-one-shot-encode-records-64k-memory.log
3,39,baseline,encode-records-64k-memory,encodeRecords64kMemory,encode,records-64k,memory,unpooled-one-shot,8.298781,raw/baseline/run-03/unpooled-one-shot-encode-records-64k-memory,logs/run-03-39-baseline-unpooled-one-shot-encode-records-64k-memory.log
3,40,baseline,encode-records-64k-memory,encodeRecords64kMemory,encode,records-64k,memory,pooled-steady-state,8.143721,raw/baseline/run-03/pooled-steady-state-encode-records-64k-memory,logs/run-03-40-baseline-pooled-steady-state-encode-records-64k-memory.log
3,41,baseline,encode-records-64k-counting,encodeRecords64kCounting,encode,records-64k,counting,unpooled-one-shot,9.529009,raw/baseline/run-03/unpooled-one-shot-encode-records-64k-counting,logs/run-03-41-baseline-unpooled-one-shot-encode-records-64k-counting.log
3,42,baseline,encode-records-64k-counting,encodeRecords64kCounting,encode,records-64k,counting,pooled-steady-state,9.367452,raw/baseline/run-03/pooled-steady-state-encode-records-64k-counting,logs/run-03-42-baseline-pooled-steady-state-encode-records-64k-counting.log
3,43,candidate,encode-records-64k-counting,encodeRecords64kCounting,encode,records-64k,counting,pooled-steady-state,9.513296,raw/candidate/run-03/pooled-steady-state-encode-records-64k-counting,logs/run-03-43-candidate-pooled-steady-state-encode-records-64k-counting.log
3,44,candidate,encode-records-64k-counting,encodeRecords64kCounting,encode,records-64k,counting,unpooled-one-shot,9.464965,raw/candidate/run-03/unpooled-one-shot-encode-records-64k-counting,logs/run-03-44-candidate-unpooled-one-shot-encode-records-64k-counting.log
3,45,candidate,encode-records-1m-memory,encodeRecords1mMemory,encode,records-1m,memory,pooled-steady-state,6.824197,raw/candidate/run-03/pooled-steady-state-encode-records-1m-memory,logs/run-03-45-candidate-pooled-steady-state-encode-records-1m-memory.log
3,46,candidate,encode-records-1m-memory,encodeRecords1mMemory,encode,records-1m,memory,unpooled-one-shot,6.523119,raw/candidate/run-03/unpooled-one-shot-encode-records-1m-memory,logs/run-03-46-candidate-unpooled-one-shot-encode-records-1m-memory.log
3,47,baseline,encode-records-1m-memory,encodeRecords1mMemory,encode,records-1m,memory,unpooled-one-shot,7.162043,raw/baseline/run-03/unpooled-one-shot-encode-records-1m-memory,logs/run-03-47-baseline-unpooled-one-shot-encode-records-1m-memory.log
3,48,baseline,encode-records-1m-memory,encodeRecords1mMemory,encode,records-1m,memory,pooled-steady-state,6.947030,raw/baseline/run-03/pooled-steady-state-encode-records-1m-memory,logs/run-03-48-baseline-pooled-steady-state-encode-records-1m-memory.log
3,49,baseline,encode-records-1m-counting,encodeRecords1mCounting,encode,records-1m,counting,unpooled-one-shot,6.593077,raw/baseline/run-03/unpooled-one-shot-encode-records-1m-counting,logs/run-03-49-baseline-unpooled-one-shot-encode-records-1m-counting.log
3,50,baseline,encode-records-1m-counting,encodeRecords1mCounting,encode,records-1m,counting,pooled-steady-state,6.537602,raw/baseline/run-03/pooled-steady-state-encode-records-1m-counting,logs/run-03-50-baseline-pooled-steady-state-encode-records-1m-counting.log
3,51,candidate,encode-records-1m-counting,encodeRecords1mCounting,encode,records-1m,counting,pooled-steady-state,6.566528,raw/candidate/run-03/pooled-steady-state-encode-records-1m-counting,logs/run-03-51-candidate-pooled-steady-state-encode-records-1m-counting.log
3,52,candidate,encode-records-1m-counting,encodeRecords1mCounting,encode,records-1m,counting,unpooled-one-shot,6.621214,raw/candidate/run-03/unpooled-one-shot-encode-records-1m-counting,logs/run-03-52-candidate-unpooled-one-shot-encode-records-1m-counting.log
3,53,candidate,decode-person-chunk-64,decodePersonChunk64,decode,person,chunk-64,pooled-steady-state,9.644984,raw/candidate/run-03/pooled-steady-state-decode-person-chunk-64,logs/run-03-53-candidate-pooled-steady-state-decode-person-chunk-64.log
3,54,candidate,decode-person-chunk-64,decodePersonChunk64,decode,person,chunk-64,unpooled-one-shot,9.208791,raw/candidate/run-03/unpooled-one-shot-decode-person-chunk-64,logs/run-03-54-candidate-unpooled-one-shot-decode-person-chunk-64.log
3,55,baseline,decode-person-chunk-64,decodePersonChunk64,decode,person,chunk-64,unpooled-one-shot,10.177009,raw/baseline/run-03/unpooled-one-shot-decode-person-chunk-64,logs/run-03-55-baseline-unpooled-one-shot-decode-person-chunk-64.log
3,56,baseline,decode-person-chunk-64,decodePersonChunk64,decode,person,chunk-64,pooled-steady-state,10.109274,raw/baseline/run-03/pooled-steady-state-decode-person-chunk-64,logs/run-03-56-baseline-pooled-steady-state-decode-person-chunk-64.log
3,57,baseline,decode-person-chunk-4k,decodePersonChunk4k,decode,person,chunk-4k,unpooled-one-shot,11.622800,raw/baseline/run-03/unpooled-one-shot-decode-person-chunk-4k,logs/run-03-57-baseline-unpooled-one-shot-decode-person-chunk-4k.log
3,58,baseline,decode-person-chunk-4k,decodePersonChunk4k,decode,person,chunk-4k,pooled-steady-state,10.151498,raw/baseline/run-03/pooled-steady-state-decode-person-chunk-4k,logs/run-03-58-baseline-pooled-steady-state-decode-person-chunk-4k.log
3,59,candidate,decode-person-chunk-4k,decodePersonChunk4k,decode,person,chunk-4k,pooled-steady-state,9.975495,raw/candidate/run-03/pooled-steady-state-decode-person-chunk-4k,logs/run-03-59-candidate-pooled-steady-state-decode-person-chunk-4k.log
3,60,candidate,decode-person-chunk-4k,decodePersonChunk4k,decode,person,chunk-4k,unpooled-one-shot,10.598616,raw/candidate/run-03/unpooled-one-shot-decode-person-chunk-4k,logs/run-03-60-candidate-unpooled-one-shot-decode-person-chunk-4k.log
4,1,candidate,decode-person-chunk-random,decodePersonChunkRandom,decode,person,chunk-random,pooled-steady-state,9.878115,raw/candidate/run-04/pooled-steady-state-decode-person-chunk-random,logs/run-04-01-candidate-pooled-steady-state-decode-person-chunk-random.log
4,2,candidate,decode-person-chunk-random,decodePersonChunkRandom,decode,person,chunk-random,unpooled-one-shot,10.069496,raw/candidate/run-04/unpooled-one-shot-decode-person-chunk-random,logs/run-04-02-candidate-unpooled-one-shot-decode-person-chunk-random.log
4,3,baseline,decode-person-chunk-random,decodePersonChunkRandom,decode,person,chunk-random,unpooled-one-shot,12.223615,raw/baseline/run-04/unpooled-one-shot-decode-person-chunk-random,logs/run-04-03-baseline-unpooled-one-shot-decode-person-chunk-random.log
4,4,baseline,decode-person-chunk-random,decodePersonChunkRandom,decode,person,chunk-random,pooled-steady-state,12.023036,raw/baseline/run-04/pooled-steady-state-decode-person-chunk-random,logs/run-04-04-baseline-pooled-steady-state-decode-person-chunk-random.log
4,5,baseline,decode-person-chunk-4k,decodePersonChunk4k,decode,person,chunk-4k,unpooled-one-shot,12.191530,raw/baseline/run-04/unpooled-one-shot-decode-person-chunk-4k,logs/run-04-05-baseline-unpooled-one-shot-decode-person-chunk-4k.log
4,6,baseline,decode-person-chunk-4k,decodePersonChunk4k,decode,person,chunk-4k,pooled-steady-state,9.738617,raw/baseline/run-04/pooled-steady-state-decode-person-chunk-4k,logs/run-04-06-baseline-pooled-steady-state-decode-person-chunk-4k.log
4,7,candidate,decode-person-chunk-4k,decodePersonChunk4k,decode,person,chunk-4k,pooled-steady-state,10.021772,raw/candidate/run-04/pooled-steady-state-decode-person-chunk-4k,logs/run-04-07-candidate-pooled-steady-state-decode-person-chunk-4k.log
4,8,candidate,decode-person-chunk-4k,decodePersonChunk4k,decode,person,chunk-4k,unpooled-one-shot,10.527411,raw/candidate/run-04/unpooled-one-shot-decode-person-chunk-4k,logs/run-04-08-candidate-unpooled-one-shot-decode-person-chunk-4k.log
4,9,candidate,decode-person-chunk-64,decodePersonChunk64,decode,person,chunk-64,pooled-steady-state,9.723264,raw/candidate/run-04/pooled-steady-state-decode-person-chunk-64,logs/run-04-09-candidate-pooled-steady-state-decode-person-chunk-64.log
4,10,candidate,decode-person-chunk-64,decodePersonChunk64,decode,person,chunk-64,unpooled-one-shot,9.468002,raw/candidate/run-04/unpooled-one-shot-decode-person-chunk-64,logs/run-04-10-candidate-unpooled-one-shot-decode-person-chunk-64.log
4,11,baseline,decode-person-chunk-64,decodePersonChunk64,decode,person,chunk-64,unpooled-one-shot,12.110568,raw/baseline/run-04/unpooled-one-shot-decode-person-chunk-64,logs/run-04-11-baseline-unpooled-one-shot-decode-person-chunk-64.log
4,12,baseline,decode-person-chunk-64,decodePersonChunk64,decode,person,chunk-64,pooled-steady-state,9.938222,raw/baseline/run-04/pooled-steady-state-decode-person-chunk-64,logs/run-04-12-baseline-pooled-steady-state-decode-person-chunk-64.log
4,13,baseline,encode-records-1m-counting,encodeRecords1mCounting,encode,records-1m,counting,unpooled-one-shot,6.617946,raw/baseline/run-04/unpooled-one-shot-encode-records-1m-counting,logs/run-04-13-baseline-unpooled-one-shot-encode-records-1m-counting.log
4,14,baseline,encode-records-1m-counting,encodeRecords1mCounting,encode,records-1m,counting,pooled-steady-state,6.540700,raw/baseline/run-04/pooled-steady-state-encode-records-1m-counting,logs/run-04-14-baseline-pooled-steady-state-encode-records-1m-counting.log
4,15,candidate,encode-records-1m-counting,encodeRecords1mCounting,encode,records-1m,counting,pooled-steady-state,6.866564,raw/candidate/run-04/pooled-steady-state-encode-records-1m-counting,logs/run-04-15-candidate-pooled-steady-state-encode-records-1m-counting.log
4,16,candidate,encode-records-1m-counting,encodeRecords1mCounting,encode,records-1m,counting,unpooled-one-shot,6.673230,raw/candidate/run-04/unpooled-one-shot-encode-records-1m-counting,logs/run-04-16-candidate-unpooled-one-shot-encode-records-1m-counting.log
4,17,candidate,encode-records-1m-memory,encodeRecords1mMemory,encode,records-1m,memory,pooled-steady-state,7.168142,raw/candidate/run-04/pooled-steady-state-encode-records-1m-memory,logs/run-04-17-candidate-pooled-steady-state-encode-records-1m-memory.log
4,18,candidate,encode-records-1m-memory,encodeRecords1mMemory,encode,records-1m,memory,unpooled-one-shot,6.406428,raw/candidate/run-04/unpooled-one-shot-encode-records-1m-memory,logs/run-04-18-candidate-unpooled-one-shot-encode-records-1m-memory.log
4,19,baseline,encode-records-1m-memory,encodeRecords1mMemory,encode,records-1m,memory,unpooled-one-shot,7.041048,raw/baseline/run-04/unpooled-one-shot-encode-records-1m-memory,logs/run-04-19-baseline-unpooled-one-shot-encode-records-1m-memory.log
4,20,baseline,encode-records-1m-memory,encodeRecords1mMemory,encode,records-1m,memory,pooled-steady-state,6.970703,raw/baseline/run-04/pooled-steady-state-encode-records-1m-memory,logs/run-04-20-baseline-pooled-steady-state-encode-records-1m-memory.log
4,21,baseline,encode-records-64k-counting,encodeRecords64kCounting,encode,records-64k,counting,unpooled-one-shot,9.162497,raw/baseline/run-04/unpooled-one-shot-encode-records-64k-counting,logs/run-04-21-baseline-unpooled-one-shot-encode-records-64k-counting.log
4,22,baseline,encode-records-64k-counting,encodeRecords64kCounting,encode,records-64k,counting,pooled-steady-state,9.383158,raw/baseline/run-04/pooled-steady-state-encode-records-64k-counting,logs/run-04-22-baseline-pooled-steady-state-encode-records-64k-counting.log
4,23,candidate,encode-records-64k-counting,encodeRecords64kCounting,encode,records-64k,counting,pooled-steady-state,2.948088,raw/candidate/run-04/pooled-steady-state-encode-records-64k-counting,logs/run-04-23-candidate-pooled-steady-state-encode-records-64k-counting.log
4,24,candidate,encode-records-64k-counting,encodeRecords64kCounting,encode,records-64k,counting,unpooled-one-shot,9.403063,raw/candidate/run-04/unpooled-one-shot-encode-records-64k-counting,logs/run-04-24-candidate-unpooled-one-shot-encode-records-64k-counting.log
4,25,candidate,encode-records-64k-memory,encodeRecords64kMemory,encode,records-64k,memory,pooled-steady-state,1.826069,raw/candidate/run-04/pooled-steady-state-encode-records-64k-memory,logs/run-04-25-candidate-pooled-steady-state-encode-records-64k-memory.log
4,26,candidate,encode-records-64k-memory,encodeRecords64kMemory,encode,records-64k,memory,unpooled-one-shot,2.550386,raw/candidate/run-04/unpooled-one-shot-encode-records-64k-memory,logs/run-04-26-candidate-unpooled-one-shot-encode-records-64k-memory.log
4,27,baseline,encode-records-64k-memory,encodeRecords64kMemory,encode,records-64k,memory,unpooled-one-shot,2.328918,raw/baseline/run-04/unpooled-one-shot-encode-records-64k-memory,logs/run-04-27-baseline-unpooled-one-shot-encode-records-64k-memory.log
4,28,baseline,encode-records-64k-memory,encodeRecords64kMemory,encode,records-64k,memory,pooled-steady-state,7.984597,raw/baseline/run-04/pooled-steady-state-encode-records-64k-memory,logs/run-04-28-baseline-pooled-steady-state-encode-records-64k-memory.log
4,29,baseline,encode-person-counting,encodePersonCounting,encode,person,counting,unpooled-one-shot,9.771605,raw/baseline/run-04/unpooled-one-shot-encode-person-counting,logs/run-04-29-baseline-unpooled-one-shot-encode-person-counting.log
4,30,baseline,encode-person-counting,encodePersonCounting,encode,person,counting,pooled-steady-state,7.836905,raw/baseline/run-04/pooled-steady-state-encode-person-counting,logs/run-04-30-baseline-pooled-steady-state-encode-person-counting.log
4,31,candidate,encode-person-counting,encodePersonCounting,encode,person,counting,pooled-steady-state,1.349827,raw/candidate/run-04/pooled-steady-state-encode-person-counting,logs/run-04-31-candidate-pooled-steady-state-encode-person-counting.log
4,32,candidate,encode-person-counting,encodePersonCounting,encode,person,counting,unpooled-one-shot,9.101212,raw/candidate/run-04/unpooled-one-shot-encode-person-counting,logs/run-04-32-candidate-unpooled-one-shot-encode-person-counting.log
4,33,candidate,encode-person-memory,encodePersonMemory,encode,person,memory,pooled-steady-state,10.092298,raw/candidate/run-04/pooled-steady-state-encode-person-memory,logs/run-04-33-candidate-pooled-steady-state-encode-person-memory.log
4,34,candidate,encode-person-memory,encodePersonMemory,encode,person,memory,unpooled-one-shot,9.387952,raw/candidate/run-04/unpooled-one-shot-encode-person-memory,logs/run-04-34-candidate-unpooled-one-shot-encode-person-memory.log
4,35,baseline,encode-person-memory,encodePersonMemory,encode,person,memory,unpooled-one-shot,10.687349,raw/baseline/run-04/unpooled-one-shot-encode-person-memory,logs/run-04-35-baseline-unpooled-one-shot-encode-person-memory.log
4,36,baseline,encode-person-memory,encodePersonMemory,encode,person,memory,pooled-steady-state,10.460199,raw/baseline/run-04/pooled-steady-state-encode-person-memory,logs/run-04-36-baseline-pooled-steady-state-encode-person-memory.log
4,37,baseline,decode-records-1m-chunk-random,decodeRecords1mChunkRandom,decode,records-1m,chunk-random,unpooled-one-shot,6.494650,raw/baseline/run-04/unpooled-one-shot-decode-records-1m-chunk-random,logs/run-04-37-baseline-unpooled-one-shot-decode-records-1m-chunk-random.log
4,38,baseline,decode-records-1m-chunk-random,decodeRecords1mChunkRandom,decode,records-1m,chunk-random,pooled-steady-state,6.571766,raw/baseline/run-04/pooled-steady-state-decode-records-1m-chunk-random,logs/run-04-38-baseline-pooled-steady-state-decode-records-1m-chunk-random.log
4,39,candidate,decode-records-1m-chunk-random,decodeRecords1mChunkRandom,decode,records-1m,chunk-random,pooled-steady-state,8.570485,raw/candidate/run-04/pooled-steady-state-decode-records-1m-chunk-random,logs/run-04-39-candidate-pooled-steady-state-decode-records-1m-chunk-random.log
4,40,candidate,decode-records-1m-chunk-random,decodeRecords1mChunkRandom,decode,records-1m,chunk-random,unpooled-one-shot,8.556658,raw/candidate/run-04/unpooled-one-shot-decode-records-1m-chunk-random,logs/run-04-40-candidate-unpooled-one-shot-decode-records-1m-chunk-random.log
4,41,candidate,decode-records-1m-chunk-4k,decodeRecords1mChunk4k,decode,records-1m,chunk-4k,pooled-steady-state,8.637786,raw/candidate/run-04/pooled-steady-state-decode-records-1m-chunk-4k,logs/run-04-41-candidate-pooled-steady-state-decode-records-1m-chunk-4k.log
4,42,candidate,decode-records-1m-chunk-4k,decodeRecords1mChunk4k,decode,records-1m,chunk-4k,unpooled-one-shot,8.545979,raw/candidate/run-04/unpooled-one-shot-decode-records-1m-chunk-4k,logs/run-04-42-candidate-unpooled-one-shot-decode-records-1m-chunk-4k.log
4,43,baseline,decode-records-1m-chunk-4k,decodeRecords1mChunk4k,decode,records-1m,chunk-4k,unpooled-one-shot,6.546814,raw/baseline/run-04/unpooled-one-shot-decode-records-1m-chunk-4k,logs/run-04-43-baseline-unpooled-one-shot-decode-records-1m-chunk-4k.log
4,44,baseline,decode-records-1m-chunk-4k,decodeRecords1mChunk4k,decode,records-1m,chunk-4k,pooled-steady-state,6.532468,raw/baseline/run-04/pooled-steady-state-decode-records-1m-chunk-4k,logs/run-04-44-baseline-pooled-steady-state-decode-records-1m-chunk-4k.log
4,45,baseline,decode-records-1m-chunk-64,decodeRecords1mChunk64,decode,records-1m,chunk-64,unpooled-one-shot,6.534369,raw/baseline/run-04/unpooled-one-shot-decode-records-1m-chunk-64,logs/run-04-45-baseline-unpooled-one-shot-decode-records-1m-chunk-64.log
4,46,baseline,decode-records-1m-chunk-64,decodeRecords1mChunk64,decode,records-1m,chunk-64,pooled-steady-state,6.385861,raw/baseline/run-04/pooled-steady-state-decode-records-1m-chunk-64,logs/run-04-46-baseline-pooled-steady-state-decode-records-1m-chunk-64.log
4,47,candidate,decode-records-1m-chunk-64,decodeRecords1mChunk64,decode,records-1m,chunk-64,pooled-steady-state,6.656296,raw/candidate/run-04/pooled-steady-state-decode-records-1m-chunk-64,logs/run-04-47-candidate-pooled-steady-state-decode-records-1m-chunk-64.log
4,48,candidate,decode-records-1m-chunk-64,decodeRecords1mChunk64,decode,records-1m,chunk-64,unpooled-one-shot,7.177249,raw/candidate/run-04/unpooled-one-shot-decode-records-1m-chunk-64,logs/run-04-48-candidate-unpooled-one-shot-decode-records-1m-chunk-64.log
4,49,candidate,decode-records-64k-chunk-random,decodeRecords64kChunkRandom,decode,records-64k,chunk-random,pooled-steady-state,7.970184,raw/candidate/run-04/pooled-steady-state-decode-records-64k-chunk-random,logs/run-04-49-candidate-pooled-steady-state-decode-records-64k-chunk-random.log
4,50,candidate,decode-records-64k-chunk-random,decodeRecords64kChunkRandom,decode,records-64k,chunk-random,unpooled-one-shot,8.077473,raw/candidate/run-04/unpooled-one-shot-decode-records-64k-chunk-random,logs/run-04-50-candidate-unpooled-one-shot-decode-records-64k-chunk-random.log
4,51,baseline,decode-records-64k-chunk-random,decodeRecords64kChunkRandom,decode,records-64k,chunk-random,unpooled-one-shot,7.046004,raw/baseline/run-04/unpooled-one-shot-decode-records-64k-chunk-random,logs/run-04-51-baseline-unpooled-one-shot-decode-records-64k-chunk-random.log
4,52,baseline,decode-records-64k-chunk-random,decodeRecords64kChunkRandom,decode,records-64k,chunk-random,pooled-steady-state,7.013255,raw/baseline/run-04/pooled-steady-state-decode-records-64k-chunk-random,logs/run-04-52-baseline-pooled-steady-state-decode-records-64k-chunk-random.log
4,53,baseline,decode-records-64k-chunk-4k,decodeRecords64kChunk4k,decode,records-64k,chunk-4k,unpooled-one-shot,7.381842,raw/baseline/run-04/unpooled-one-shot-decode-records-64k-chunk-4k,logs/run-04-53-baseline-unpooled-one-shot-decode-records-64k-chunk-4k.log
4,54,baseline,decode-records-64k-chunk-4k,decodeRecords64kChunk4k,decode,records-64k,chunk-4k,pooled-steady-state,6.610593,raw/baseline/run-04/pooled-steady-state-decode-records-64k-chunk-4k,logs/run-04-54-baseline-pooled-steady-state-decode-records-64k-chunk-4k.log
4,55,candidate,decode-records-64k-chunk-4k,decodeRecords64kChunk4k,decode,records-64k,chunk-4k,pooled-steady-state,7.901794,raw/candidate/run-04/pooled-steady-state-decode-records-64k-chunk-4k,logs/run-04-55-candidate-pooled-steady-state-decode-records-64k-chunk-4k.log
4,56,candidate,decode-records-64k-chunk-4k,decodeRecords64kChunk4k,decode,records-64k,chunk-4k,unpooled-one-shot,3.506041,raw/candidate/run-04/unpooled-one-shot-decode-records-64k-chunk-4k,logs/run-04-56-candidate-unpooled-one-shot-decode-records-64k-chunk-4k.log
4,57,candidate,decode-records-64k-chunk-64,decodeRecords64kChunk64,decode,records-64k,chunk-64,pooled-steady-state,7.684798,raw/candidate/run-04/pooled-steady-state-decode-records-64k-chunk-64,logs/run-04-57-candidate-pooled-steady-state-decode-records-64k-chunk-64.log
4,58,candidate,decode-records-64k-chunk-64,decodeRecords64kChunk64,decode,records-64k,chunk-64,unpooled-one-shot,7.601260,raw/candidate/run-04/unpooled-one-shot-decode-records-64k-chunk-64,logs/run-04-58-candidate-unpooled-one-shot-decode-records-64k-chunk-64.log
4,59,baseline,decode-records-64k-chunk-64,decodeRecords64kChunk64,decode,records-64k,chunk-64,unpooled-one-shot,6.684508,raw/baseline/run-04/unpooled-one-shot-decode-records-64k-chunk-64,logs/run-04-59-baseline-unpooled-one-shot-decode-records-64k-chunk-64.log
4,60,baseline,decode-records-64k-chunk-64,decodeRecords64kChunk64,decode,records-64k,chunk-64,pooled-steady-state,6.926511,raw/baseline/run-04/pooled-steady-state-decode-records-64k-chunk-64,logs/run-04-60-baseline-pooled-steady-state-decode-records-64k-chunk-64.log
5,1,baseline,decode-records-64k-chunk-4k,decodeRecords64kChunk4k,decode,records-64k,chunk-4k,unpooled-one-shot,6.992943,raw/baseline/run-05/unpooled-one-shot-decode-records-64k-chunk-4k,logs/run-05-01-baseline-unpooled-one-shot-decode-records-64k-chunk-4k.log
5,2,baseline,decode-records-64k-chunk-4k,decodeRecords64kChunk4k,decode,records-64k,chunk-4k,pooled-steady-state,6.805271,raw/baseline/run-05/pooled-steady-state-decode-records-64k-chunk-4k,logs/run-05-02-baseline-pooled-steady-state-decode-records-64k-chunk-4k.log
5,3,candidate,decode-records-64k-chunk-4k,decodeRecords64kChunk4k,decode,records-64k,chunk-4k,pooled-steady-state,7.935189,raw/candidate/run-05/pooled-steady-state-decode-records-64k-chunk-4k,logs/run-05-03-candidate-pooled-steady-state-decode-records-64k-chunk-4k.log
5,4,candidate,decode-records-64k-chunk-4k,decodeRecords64kChunk4k,decode,records-64k,chunk-4k,unpooled-one-shot,7.989317,raw/candidate/run-05/unpooled-one-shot-decode-records-64k-chunk-4k,logs/run-05-04-candidate-unpooled-one-shot-decode-records-64k-chunk-4k.log
5,5,candidate,decode-records-64k-chunk-random,decodeRecords64kChunkRandom,decode,records-64k,chunk-random,pooled-steady-state,8.137747,raw/candidate/run-05/pooled-steady-state-decode-records-64k-chunk-random,logs/run-05-05-candidate-pooled-steady-state-decode-records-64k-chunk-random.log
5,6,candidate,decode-records-64k-chunk-random,decodeRecords64kChunkRandom,decode,records-64k,chunk-random,unpooled-one-shot,8.095578,raw/candidate/run-05/unpooled-one-shot-decode-records-64k-chunk-random,logs/run-05-06-candidate-unpooled-one-shot-decode-records-64k-chunk-random.log
5,7,baseline,decode-records-64k-chunk-random,decodeRecords64kChunkRandom,decode,records-64k,chunk-random,unpooled-one-shot,6.916116,raw/baseline/run-05/unpooled-one-shot-decode-records-64k-chunk-random,logs/run-05-07-baseline-unpooled-one-shot-decode-records-64k-chunk-random.log
5,8,baseline,decode-records-64k-chunk-random,decodeRecords64kChunkRandom,decode,records-64k,chunk-random,pooled-steady-state,6.658309,raw/baseline/run-05/pooled-steady-state-decode-records-64k-chunk-random,logs/run-05-08-baseline-pooled-steady-state-decode-records-64k-chunk-random.log
5,9,baseline,decode-records-1m-chunk-64,decodeRecords1mChunk64,decode,records-1m,chunk-64,unpooled-one-shot,6.416758,raw/baseline/run-05/unpooled-one-shot-decode-records-1m-chunk-64,logs/run-05-09-baseline-unpooled-one-shot-decode-records-1m-chunk-64.log
5,10,baseline,decode-records-1m-chunk-64,decodeRecords1mChunk64,decode,records-1m,chunk-64,pooled-steady-state,6.569294,raw/baseline/run-05/pooled-steady-state-decode-records-1m-chunk-64,logs/run-05-10-baseline-pooled-steady-state-decode-records-1m-chunk-64.log
5,11,candidate,decode-records-1m-chunk-64,decodeRecords1mChunk64,decode,records-1m,chunk-64,pooled-steady-state,5.534383,raw/candidate/run-05/pooled-steady-state-decode-records-1m-chunk-64,logs/run-05-11-candidate-pooled-steady-state-decode-records-1m-chunk-64.log
5,12,candidate,decode-records-1m-chunk-64,decodeRecords1mChunk64,decode,records-1m,chunk-64,unpooled-one-shot,6.610287,raw/candidate/run-05/unpooled-one-shot-decode-records-1m-chunk-64,logs/run-05-12-candidate-unpooled-one-shot-decode-records-1m-chunk-64.log
5,13,candidate,decode-records-1m-chunk-4k,decodeRecords1mChunk4k,decode,records-1m,chunk-4k,pooled-steady-state,8.727428,raw/candidate/run-05/pooled-steady-state-decode-records-1m-chunk-4k,logs/run-05-13-candidate-pooled-steady-state-decode-records-1m-chunk-4k.log
5,14,candidate,decode-records-1m-chunk-4k,decodeRecords1mChunk4k,decode,records-1m,chunk-4k,unpooled-one-shot,8.450898,raw/candidate/run-05/unpooled-one-shot-decode-records-1m-chunk-4k,logs/run-05-14-candidate-unpooled-one-shot-decode-records-1m-chunk-4k.log
5,15,baseline,decode-records-1m-chunk-4k,decodeRecords1mChunk4k,decode,records-1m,chunk-4k,unpooled-one-shot,6.367985,raw/baseline/run-05/unpooled-one-shot-decode-records-1m-chunk-4k,logs/run-05-15-baseline-unpooled-one-shot-decode-records-1m-chunk-4k.log
5,16,baseline,decode-records-1m-chunk-4k,decodeRecords1mChunk4k,decode,records-1m,chunk-4k,pooled-steady-state,6.534003,raw/baseline/run-05/pooled-steady-state-decode-records-1m-chunk-4k,logs/run-05-16-baseline-pooled-steady-state-decode-records-1m-chunk-4k.log
5,17,baseline,decode-records-1m-chunk-random,decodeRecords1mChunkRandom,decode,records-1m,chunk-random,unpooled-one-shot,6.537647,raw/baseline/run-05/unpooled-one-shot-decode-records-1m-chunk-random,logs/run-05-17-baseline-unpooled-one-shot-decode-records-1m-chunk-random.log
5,18,baseline,decode-records-1m-chunk-random,decodeRecords1mChunkRandom,decode,records-1m,chunk-random,pooled-steady-state,6.393493,raw/baseline/run-05/pooled-steady-state-decode-records-1m-chunk-random,logs/run-05-18-baseline-pooled-steady-state-decode-records-1m-chunk-random.log
5,19,candidate,decode-records-1m-chunk-random,decodeRecords1mChunkRandom,decode,records-1m,chunk-random,pooled-steady-state,8.832157,raw/candidate/run-05/pooled-steady-state-decode-records-1m-chunk-random,logs/run-05-19-candidate-pooled-steady-state-decode-records-1m-chunk-random.log
5,20,candidate,decode-records-1m-chunk-random,decodeRecords1mChunkRandom,decode,records-1m,chunk-random,unpooled-one-shot,8.580501,raw/candidate/run-05/unpooled-one-shot-decode-records-1m-chunk-random,logs/run-05-20-candidate-unpooled-one-shot-decode-records-1m-chunk-random.log
5,21,candidate,encode-person-memory,encodePersonMemory,encode,person,memory,pooled-steady-state,9.744328,raw/candidate/run-05/pooled-steady-state-encode-person-memory,logs/run-05-21-candidate-pooled-steady-state-encode-person-memory.log
5,22,candidate,encode-person-memory,encodePersonMemory,encode,person,memory,unpooled-one-shot,10.199699,raw/candidate/run-05/unpooled-one-shot-encode-person-memory,logs/run-05-22-candidate-unpooled-one-shot-encode-person-memory.log
5,23,baseline,encode-person-memory,encodePersonMemory,encode,person,memory,unpooled-one-shot,9.892433,raw/baseline/run-05/unpooled-one-shot-encode-person-memory,logs/run-05-23-baseline-unpooled-one-shot-encode-person-memory.log
5,24,baseline,encode-person-memory,encodePersonMemory,encode,person,memory,pooled-steady-state,9.828970,raw/baseline/run-05/pooled-steady-state-encode-person-memory,logs/run-05-24-baseline-pooled-steady-state-encode-person-memory.log
5,25,baseline,encode-person-counting,encodePersonCounting,encode,person,counting,unpooled-one-shot,1.466502,raw/baseline/run-05/unpooled-one-shot-encode-person-counting,logs/run-05-25-baseline-unpooled-one-shot-encode-person-counting.log
5,26,baseline,encode-person-counting,encodePersonCounting,encode,person,counting,pooled-steady-state,8.783694,raw/baseline/run-05/pooled-steady-state-encode-person-counting,logs/run-05-26-baseline-pooled-steady-state-encode-person-counting.log
5,27,candidate,encode-person-counting,encodePersonCounting,encode,person,counting,pooled-steady-state,9.915494,raw/candidate/run-05/pooled-steady-state-encode-person-counting,logs/run-05-27-candidate-pooled-steady-state-encode-person-counting.log
5,28,candidate,encode-person-counting,encodePersonCounting,encode,person,counting,unpooled-one-shot,1.375404,raw/candidate/run-05/unpooled-one-shot-encode-person-counting,logs/run-05-28-candidate-unpooled-one-shot-encode-person-counting.log
5,29,candidate,encode-records-64k-memory,encodeRecords64kMemory,encode,records-64k,memory,pooled-steady-state,8.004262,raw/candidate/run-05/pooled-steady-state-encode-records-64k-memory,logs/run-05-29-candidate-pooled-steady-state-encode-records-64k-memory.log
5,30,candidate,encode-records-64k-memory,encodeRecords64kMemory,encode,records-64k,memory,unpooled-one-shot,8.174535,raw/candidate/run-05/unpooled-one-shot-encode-records-64k-memory,logs/run-05-30-candidate-unpooled-one-shot-encode-records-64k-memory.log
5,31,baseline,encode-records-64k-memory,encodeRecords64kMemory,encode,records-64k,memory,unpooled-one-shot,5.005113,raw/baseline/run-05/unpooled-one-shot-encode-records-64k-memory,logs/run-05-31-baseline-unpooled-one-shot-encode-records-64k-memory.log
5,32,baseline,encode-records-64k-memory,encodeRecords64kMemory,encode,records-64k,memory,pooled-steady-state,8.120397,raw/baseline/run-05/pooled-steady-state-encode-records-64k-memory,logs/run-05-32-baseline-pooled-steady-state-encode-records-64k-memory.log
5,33,baseline,encode-records-64k-counting,encodeRecords64kCounting,encode,records-64k,counting,unpooled-one-shot,9.459785,raw/baseline/run-05/unpooled-one-shot-encode-records-64k-counting,logs/run-05-33-baseline-unpooled-one-shot-encode-records-64k-counting.log
5,34,baseline,encode-records-64k-counting,encodeRecords64kCounting,encode,records-64k,counting,pooled-steady-state,9.221996,raw/baseline/run-05/pooled-steady-state-encode-records-64k-counting,logs/run-05-34-baseline-pooled-steady-state-encode-records-64k-counting.log
5,35,candidate,encode-records-64k-counting,encodeRecords64kCounting,encode,records-64k,counting,pooled-steady-state,9.491541,raw/candidate/run-05/pooled-steady-state-encode-records-64k-counting,logs/run-05-35-candidate-pooled-steady-state-encode-records-64k-counting.log
5,36,candidate,encode-records-64k-counting,encodeRecords64kCounting,encode,records-64k,counting,unpooled-one-shot,9.255672,raw/candidate/run-05/unpooled-one-shot-encode-records-64k-counting,logs/run-05-36-candidate-unpooled-one-shot-encode-records-64k-counting.log
5,37,candidate,encode-records-1m-memory,encodeRecords1mMemory,encode,records-1m,memory,pooled-steady-state,6.846983,raw/candidate/run-05/pooled-steady-state-encode-records-1m-memory,logs/run-05-37-candidate-pooled-steady-state-encode-records-1m-memory.log
5,38,candidate,encode-records-1m-memory,encodeRecords1mMemory,encode,records-1m,memory,unpooled-one-shot,5.682375,raw/candidate/run-05/unpooled-one-shot-encode-records-1m-memory,logs/run-05-38-candidate-unpooled-one-shot-encode-records-1m-memory.log
5,39,baseline,encode-records-1m-memory,encodeRecords1mMemory,encode,records-1m,memory,unpooled-one-shot,6.651685,raw/baseline/run-05/unpooled-one-shot-encode-records-1m-memory,logs/run-05-39-baseline-unpooled-one-shot-encode-records-1m-memory.log
5,40,baseline,encode-records-1m-memory,encodeRecords1mMemory,encode,records-1m,memory,pooled-steady-state,6.877636,raw/baseline/run-05/pooled-steady-state-encode-records-1m-memory,logs/run-05-40-baseline-pooled-steady-state-encode-records-1m-memory.log
5,41,baseline,encode-records-1m-counting,encodeRecords1mCounting,encode,records-1m,counting,unpooled-one-shot,6.874799,raw/baseline/run-05/unpooled-one-shot-encode-records-1m-counting,logs/run-05-41-baseline-unpooled-one-shot-encode-records-1m-counting.log
5,42,baseline,encode-records-1m-counting,encodeRecords1mCounting,encode,records-1m,counting,pooled-steady-state,6.548107,raw/baseline/run-05/pooled-steady-state-encode-records-1m-counting,logs/run-05-42-baseline-pooled-steady-state-encode-records-1m-counting.log
5,43,candidate,encode-records-1m-counting,encodeRecords1mCounting,encode,records-1m,counting,pooled-steady-state,6.565142,raw/candidate/run-05/pooled-steady-state-encode-records-1m-counting,logs/run-05-43-candidate-pooled-steady-state-encode-records-1m-counting.log
5,44,candidate,encode-records-1m-counting,encodeRecords1mCounting,encode,records-1m,counting,unpooled-one-shot,6.740628,raw/candidate/run-05/unpooled-one-shot-encode-records-1m-counting,logs/run-05-44-candidate-unpooled-one-shot-encode-records-1m-counting.log
5,45,candidate,decode-person-chunk-64,decodePersonChunk64,decode,person,chunk-64,pooled-steady-state,9.683391,raw/candidate/run-05/pooled-steady-state-decode-person-chunk-64,logs/run-05-45-candidate-pooled-steady-state-decode-person-chunk-64.log
5,46,candidate,decode-person-chunk-64,decodePersonChunk64,decode,person,chunk-64,unpooled-one-shot,9.715948,raw/candidate/run-05/unpooled-one-shot-decode-person-chunk-64,logs/run-05-46-candidate-unpooled-one-shot-decode-person-chunk-64.log
5,47,baseline,decode-person-chunk-64,decodePersonChunk64,decode,person,chunk-64,unpooled-one-shot,11.044003,raw/baseline/run-05/unpooled-one-shot-decode-person-chunk-64,logs/run-05-47-baseline-unpooled-one-shot-decode-person-chunk-64.log
5,48,baseline,decode-person-chunk-64,decodePersonChunk64,decode,person,chunk-64,pooled-steady-state,10.227720,raw/baseline/run-05/pooled-steady-state-decode-person-chunk-64,logs/run-05-48-baseline-pooled-steady-state-decode-person-chunk-64.log
5,49,baseline,decode-person-chunk-4k,decodePersonChunk4k,decode,person,chunk-4k,unpooled-one-shot,12.008502,raw/baseline/run-05/unpooled-one-shot-decode-person-chunk-4k,logs/run-05-49-baseline-unpooled-one-shot-decode-person-chunk-4k.log
5,50,baseline,decode-person-chunk-4k,decodePersonChunk4k,decode,person,chunk-4k,pooled-steady-state,10.130255,raw/baseline/run-05/pooled-steady-state-decode-person-chunk-4k,logs/run-05-50-baseline-pooled-steady-state-decode-person-chunk-4k.log
5,51,candidate,decode-person-chunk-4k,decodePersonChunk4k,decode,person,chunk-4k,pooled-steady-state,9.365692,raw/candidate/run-05/pooled-steady-state-decode-person-chunk-4k,logs/run-05-51-candidate-pooled-steady-state-decode-person-chunk-4k.log
5,52,candidate,decode-person-chunk-4k,decodePersonChunk4k,decode,person,chunk-4k,unpooled-one-shot,9.420126,raw/candidate/run-05/unpooled-one-shot-decode-person-chunk-4k,logs/run-05-52-candidate-unpooled-one-shot-decode-person-chunk-4k.log
5,53,candidate,decode-person-chunk-random,decodePersonChunkRandom,decode,person,chunk-random,pooled-steady-state,9.930679,raw/candidate/run-05/pooled-steady-state-decode-person-chunk-random,logs/run-05-53-candidate-pooled-steady-state-decode-person-chunk-random.log
5,54,candidate,decode-person-chunk-random,decodePersonChunkRandom,decode,person,chunk-random,unpooled-one-shot,9.325450,raw/candidate/run-05/unpooled-one-shot-decode-person-chunk-random,logs/run-05-54-candidate-unpooled-one-shot-decode-person-chunk-random.log
5,55,baseline,decode-person-chunk-random,decodePersonChunkRandom,decode,person,chunk-random,unpooled-one-shot,11.407833,raw/baseline/run-05/unpooled-one-shot-decode-person-chunk-random,logs/run-05-55-baseline-unpooled-one-shot-decode-person-chunk-random.log
5,56,baseline,decode-person-chunk-random,decodePersonChunkRandom,decode,person,chunk-random,pooled-steady-state,12.033524,raw/baseline/run-05/pooled-steady-state-decode-person-chunk-random,logs/run-05-56-baseline-pooled-steady-state-decode-person-chunk-random.log
5,57,baseline,decode-records-64k-chunk-64,decodeRecords64kChunk64,decode,records-64k,chunk-64,unpooled-one-shot,6.750366,raw/baseline/run-05/unpooled-one-shot-decode-records-64k-chunk-64,logs/run-05-57-baseline-unpooled-one-shot-decode-records-64k-chunk-64.log
5,58,baseline,decode-records-64k-chunk-64,decodeRecords64kChunk64,decode,records-64k,chunk-64,pooled-steady-state,6.829578,raw/baseline/run-05/pooled-steady-state-decode-records-64k-chunk-64,logs/run-05-58-baseline-pooled-steady-state-decode-records-64k-chunk-64.log
5,59,candidate,decode-records-64k-chunk-64,decodeRecords64kChunk64,decode,records-64k,chunk-64,pooled-steady-state,3.742036,raw/candidate/run-05/pooled-steady-state-decode-records-64k-chunk-64,logs/run-05-59-candidate-pooled-steady-state-decode-records-64k-chunk-64.log
5,60,candidate,decode-records-64k-chunk-64,decodeRecords64kChunk64,decode,records-64k,chunk-64,unpooled-one-shot,7.561112,raw/candidate/run-05/unpooled-one-shot-decode-records-64k-chunk-64,logs/run-05-60-candidate-unpooled-one-shot-decode-records-64k-chunk-64.log
6,1,candidate,decode-records-64k-chunk-4k,decodeRecords64kChunk4k,decode,records-64k,chunk-4k,pooled-steady-state,3.091275,raw/candidate/run-06/pooled-steady-state-decode-records-64k-chunk-4k,logs/run-06-01-candidate-pooled-steady-state-decode-records-64k-chunk-4k.log
6,2,candidate,decode-records-64k-chunk-4k,decodeRecords64kChunk4k,decode,records-64k,chunk-4k,unpooled-one-shot,7.792554,raw/candidate/run-06/unpooled-one-shot-decode-records-64k-chunk-4k,logs/run-06-02-candidate-unpooled-one-shot-decode-records-64k-chunk-4k.log
6,3,baseline,decode-records-64k-chunk-4k,decodeRecords64kChunk4k,decode,records-64k,chunk-4k,unpooled-one-shot,6.701761,raw/baseline/run-06/unpooled-one-shot-decode-records-64k-chunk-4k,logs/run-06-03-baseline-unpooled-one-shot-decode-records-64k-chunk-4k.log
6,4,baseline,decode-records-64k-chunk-4k,decodeRecords64kChunk4k,decode,records-64k,chunk-4k,pooled-steady-state,7.045710,raw/baseline/run-06/pooled-steady-state-decode-records-64k-chunk-4k,logs/run-06-04-baseline-pooled-steady-state-decode-records-64k-chunk-4k.log
6,5,baseline,decode-records-64k-chunk-64,decodeRecords64kChunk64,decode,records-64k,chunk-64,unpooled-one-shot,6.774926,raw/baseline/run-06/unpooled-one-shot-decode-records-64k-chunk-64,logs/run-06-05-baseline-unpooled-one-shot-decode-records-64k-chunk-64.log
6,6,baseline,decode-records-64k-chunk-64,decodeRecords64kChunk64,decode,records-64k,chunk-64,pooled-steady-state,6.793805,raw/baseline/run-06/pooled-steady-state-decode-records-64k-chunk-64,logs/run-06-06-baseline-pooled-steady-state-decode-records-64k-chunk-64.log
6,7,candidate,decode-records-64k-chunk-64,decodeRecords64kChunk64,decode,records-64k,chunk-64,pooled-steady-state,7.624997,raw/candidate/run-06/pooled-steady-state-decode-records-64k-chunk-64,logs/run-06-07-candidate-pooled-steady-state-decode-records-64k-chunk-64.log
6,8,candidate,decode-records-64k-chunk-64,decodeRecords64kChunk64,decode,records-64k,chunk-64,unpooled-one-shot,7.560403,raw/candidate/run-06/unpooled-one-shot-decode-records-64k-chunk-64,logs/run-06-08-candidate-unpooled-one-shot-decode-records-64k-chunk-64.log
6,9,candidate,decode-person-chunk-random,decodePersonChunkRandom,decode,person,chunk-random,pooled-steady-state,9.529087,raw/candidate/run-06/pooled-steady-state-decode-person-chunk-random,logs/run-06-09-candidate-pooled-steady-state-decode-person-chunk-random.log
6,10,candidate,decode-person-chunk-random,decodePersonChunkRandom,decode,person,chunk-random,unpooled-one-shot,9.558744,raw/candidate/run-06/unpooled-one-shot-decode-person-chunk-random,logs/run-06-10-candidate-unpooled-one-shot-decode-person-chunk-random.log
6,11,baseline,decode-person-chunk-random,decodePersonChunkRandom,decode,person,chunk-random,unpooled-one-shot,11.866904,raw/baseline/run-06/unpooled-one-shot-decode-person-chunk-random,logs/run-06-11-baseline-unpooled-one-shot-decode-person-chunk-random.log
6,12,baseline,decode-person-chunk-random,decodePersonChunkRandom,decode,person,chunk-random,pooled-steady-state,11.884334,raw/baseline/run-06/pooled-steady-state-decode-person-chunk-random,logs/run-06-12-baseline-pooled-steady-state-decode-person-chunk-random.log
6,13,baseline,decode-person-chunk-4k,decodePersonChunk4k,decode,person,chunk-4k,unpooled-one-shot,12.060603,raw/baseline/run-06/unpooled-one-shot-decode-person-chunk-4k,logs/run-06-13-baseline-unpooled-one-shot-decode-person-chunk-4k.log
6,14,baseline,decode-person-chunk-4k,decodePersonChunk4k,decode,person,chunk-4k,pooled-steady-state,11.351093,raw/baseline/run-06/pooled-steady-state-decode-person-chunk-4k,logs/run-06-14-baseline-pooled-steady-state-decode-person-chunk-4k.log
6,15,candidate,decode-person-chunk-4k,decodePersonChunk4k,decode,person,chunk-4k,pooled-steady-state,9.022065,raw/candidate/run-06/pooled-steady-state-decode-person-chunk-4k,logs/run-06-15-candidate-pooled-steady-state-decode-person-chunk-4k.log
6,16,candidate,decode-person-chunk-4k,decodePersonChunk4k,decode,person,chunk-4k,unpooled-one-shot,9.714872,raw/candidate/run-06/unpooled-one-shot-decode-person-chunk-4k,logs/run-06-16-candidate-unpooled-one-shot-decode-person-chunk-4k.log
6,17,candidate,decode-person-chunk-64,decodePersonChunk64,decode,person,chunk-64,pooled-steady-state,9.606788,raw/candidate/run-06/pooled-steady-state-decode-person-chunk-64,logs/run-06-17-candidate-pooled-steady-state-decode-person-chunk-64.log
6,18,candidate,decode-person-chunk-64,decodePersonChunk64,decode,person,chunk-64,unpooled-one-shot,9.785546,raw/candidate/run-06/unpooled-one-shot-decode-person-chunk-64,logs/run-06-18-candidate-unpooled-one-shot-decode-person-chunk-64.log
6,19,baseline,decode-person-chunk-64,decodePersonChunk64,decode,person,chunk-64,unpooled-one-shot,11.687103,raw/baseline/run-06/unpooled-one-shot-decode-person-chunk-64,logs/run-06-19-baseline-unpooled-one-shot-decode-person-chunk-64.log
6,20,baseline,decode-person-chunk-64,decodePersonChunk64,decode,person,chunk-64,pooled-steady-state,11.051749,raw/baseline/run-06/pooled-steady-state-decode-person-chunk-64,logs/run-06-20-baseline-pooled-steady-state-decode-person-chunk-64.log
6,21,baseline,encode-records-1m-counting,encodeRecords1mCounting,encode,records-1m,counting,unpooled-one-shot,6.677455,raw/baseline/run-06/unpooled-one-shot-encode-records-1m-counting,logs/run-06-21-baseline-unpooled-one-shot-encode-records-1m-counting.log
6,22,baseline,encode-records-1m-counting,encodeRecords1mCounting,encode,records-1m,counting,pooled-steady-state,6.685659,raw/baseline/run-06/pooled-steady-state-encode-records-1m-counting,logs/run-06-22-baseline-pooled-steady-state-encode-records-1m-counting.log
6,23,candidate,encode-records-1m-counting,encodeRecords1mCounting,encode,records-1m,counting,pooled-steady-state,6.656263,raw/candidate/run-06/pooled-steady-state-encode-records-1m-counting,logs/run-06-23-candidate-pooled-steady-state-encode-records-1m-counting.log
6,24,candidate,encode-records-1m-counting,encodeRecords1mCounting,encode,records-1m,counting,unpooled-one-shot,6.535379,raw/candidate/run-06/unpooled-one-shot-encode-records-1m-counting,logs/run-06-24-candidate-unpooled-one-shot-encode-records-1m-counting.log
6,25,candidate,encode-records-1m-memory,encodeRecords1mMemory,encode,records-1m,memory,pooled-steady-state,6.913559,raw/candidate/run-06/pooled-steady-state-encode-records-1m-memory,logs/run-06-25-candidate-pooled-steady-state-encode-records-1m-memory.log
6,26,candidate,encode-records-1m-memory,encodeRecords1mMemory,encode,records-1m,memory,unpooled-one-shot,7.169540,raw/candidate/run-06/unpooled-one-shot-encode-records-1m-memory,logs/run-06-26-candidate-unpooled-one-shot-encode-records-1m-memory.log
6,27,baseline,encode-records-1m-memory,encodeRecords1mMemory,encode,records-1m,memory,unpooled-one-shot,6.828270,raw/baseline/run-06/unpooled-one-shot-encode-records-1m-memory,logs/run-06-27-baseline-unpooled-one-shot-encode-records-1m-memory.log
6,28,baseline,encode-records-1m-memory,encodeRecords1mMemory,encode,records-1m,memory,pooled-steady-state,6.669798,raw/baseline/run-06/pooled-steady-state-encode-records-1m-memory,logs/run-06-28-baseline-pooled-steady-state-encode-records-1m-memory.log
6,29,baseline,encode-records-64k-counting,encodeRecords64kCounting,encode,records-64k,counting,unpooled-one-shot,9.376907,raw/baseline/run-06/unpooled-one-shot-encode-records-64k-counting,logs/run-06-29-baseline-unpooled-one-shot-encode-records-64k-counting.log
6,30,baseline,encode-records-64k-counting,encodeRecords64kCounting,encode,records-64k,counting,pooled-steady-state,8.545180,raw/baseline/run-06/pooled-steady-state-encode-records-64k-counting,logs/run-06-30-baseline-pooled-steady-state-encode-records-64k-counting.log
6,31,candidate,encode-records-64k-counting,encodeRecords64kCounting,encode,records-64k,counting,pooled-steady-state,9.474106,raw/candidate/run-06/pooled-steady-state-encode-records-64k-counting,logs/run-06-31-candidate-pooled-steady-state-encode-records-64k-counting.log
6,32,candidate,encode-records-64k-counting,encodeRecords64kCounting,encode,records-64k,counting,unpooled-one-shot,9.409660,raw/candidate/run-06/unpooled-one-shot-encode-records-64k-counting,logs/run-06-32-candidate-unpooled-one-shot-encode-records-64k-counting.log
6,33,candidate,encode-records-64k-memory,encodeRecords64kMemory,encode,records-64k,memory,pooled-steady-state,8.227075,raw/candidate/run-06/pooled-steady-state-encode-records-64k-memory,logs/run-06-33-candidate-pooled-steady-state-encode-records-64k-memory.log
6,34,candidate,encode-records-64k-memory,encodeRecords64kMemory,encode,records-64k,memory,unpooled-one-shot,8.316968,raw/candidate/run-06/unpooled-one-shot-encode-records-64k-memory,logs/run-06-34-candidate-unpooled-one-shot-encode-records-64k-memory.log
6,35,baseline,encode-records-64k-memory,encodeRecords64kMemory,encode,records-64k,memory,unpooled-one-shot,8.535750,raw/baseline/run-06/unpooled-one-shot-encode-records-64k-memory,logs/run-06-35-baseline-unpooled-one-shot-encode-records-64k-memory.log
6,36,baseline,encode-records-64k-memory,encodeRecords64kMemory,encode,records-64k,memory,pooled-steady-state,7.919275,raw/baseline/run-06/pooled-steady-state-encode-records-64k-memory,logs/run-06-36-baseline-pooled-steady-state-encode-records-64k-memory.log
6,37,baseline,encode-person-counting,encodePersonCounting,encode,person,counting,unpooled-one-shot,1.463924,raw/baseline/run-06/unpooled-one-shot-encode-person-counting,logs/run-06-37-baseline-unpooled-one-shot-encode-person-counting.log
6,38,baseline,encode-person-counting,encodePersonCounting,encode,person,counting,pooled-steady-state,1.532772,raw/baseline/run-06/pooled-steady-state-encode-person-counting,logs/run-06-38-baseline-pooled-steady-state-encode-person-counting.log
6,39,candidate,encode-person-counting,encodePersonCounting,encode,person,counting,pooled-steady-state,8.786741,raw/candidate/run-06/pooled-steady-state-encode-person-counting,logs/run-06-39-candidate-pooled-steady-state-encode-person-counting.log
6,40,candidate,encode-person-counting,encodePersonCounting,encode,person,counting,unpooled-one-shot,10.128075,raw/candidate/run-06/unpooled-one-shot-encode-person-counting,logs/run-06-40-candidate-unpooled-one-shot-encode-person-counting.log
6,41,candidate,encode-person-memory,encodePersonMemory,encode,person,memory,pooled-steady-state,9.563589,raw/candidate/run-06/pooled-steady-state-encode-person-memory,logs/run-06-41-candidate-pooled-steady-state-encode-person-memory.log
6,42,candidate,encode-person-memory,encodePersonMemory,encode,person,memory,unpooled-one-shot,13.683481,raw/candidate/run-06/unpooled-one-shot-encode-person-memory,logs/run-06-42-candidate-unpooled-one-shot-encode-person-memory.log
6,43,baseline,encode-person-memory,encodePersonMemory,encode,person,memory,unpooled-one-shot,10.054876,raw/baseline/run-06/unpooled-one-shot-encode-person-memory,logs/run-06-43-baseline-unpooled-one-shot-encode-person-memory.log
6,44,baseline,encode-person-memory,encodePersonMemory,encode,person,memory,pooled-steady-state,10.448256,raw/baseline/run-06/pooled-steady-state-encode-person-memory,logs/run-06-44-baseline-pooled-steady-state-encode-person-memory.log
6,45,baseline,decode-records-1m-chunk-random,decodeRecords1mChunkRandom,decode,records-1m,chunk-random,unpooled-one-shot,6.344273,raw/baseline/run-06/unpooled-one-shot-decode-records-1m-chunk-random,logs/run-06-45-baseline-unpooled-one-shot-decode-records-1m-chunk-random.log
6,46,baseline,decode-records-1m-chunk-random,decodeRecords1mChunkRandom,decode,records-1m,chunk-random,pooled-steady-state,6.532715,raw/baseline/run-06/pooled-steady-state-decode-records-1m-chunk-random,logs/run-06-46-baseline-pooled-steady-state-decode-records-1m-chunk-random.log
6,47,candidate,decode-records-1m-chunk-random,decodeRecords1mChunkRandom,decode,records-1m,chunk-random,pooled-steady-state,8.564271,raw/candidate/run-06/pooled-steady-state-decode-records-1m-chunk-random,logs/run-06-47-candidate-pooled-steady-state-decode-records-1m-chunk-random.log
6,48,candidate,decode-records-1m-chunk-random,decodeRecords1mChunkRandom,decode,records-1m,chunk-random,unpooled-one-shot,6.987077,raw/candidate/run-06/unpooled-one-shot-decode-records-1m-chunk-random,logs/run-06-48-candidate-unpooled-one-shot-decode-records-1m-chunk-random.log
6,49,candidate,decode-records-1m-chunk-4k,decodeRecords1mChunk4k,decode,records-1m,chunk-4k,pooled-steady-state,7.565736,raw/candidate/run-06/pooled-steady-state-decode-records-1m-chunk-4k,logs/run-06-49-candidate-pooled-steady-state-decode-records-1m-chunk-4k.log
6,50,candidate,decode-records-1m-chunk-4k,decodeRecords1mChunk4k,decode,records-1m,chunk-4k,unpooled-one-shot,8.049406,raw/candidate/run-06/unpooled-one-shot-decode-records-1m-chunk-4k,logs/run-06-50-candidate-unpooled-one-shot-decode-records-1m-chunk-4k.log
6,51,baseline,decode-records-1m-chunk-4k,decodeRecords1mChunk4k,decode,records-1m,chunk-4k,unpooled-one-shot,6.330344,raw/baseline/run-06/unpooled-one-shot-decode-records-1m-chunk-4k,logs/run-06-51-baseline-unpooled-one-shot-decode-records-1m-chunk-4k.log
6,52,baseline,decode-records-1m-chunk-4k,decodeRecords1mChunk4k,decode,records-1m,chunk-4k,pooled-steady-state,6.453673,raw/baseline/run-06/pooled-steady-state-decode-records-1m-chunk-4k,logs/run-06-52-baseline-pooled-steady-state-decode-records-1m-chunk-4k.log
6,53,baseline,decode-records-1m-chunk-64,decodeRecords1mChunk64,decode,records-1m,chunk-64,unpooled-one-shot,6.476657,raw/baseline/run-06/unpooled-one-shot-decode-records-1m-chunk-64,logs/run-06-53-baseline-unpooled-one-shot-decode-records-1m-chunk-64.log
6,54,baseline,decode-records-1m-chunk-64,decodeRecords1mChunk64,decode,records-1m,chunk-64,pooled-steady-state,6.435701,raw/baseline/run-06/pooled-steady-state-decode-records-1m-chunk-64,logs/run-06-54-baseline-pooled-steady-state-decode-records-1m-chunk-64.log
6,55,candidate,decode-records-1m-chunk-64,decodeRecords1mChunk64,decode,records-1m,chunk-64,pooled-steady-state,5.154310,raw/candidate/run-06/pooled-steady-state-decode-records-1m-chunk-64,logs/run-06-55-candidate-pooled-steady-state-decode-records-1m-chunk-64.log
6,56,candidate,decode-records-1m-chunk-64,decodeRecords1mChunk64,decode,records-1m,chunk-64,unpooled-one-shot,6.688463,raw/candidate/run-06/unpooled-one-shot-decode-records-1m-chunk-64,logs/run-06-56-candidate-unpooled-one-shot-decode-records-1m-chunk-64.log
6,57,candidate,decode-records-64k-chunk-random,decodeRecords64kChunkRandom,decode,records-64k,chunk-random,pooled-steady-state,8.072000,raw/candidate/run-06/pooled-steady-state-decode-records-64k-chunk-random,logs/run-06-57-candidate-pooled-steady-state-decode-records-64k-chunk-random.log
6,58,candidate,decode-records-64k-chunk-random,decodeRecords64kChunkRandom,decode,records-64k,chunk-random,unpooled-one-shot,7.932189,raw/candidate/run-06/unpooled-one-shot-decode-records-64k-chunk-random,logs/run-06-58-candidate-unpooled-one-shot-decode-records-64k-chunk-random.log
6,59,baseline,decode-records-64k-chunk-random,decodeRecords64kChunkRandom,decode,records-64k,chunk-random,unpooled-one-shot,6.837414,raw/baseline/run-06/unpooled-one-shot-decode-records-64k-chunk-random,logs/run-06-59-baseline-unpooled-one-shot-decode-records-64k-chunk-random.log
6,60,baseline,decode-records-64k-chunk-random,decodeRecords64kChunkRandom,decode,records-64k,chunk-random,pooled-steady-state,7.131951,raw/baseline/run-06/pooled-steady-state-decode-records-64k-chunk-random,logs/run-06-60-baseline-pooled-steady-state-decode-records-64k-chunk-random.log
7,1,baseline,decode-records-1m-chunk-64,decodeRecords1mChunk64,decode,records-1m,chunk-64,unpooled-one-shot,6.546133,raw/baseline/run-07/unpooled-one-shot-decode-records-1m-chunk-64,logs/run-07-01-baseline-unpooled-one-shot-decode-records-1m-chunk-64.log
7,2,baseline,decode-records-1m-chunk-64,decodeRecords1mChunk64,decode,records-1m,chunk-64,pooled-steady-state,6.539931,raw/baseline/run-07/pooled-steady-state-decode-records-1m-chunk-64,logs/run-07-02-baseline-pooled-steady-state-decode-records-1m-chunk-64.log
7,3,candidate,decode-records-1m-chunk-64,decodeRecords1mChunk64,decode,records-1m,chunk-64,pooled-steady-state,6.750946,raw/candidate/run-07/pooled-steady-state-decode-records-1m-chunk-64,logs/run-07-03-candidate-pooled-steady-state-decode-records-1m-chunk-64.log
7,4,candidate,decode-records-1m-chunk-64,decodeRecords1mChunk64,decode,records-1m,chunk-64,unpooled-one-shot,5.697867,raw/candidate/run-07/unpooled-one-shot-decode-records-1m-chunk-64,logs/run-07-04-candidate-unpooled-one-shot-decode-records-1m-chunk-64.log
7,5,candidate,decode-records-1m-chunk-4k,decodeRecords1mChunk4k,decode,records-1m,chunk-4k,pooled-steady-state,8.726495,raw/candidate/run-07/pooled-steady-state-decode-records-1m-chunk-4k,logs/run-07-05-candidate-pooled-steady-state-decode-records-1m-chunk-4k.log
7,6,candidate,decode-records-1m-chunk-4k,decodeRecords1mChunk4k,decode,records-1m,chunk-4k,unpooled-one-shot,8.465297,raw/candidate/run-07/unpooled-one-shot-decode-records-1m-chunk-4k,logs/run-07-06-candidate-unpooled-one-shot-decode-records-1m-chunk-4k.log
7,7,baseline,decode-records-1m-chunk-4k,decodeRecords1mChunk4k,decode,records-1m,chunk-4k,unpooled-one-shot,6.373660,raw/baseline/run-07/unpooled-one-shot-decode-records-1m-chunk-4k,logs/run-07-07-baseline-unpooled-one-shot-decode-records-1m-chunk-4k.log
7,8,baseline,decode-records-1m-chunk-4k,decodeRecords1mChunk4k,decode,records-1m,chunk-4k,pooled-steady-state,6.410321,raw/baseline/run-07/pooled-steady-state-decode-records-1m-chunk-4k,logs/run-07-08-baseline-pooled-steady-state-decode-records-1m-chunk-4k.log
7,9,baseline,decode-records-1m-chunk-random,decodeRecords1mChunkRandom,decode,records-1m,chunk-random,unpooled-one-shot,6.438426,raw/baseline/run-07/unpooled-one-shot-decode-records-1m-chunk-random,logs/run-07-09-baseline-unpooled-one-shot-decode-records-1m-chunk-random.log
7,10,baseline,decode-records-1m-chunk-random,decodeRecords1mChunkRandom,decode,records-1m,chunk-random,pooled-steady-state,6.357677,raw/baseline/run-07/pooled-steady-state-decode-records-1m-chunk-random,logs/run-07-10-baseline-pooled-steady-state-decode-records-1m-chunk-random.log
7,11,candidate,decode-records-1m-chunk-random,decodeRecords1mChunkRandom,decode,records-1m,chunk-random,pooled-steady-state,8.456843,raw/candidate/run-07/pooled-steady-state-decode-records-1m-chunk-random,logs/run-07-11-candidate-pooled-steady-state-decode-records-1m-chunk-random.log
7,12,candidate,decode-records-1m-chunk-random,decodeRecords1mChunkRandom,decode,records-1m,chunk-random,unpooled-one-shot,8.536351,raw/candidate/run-07/unpooled-one-shot-decode-records-1m-chunk-random,logs/run-07-12-candidate-unpooled-one-shot-decode-records-1m-chunk-random.log
7,13,candidate,encode-person-memory,encodePersonMemory,encode,person,memory,pooled-steady-state,9.685248,raw/candidate/run-07/pooled-steady-state-encode-person-memory,logs/run-07-13-candidate-pooled-steady-state-encode-person-memory.log
7,14,candidate,encode-person-memory,encodePersonMemory,encode,person,memory,unpooled-one-shot,9.335421,raw/candidate/run-07/unpooled-one-shot-encode-person-memory,logs/run-07-14-candidate-unpooled-one-shot-encode-person-memory.log
7,15,baseline,encode-person-memory,encodePersonMemory,encode,person,memory,unpooled-one-shot,9.421704,raw/baseline/run-07/unpooled-one-shot-encode-person-memory,logs/run-07-15-baseline-unpooled-one-shot-encode-person-memory.log
7,16,baseline,encode-person-memory,encodePersonMemory,encode,person,memory,pooled-steady-state,6.349903,raw/baseline/run-07/pooled-steady-state-encode-person-memory,logs/run-07-16-baseline-pooled-steady-state-encode-person-memory.log
7,17,baseline,encode-person-counting,encodePersonCounting,encode,person,counting,unpooled-one-shot,1.480797,raw/baseline/run-07/unpooled-one-shot-encode-person-counting,logs/run-07-17-baseline-unpooled-one-shot-encode-person-counting.log
7,18,baseline,encode-person-counting,encodePersonCounting,encode,person,counting,pooled-steady-state,8.864538,raw/baseline/run-07/pooled-steady-state-encode-person-counting,logs/run-07-18-baseline-pooled-steady-state-encode-person-counting.log
7,19,candidate,encode-person-counting,encodePersonCounting,encode,person,counting,pooled-steady-state,9.399598,raw/candidate/run-07/pooled-steady-state-encode-person-counting,logs/run-07-19-candidate-pooled-steady-state-encode-person-counting.log
7,20,candidate,encode-person-counting,encodePersonCounting,encode,person,counting,unpooled-one-shot,9.283529,raw/candidate/run-07/unpooled-one-shot-encode-person-counting,logs/run-07-20-candidate-unpooled-one-shot-encode-person-counting.log
7,21,candidate,encode-records-64k-memory,encodeRecords64kMemory,encode,records-64k,memory,pooled-steady-state,8.139837,raw/candidate/run-07/pooled-steady-state-encode-records-64k-memory,logs/run-07-21-candidate-pooled-steady-state-encode-records-64k-memory.log
7,22,candidate,encode-records-64k-memory,encodeRecords64kMemory,encode,records-64k,memory,unpooled-one-shot,8.027524,raw/candidate/run-07/unpooled-one-shot-encode-records-64k-memory,logs/run-07-22-candidate-unpooled-one-shot-encode-records-64k-memory.log
7,23,baseline,encode-records-64k-memory,encodeRecords64kMemory,encode,records-64k,memory,unpooled-one-shot,8.381929,raw/baseline/run-07/unpooled-one-shot-encode-records-64k-memory,logs/run-07-23-baseline-unpooled-one-shot-encode-records-64k-memory.log
7,24,baseline,encode-records-64k-memory,encodeRecords64kMemory,encode,records-64k,memory,pooled-steady-state,8.442625,raw/baseline/run-07/pooled-steady-state-encode-records-64k-memory,logs/run-07-24-baseline-pooled-steady-state-encode-records-64k-memory.log
7,25,baseline,encode-records-64k-counting,encodeRecords64kCounting,encode,records-64k,counting,unpooled-one-shot,9.378523,raw/baseline/run-07/unpooled-one-shot-encode-records-64k-counting,logs/run-07-25-baseline-unpooled-one-shot-encode-records-64k-counting.log
7,26,baseline,encode-records-64k-counting,encodeRecords64kCounting,encode,records-64k,counting,pooled-steady-state,9.330717,raw/baseline/run-07/pooled-steady-state-encode-records-64k-counting,logs/run-07-26-baseline-pooled-steady-state-encode-records-64k-counting.log
7,27,candidate,encode-records-64k-counting,encodeRecords64kCounting,encode,records-64k,counting,pooled-steady-state,9.461451,raw/candidate/run-07/pooled-steady-state-encode-records-64k-counting,logs/run-07-27-candidate-pooled-steady-state-encode-records-64k-counting.log
7,28,candidate,encode-records-64k-counting,encodeRecords64kCounting,encode,records-64k,counting,unpooled-one-shot,9.123268,raw/candidate/run-07/unpooled-one-shot-encode-records-64k-counting,logs/run-07-28-candidate-unpooled-one-shot-encode-records-64k-counting.log
7,29,candidate,encode-records-1m-memory,encodeRecords1mMemory,encode,records-1m,memory,pooled-steady-state,6.860736,raw/candidate/run-07/pooled-steady-state-encode-records-1m-memory,logs/run-07-29-candidate-pooled-steady-state-encode-records-1m-memory.log
7,30,candidate,encode-records-1m-memory,encodeRecords1mMemory,encode,records-1m,memory,unpooled-one-shot,5.988795,raw/candidate/run-07/unpooled-one-shot-encode-records-1m-memory,logs/run-07-30-candidate-unpooled-one-shot-encode-records-1m-memory.log
7,31,baseline,encode-records-1m-memory,encodeRecords1mMemory,encode,records-1m,memory,unpooled-one-shot,6.615100,raw/baseline/run-07/unpooled-one-shot-encode-records-1m-memory,logs/run-07-31-baseline-unpooled-one-shot-encode-records-1m-memory.log
7,32,baseline,encode-records-1m-memory,encodeRecords1mMemory,encode,records-1m,memory,pooled-steady-state,7.102392,raw/baseline/run-07/pooled-steady-state-encode-records-1m-memory,logs/run-07-32-baseline-pooled-steady-state-encode-records-1m-memory.log
7,33,baseline,encode-records-1m-counting,encodeRecords1mCounting,encode,records-1m,counting,unpooled-one-shot,6.567229,raw/baseline/run-07/unpooled-one-shot-encode-records-1m-counting,logs/run-07-33-baseline-unpooled-one-shot-encode-records-1m-counting.log
7,34,baseline,encode-records-1m-counting,encodeRecords1mCounting,encode,records-1m,counting,pooled-steady-state,6.669137,raw/baseline/run-07/pooled-steady-state-encode-records-1m-counting,logs/run-07-34-baseline-pooled-steady-state-encode-records-1m-counting.log
7,35,candidate,encode-records-1m-counting,encodeRecords1mCounting,encode,records-1m,counting,pooled-steady-state,6.734452,raw/candidate/run-07/pooled-steady-state-encode-records-1m-counting,logs/run-07-35-candidate-pooled-steady-state-encode-records-1m-counting.log
7,36,candidate,encode-records-1m-counting,encodeRecords1mCounting,encode,records-1m,counting,unpooled-one-shot,6.571579,raw/candidate/run-07/unpooled-one-shot-encode-records-1m-counting,logs/run-07-36-candidate-unpooled-one-shot-encode-records-1m-counting.log
7,37,candidate,decode-person-chunk-64,decodePersonChunk64,decode,person,chunk-64,pooled-steady-state,9.506466,raw/candidate/run-07/pooled-steady-state-decode-person-chunk-64,logs/run-07-37-candidate-pooled-steady-state-decode-person-chunk-64.log
7,38,candidate,decode-person-chunk-64,decodePersonChunk64,decode,person,chunk-64,unpooled-one-shot,9.601036,raw/candidate/run-07/unpooled-one-shot-decode-person-chunk-64,logs/run-07-38-candidate-unpooled-one-shot-decode-person-chunk-64.log
7,39,baseline,decode-person-chunk-64,decodePersonChunk64,decode,person,chunk-64,unpooled-one-shot,11.551937,raw/baseline/run-07/unpooled-one-shot-decode-person-chunk-64,logs/run-07-39-baseline-unpooled-one-shot-decode-person-chunk-64.log
7,40,baseline,decode-person-chunk-64,decodePersonChunk64,decode,person,chunk-64,pooled-steady-state,11.326634,raw/baseline/run-07/pooled-steady-state-decode-person-chunk-64,logs/run-07-40-baseline-pooled-steady-state-decode-person-chunk-64.log
7,41,baseline,decode-person-chunk-4k,decodePersonChunk4k,decode,person,chunk-4k,unpooled-one-shot,11.570736,raw/baseline/run-07/unpooled-one-shot-decode-person-chunk-4k,logs/run-07-41-baseline-unpooled-one-shot-decode-person-chunk-4k.log
7,42,baseline,decode-person-chunk-4k,decodePersonChunk4k,decode,person,chunk-4k,pooled-steady-state,12.109196,raw/baseline/run-07/pooled-steady-state-decode-person-chunk-4k,logs/run-07-42-baseline-pooled-steady-state-decode-person-chunk-4k.log
7,43,candidate,decode-person-chunk-4k,decodePersonChunk4k,decode,person,chunk-4k,pooled-steady-state,10.033736,raw/candidate/run-07/pooled-steady-state-decode-person-chunk-4k,logs/run-07-43-candidate-pooled-steady-state-decode-person-chunk-4k.log
7,44,candidate,decode-person-chunk-4k,decodePersonChunk4k,decode,person,chunk-4k,unpooled-one-shot,10.600022,raw/candidate/run-07/unpooled-one-shot-decode-person-chunk-4k,logs/run-07-44-candidate-unpooled-one-shot-decode-person-chunk-4k.log
7,45,candidate,decode-person-chunk-random,decodePersonChunkRandom,decode,person,chunk-random,pooled-steady-state,9.530912,raw/candidate/run-07/pooled-steady-state-decode-person-chunk-random,logs/run-07-45-candidate-pooled-steady-state-decode-person-chunk-random.log
7,46,candidate,decode-person-chunk-random,decodePersonChunkRandom,decode,person,chunk-random,unpooled-one-shot,9.693622,raw/candidate/run-07/unpooled-one-shot-decode-person-chunk-random,logs/run-07-46-candidate-unpooled-one-shot-decode-person-chunk-random.log
7,47,baseline,decode-person-chunk-random,decodePersonChunkRandom,decode,person,chunk-random,unpooled-one-shot,8.917429,raw/baseline/run-07/unpooled-one-shot-decode-person-chunk-random,logs/run-07-47-baseline-unpooled-one-shot-decode-person-chunk-random.log
7,48,baseline,decode-person-chunk-random,decodePersonChunkRandom,decode,person,chunk-random,pooled-steady-state,10.207900,raw/baseline/run-07/pooled-steady-state-decode-person-chunk-random,logs/run-07-48-baseline-pooled-steady-state-decode-person-chunk-random.log
7,49,baseline,decode-records-64k-chunk-64,decodeRecords64kChunk64,decode,records-64k,chunk-64,unpooled-one-shot,6.929441,raw/baseline/run-07/unpooled-one-shot-decode-records-64k-chunk-64,logs/run-07-49-baseline-unpooled-one-shot-decode-records-64k-chunk-64.log
7,50,baseline,decode-records-64k-chunk-64,decodeRecords64kChunk64,decode,records-64k,chunk-64,pooled-steady-state,6.653490,raw/baseline/run-07/pooled-steady-state-decode-records-64k-chunk-64,logs/run-07-50-baseline-pooled-steady-state-decode-records-64k-chunk-64.log
7,51,candidate,decode-records-64k-chunk-64,decodeRecords64kChunk64,decode,records-64k,chunk-64,pooled-steady-state,7.540289,raw/candidate/run-07/pooled-steady-state-decode-records-64k-chunk-64,logs/run-07-51-candidate-pooled-steady-state-decode-records-64k-chunk-64.log
7,52,candidate,decode-records-64k-chunk-64,decodeRecords64kChunk64,decode,records-64k,chunk-64,unpooled-one-shot,7.581567,raw/candidate/run-07/unpooled-one-shot-decode-records-64k-chunk-64,logs/run-07-52-candidate-unpooled-one-shot-decode-records-64k-chunk-64.log
7,53,candidate,decode-records-64k-chunk-4k,decodeRecords64kChunk4k,decode,records-64k,chunk-4k,pooled-steady-state,7.777251,raw/candidate/run-07/pooled-steady-state-decode-records-64k-chunk-4k,logs/run-07-53-candidate-pooled-steady-state-decode-records-64k-chunk-4k.log
7,54,candidate,decode-records-64k-chunk-4k,decodeRecords64kChunk4k,decode,records-64k,chunk-4k,unpooled-one-shot,7.798046,raw/candidate/run-07/unpooled-one-shot-decode-records-64k-chunk-4k,logs/run-07-54-candidate-unpooled-one-shot-decode-records-64k-chunk-4k.log
7,55,baseline,decode-records-64k-chunk-4k,decodeRecords64kChunk4k,decode,records-64k,chunk-4k,unpooled-one-shot,6.969682,raw/baseline/run-07/unpooled-one-shot-decode-records-64k-chunk-4k,logs/run-07-55-baseline-unpooled-one-shot-decode-records-64k-chunk-4k.log
7,56,baseline,decode-records-64k-chunk-4k,decodeRecords64kChunk4k,decode,records-64k,chunk-4k,pooled-steady-state,6.612501,raw/baseline/run-07/pooled-steady-state-decode-records-64k-chunk-4k,logs/run-07-56-baseline-pooled-steady-state-decode-records-64k-chunk-4k.log
7,57,baseline,decode-records-64k-chunk-random,decodeRecords64kChunkRandom,decode,records-64k,chunk-random,unpooled-one-shot,6.722598,raw/baseline/run-07/unpooled-one-shot-decode-records-64k-chunk-random,logs/run-07-57-baseline-unpooled-one-shot-decode-records-64k-chunk-random.log
7,58,baseline,decode-records-64k-chunk-random,decodeRecords64kChunkRandom,decode,records-64k,chunk-random,pooled-steady-state,7.292555,raw/baseline/run-07/pooled-steady-state-decode-records-64k-chunk-random,logs/run-07-58-baseline-pooled-steady-state-decode-records-64k-chunk-random.log
7,59,candidate,decode-records-64k-chunk-random,decodeRecords64kChunkRandom,decode,records-64k,chunk-random,pooled-steady-state,8.091371,raw/candidate/run-07/pooled-steady-state-decode-records-64k-chunk-random,logs/run-07-59-candidate-pooled-steady-state-decode-records-64k-chunk-random.log
7,60,candidate,decode-records-64k-chunk-random,decodeRecords64kChunkRandom,decode,records-64k,chunk-random,unpooled-one-shot,8.164882,raw/candidate/run-07/unpooled-one-shot-decode-records-64k-chunk-random,logs/run-07-60-candidate-unpooled-one-shot-decode-records-64k-chunk-random.log
8,1,candidate,decode-records-1m-chunk-64,decodeRecords1mChunk64,decode,records-1m,chunk-64,pooled-steady-state,5.448376,raw/candidate/run-08/pooled-steady-state-decode-records-1m-chunk-64,logs/run-08-01-candidate-pooled-steady-state-decode-records-1m-chunk-64.log
8,2,candidate,decode-records-1m-chunk-64,decodeRecords1mChunk64,decode,records-1m,chunk-64,unpooled-one-shot,5.462461,raw/candidate/run-08/unpooled-one-shot-decode-records-1m-chunk-64,logs/run-08-02-candidate-unpooled-one-shot-decode-records-1m-chunk-64.log
8,3,baseline,decode-records-1m-chunk-64,decodeRecords1mChunk64,decode,records-1m,chunk-64,unpooled-one-shot,6.534147,raw/baseline/run-08/unpooled-one-shot-decode-records-1m-chunk-64,logs/run-08-03-baseline-unpooled-one-shot-decode-records-1m-chunk-64.log
8,4,baseline,decode-records-1m-chunk-64,decodeRecords1mChunk64,decode,records-1m,chunk-64,pooled-steady-state,6.687421,raw/baseline/run-08/pooled-steady-state-decode-records-1m-chunk-64,logs/run-08-04-baseline-pooled-steady-state-decode-records-1m-chunk-64.log
8,5,baseline,decode-records-64k-chunk-random,decodeRecords64kChunkRandom,decode,records-64k,chunk-random,unpooled-one-shot,7.103372,raw/baseline/run-08/unpooled-one-shot-decode-records-64k-chunk-random,logs/run-08-05-baseline-unpooled-one-shot-decode-records-64k-chunk-random.log
8,6,baseline,decode-records-64k-chunk-random,decodeRecords64kChunkRandom,decode,records-64k,chunk-random,pooled-steady-state,7.210035,raw/baseline/run-08/pooled-steady-state-decode-records-64k-chunk-random,logs/run-08-06-baseline-pooled-steady-state-decode-records-64k-chunk-random.log
8,7,candidate,decode-records-64k-chunk-random,decodeRecords64kChunkRandom,decode,records-64k,chunk-random,pooled-steady-state,7.993700,raw/candidate/run-08/pooled-steady-state-decode-records-64k-chunk-random,logs/run-08-07-candidate-pooled-steady-state-decode-records-64k-chunk-random.log
8,8,candidate,decode-records-64k-chunk-random,decodeRecords64kChunkRandom,decode,records-64k,chunk-random,unpooled-one-shot,8.208859,raw/candidate/run-08/unpooled-one-shot-decode-records-64k-chunk-random,logs/run-08-08-candidate-unpooled-one-shot-decode-records-64k-chunk-random.log
8,9,candidate,decode-records-64k-chunk-4k,decodeRecords64kChunk4k,decode,records-64k,chunk-4k,pooled-steady-state,7.912100,raw/candidate/run-08/pooled-steady-state-decode-records-64k-chunk-4k,logs/run-08-09-candidate-pooled-steady-state-decode-records-64k-chunk-4k.log
8,10,candidate,decode-records-64k-chunk-4k,decodeRecords64kChunk4k,decode,records-64k,chunk-4k,unpooled-one-shot,7.896341,raw/candidate/run-08/unpooled-one-shot-decode-records-64k-chunk-4k,logs/run-08-10-candidate-unpooled-one-shot-decode-records-64k-chunk-4k.log
8,11,baseline,decode-records-64k-chunk-4k,decodeRecords64kChunk4k,decode,records-64k,chunk-4k,unpooled-one-shot,6.835446,raw/baseline/run-08/unpooled-one-shot-decode-records-64k-chunk-4k,logs/run-08-11-baseline-unpooled-one-shot-decode-records-64k-chunk-4k.log
8,12,baseline,decode-records-64k-chunk-4k,decodeRecords64kChunk4k,decode,records-64k,chunk-4k,pooled-steady-state,6.871573,raw/baseline/run-08/pooled-steady-state-decode-records-64k-chunk-4k,logs/run-08-12-baseline-pooled-steady-state-decode-records-64k-chunk-4k.log
8,13,baseline,decode-records-64k-chunk-64,decodeRecords64kChunk64,decode,records-64k,chunk-64,unpooled-one-shot,6.658910,raw/baseline/run-08/unpooled-one-shot-decode-records-64k-chunk-64,logs/run-08-13-baseline-unpooled-one-shot-decode-records-64k-chunk-64.log
8,14,baseline,decode-records-64k-chunk-64,decodeRecords64kChunk64,decode,records-64k,chunk-64,pooled-steady-state,6.913528,raw/baseline/run-08/pooled-steady-state-decode-records-64k-chunk-64,logs/run-08-14-baseline-pooled-steady-state-decode-records-64k-chunk-64.log
8,15,candidate,decode-records-64k-chunk-64,decodeRecords64kChunk64,decode,records-64k,chunk-64,pooled-steady-state,3.454860,raw/candidate/run-08/pooled-steady-state-decode-records-64k-chunk-64,logs/run-08-15-candidate-pooled-steady-state-decode-records-64k-chunk-64.log
8,16,candidate,decode-records-64k-chunk-64,decodeRecords64kChunk64,decode,records-64k,chunk-64,unpooled-one-shot,7.726078,raw/candidate/run-08/unpooled-one-shot-decode-records-64k-chunk-64,logs/run-08-16-candidate-unpooled-one-shot-decode-records-64k-chunk-64.log
8,17,candidate,decode-person-chunk-random,decodePersonChunkRandom,decode,person,chunk-random,pooled-steady-state,10.128503,raw/candidate/run-08/pooled-steady-state-decode-person-chunk-random,logs/run-08-17-candidate-pooled-steady-state-decode-person-chunk-random.log
8,18,candidate,decode-person-chunk-random,decodePersonChunkRandom,decode,person,chunk-random,unpooled-one-shot,11.102308,raw/candidate/run-08/unpooled-one-shot-decode-person-chunk-random,logs/run-08-18-candidate-unpooled-one-shot-decode-person-chunk-random.log
8,19,baseline,decode-person-chunk-random,decodePersonChunkRandom,decode,person,chunk-random,unpooled-one-shot,1.456596,raw/baseline/run-08/unpooled-one-shot-decode-person-chunk-random,logs/run-08-19-baseline-unpooled-one-shot-decode-person-chunk-random.log
8,20,baseline,decode-person-chunk-random,decodePersonChunkRandom,decode,person,chunk-random,pooled-steady-state,1.501842,raw/baseline/run-08/pooled-steady-state-decode-person-chunk-random,logs/run-08-20-baseline-pooled-steady-state-decode-person-chunk-random.log
8,21,baseline,decode-person-chunk-4k,decodePersonChunk4k,decode,person,chunk-4k,unpooled-one-shot,11.866507,raw/baseline/run-08/unpooled-one-shot-decode-person-chunk-4k,logs/run-08-21-baseline-unpooled-one-shot-decode-person-chunk-4k.log
8,22,baseline,decode-person-chunk-4k,decodePersonChunk4k,decode,person,chunk-4k,pooled-steady-state,12.511633,raw/baseline/run-08/pooled-steady-state-decode-person-chunk-4k,logs/run-08-22-baseline-pooled-steady-state-decode-person-chunk-4k.log
8,23,candidate,decode-person-chunk-4k,decodePersonChunk4k,decode,person,chunk-4k,pooled-steady-state,9.829700,raw/candidate/run-08/pooled-steady-state-decode-person-chunk-4k,logs/run-08-23-candidate-pooled-steady-state-decode-person-chunk-4k.log
8,24,candidate,decode-person-chunk-4k,decodePersonChunk4k,decode,person,chunk-4k,unpooled-one-shot,9.289369,raw/candidate/run-08/unpooled-one-shot-decode-person-chunk-4k,logs/run-08-24-candidate-unpooled-one-shot-decode-person-chunk-4k.log
8,25,candidate,decode-person-chunk-64,decodePersonChunk64,decode,person,chunk-64,pooled-steady-state,9.670234,raw/candidate/run-08/pooled-steady-state-decode-person-chunk-64,logs/run-08-25-candidate-pooled-steady-state-decode-person-chunk-64.log
8,26,candidate,decode-person-chunk-64,decodePersonChunk64,decode,person,chunk-64,unpooled-one-shot,9.937019,raw/candidate/run-08/unpooled-one-shot-decode-person-chunk-64,logs/run-08-26-candidate-unpooled-one-shot-decode-person-chunk-64.log
8,27,baseline,decode-person-chunk-64,decodePersonChunk64,decode,person,chunk-64,unpooled-one-shot,11.727676,raw/baseline/run-08/unpooled-one-shot-decode-person-chunk-64,logs/run-08-27-baseline-unpooled-one-shot-decode-person-chunk-64.log
8,28,baseline,decode-person-chunk-64,decodePersonChunk64,decode,person,chunk-64,pooled-steady-state,1.422300,raw/baseline/run-08/pooled-steady-state-decode-person-chunk-64,logs/run-08-28-baseline-pooled-steady-state-decode-person-chunk-64.log
8,29,baseline,encode-records-1m-counting,encodeRecords1mCounting,encode,records-1m,counting,unpooled-one-shot,6.880434,raw/baseline/run-08/unpooled-one-shot-encode-records-1m-counting,logs/run-08-29-baseline-unpooled-one-shot-encode-records-1m-counting.log
8,30,baseline,encode-records-1m-counting,encodeRecords1mCounting,encode,records-1m,counting,pooled-steady-state,6.590318,raw/baseline/run-08/pooled-steady-state-encode-records-1m-counting,logs/run-08-30-baseline-pooled-steady-state-encode-records-1m-counting.log
8,31,candidate,encode-records-1m-counting,encodeRecords1mCounting,encode,records-1m,counting,pooled-steady-state,6.812804,raw/candidate/run-08/pooled-steady-state-encode-records-1m-counting,logs/run-08-31-candidate-pooled-steady-state-encode-records-1m-counting.log
8,32,candidate,encode-records-1m-counting,encodeRecords1mCounting,encode,records-1m,counting,unpooled-one-shot,6.526054,raw/candidate/run-08/unpooled-one-shot-encode-records-1m-counting,logs/run-08-32-candidate-unpooled-one-shot-encode-records-1m-counting.log
8,33,candidate,encode-records-1m-memory,encodeRecords1mMemory,encode,records-1m,memory,pooled-steady-state,6.894018,raw/candidate/run-08/pooled-steady-state-encode-records-1m-memory,logs/run-08-33-candidate-pooled-steady-state-encode-records-1m-memory.log
8,34,candidate,encode-records-1m-memory,encodeRecords1mMemory,encode,records-1m,memory,unpooled-one-shot,6.894754,raw/candidate/run-08/unpooled-one-shot-encode-records-1m-memory,logs/run-08-34-candidate-unpooled-one-shot-encode-records-1m-memory.log
8,35,baseline,encode-records-1m-memory,encodeRecords1mMemory,encode,records-1m,memory,unpooled-one-shot,6.662960,raw/baseline/run-08/unpooled-one-shot-encode-records-1m-memory,logs/run-08-35-baseline-unpooled-one-shot-encode-records-1m-memory.log
8,36,baseline,encode-records-1m-memory,encodeRecords1mMemory,encode,records-1m,memory,pooled-steady-state,7.084692,raw/baseline/run-08/pooled-steady-state-encode-records-1m-memory,logs/run-08-36-baseline-pooled-steady-state-encode-records-1m-memory.log
8,37,baseline,encode-records-64k-counting,encodeRecords64kCounting,encode,records-64k,counting,unpooled-one-shot,9.293008,raw/baseline/run-08/unpooled-one-shot-encode-records-64k-counting,logs/run-08-37-baseline-unpooled-one-shot-encode-records-64k-counting.log
8,38,baseline,encode-records-64k-counting,encodeRecords64kCounting,encode,records-64k,counting,pooled-steady-state,9.437427,raw/baseline/run-08/pooled-steady-state-encode-records-64k-counting,logs/run-08-38-baseline-pooled-steady-state-encode-records-64k-counting.log
8,39,candidate,encode-records-64k-counting,encodeRecords64kCounting,encode,records-64k,counting,pooled-steady-state,9.454934,raw/candidate/run-08/pooled-steady-state-encode-records-64k-counting,logs/run-08-39-candidate-pooled-steady-state-encode-records-64k-counting.log
8,40,candidate,encode-records-64k-counting,encodeRecords64kCounting,encode,records-64k,counting,unpooled-one-shot,9.442336,raw/candidate/run-08/unpooled-one-shot-encode-records-64k-counting,logs/run-08-40-candidate-unpooled-one-shot-encode-records-64k-counting.log
8,41,candidate,encode-records-64k-memory,encodeRecords64kMemory,encode,records-64k,memory,pooled-steady-state,8.010842,raw/candidate/run-08/pooled-steady-state-encode-records-64k-memory,logs/run-08-41-candidate-pooled-steady-state-encode-records-64k-memory.log
8,42,candidate,encode-records-64k-memory,encodeRecords64kMemory,encode,records-64k,memory,unpooled-one-shot,8.120862,raw/candidate/run-08/unpooled-one-shot-encode-records-64k-memory,logs/run-08-42-candidate-unpooled-one-shot-encode-records-64k-memory.log
8,43,baseline,encode-records-64k-memory,encodeRecords64kMemory,encode,records-64k,memory,unpooled-one-shot,8.149280,raw/baseline/run-08/unpooled-one-shot-encode-records-64k-memory,logs/run-08-43-baseline-unpooled-one-shot-encode-records-64k-memory.log
8,44,baseline,encode-records-64k-memory,encodeRecords64kMemory,encode,records-64k,memory,pooled-steady-state,5.724848,raw/baseline/run-08/pooled-steady-state-encode-records-64k-memory,logs/run-08-44-baseline-pooled-steady-state-encode-records-64k-memory.log
8,45,baseline,encode-person-counting,encodePersonCounting,encode,person,counting,unpooled-one-shot,9.990613,raw/baseline/run-08/unpooled-one-shot-encode-person-counting,logs/run-08-45-baseline-unpooled-one-shot-encode-person-counting.log
8,46,baseline,encode-person-counting,encodePersonCounting,encode,person,counting,pooled-steady-state,9.616951,raw/baseline/run-08/pooled-steady-state-encode-person-counting,logs/run-08-46-baseline-pooled-steady-state-encode-person-counting.log
8,47,candidate,encode-person-counting,encodePersonCounting,encode,person,counting,pooled-steady-state,9.206956,raw/candidate/run-08/pooled-steady-state-encode-person-counting,logs/run-08-47-candidate-pooled-steady-state-encode-person-counting.log
8,48,candidate,encode-person-counting,encodePersonCounting,encode,person,counting,unpooled-one-shot,8.436379,raw/candidate/run-08/unpooled-one-shot-encode-person-counting,logs/run-08-48-candidate-unpooled-one-shot-encode-person-counting.log
8,49,candidate,encode-person-memory,encodePersonMemory,encode,person,memory,pooled-steady-state,8.831657,raw/candidate/run-08/pooled-steady-state-encode-person-memory,logs/run-08-49-candidate-pooled-steady-state-encode-person-memory.log
8,50,candidate,encode-person-memory,encodePersonMemory,encode,person,memory,unpooled-one-shot,10.516300,raw/candidate/run-08/unpooled-one-shot-encode-person-memory,logs/run-08-50-candidate-unpooled-one-shot-encode-person-memory.log
8,51,baseline,encode-person-memory,encodePersonMemory,encode,person,memory,unpooled-one-shot,9.552548,raw/baseline/run-08/unpooled-one-shot-encode-person-memory,logs/run-08-51-baseline-unpooled-one-shot-encode-person-memory.log
8,52,baseline,encode-person-memory,encodePersonMemory,encode,person,memory,pooled-steady-state,1.503522,raw/baseline/run-08/pooled-steady-state-encode-person-memory,logs/run-08-52-baseline-pooled-steady-state-encode-person-memory.log
8,53,baseline,decode-records-1m-chunk-random,decodeRecords1mChunkRandom,decode,records-1m,chunk-random,unpooled-one-shot,6.385842,raw/baseline/run-08/unpooled-one-shot-decode-records-1m-chunk-random,logs/run-08-53-baseline-unpooled-one-shot-decode-records-1m-chunk-random.log
8,54,baseline,decode-records-1m-chunk-random,decodeRecords1mChunkRandom,decode,records-1m,chunk-random,pooled-steady-state,6.383530,raw/baseline/run-08/pooled-steady-state-decode-records-1m-chunk-random,logs/run-08-54-baseline-pooled-steady-state-decode-records-1m-chunk-random.log
8,55,candidate,decode-records-1m-chunk-random,decodeRecords1mChunkRandom,decode,records-1m,chunk-random,pooled-steady-state,8.540525,raw/candidate/run-08/pooled-steady-state-decode-records-1m-chunk-random,logs/run-08-55-candidate-pooled-steady-state-decode-records-1m-chunk-random.log
8,56,candidate,decode-records-1m-chunk-random,decodeRecords1mChunkRandom,decode,records-1m,chunk-random,unpooled-one-shot,8.749594,raw/candidate/run-08/unpooled-one-shot-decode-records-1m-chunk-random,logs/run-08-56-candidate-unpooled-one-shot-decode-records-1m-chunk-random.log
8,57,candidate,decode-records-1m-chunk-4k,decodeRecords1mChunk4k,decode,records-1m,chunk-4k,pooled-steady-state,8.551637,raw/candidate/run-08/pooled-steady-state-decode-records-1m-chunk-4k,logs/run-08-57-candidate-pooled-steady-state-decode-records-1m-chunk-4k.log
8,58,candidate,decode-records-1m-chunk-4k,decodeRecords1mChunk4k,decode,records-1m,chunk-4k,unpooled-one-shot,5.953866,raw/candidate/run-08/unpooled-one-shot-decode-records-1m-chunk-4k,logs/run-08-58-candidate-unpooled-one-shot-decode-records-1m-chunk-4k.log
8,59,baseline,decode-records-1m-chunk-4k,decodeRecords1mChunk4k,decode,records-1m,chunk-4k,unpooled-one-shot,6.555952,raw/baseline/run-08/unpooled-one-shot-decode-records-1m-chunk-4k,logs/run-08-59-baseline-unpooled-one-shot-decode-records-1m-chunk-4k.log
8,60,baseline,decode-records-1m-chunk-4k,decodeRecords1mChunk4k,decode,records-1m,chunk-4k,pooled-steady-state,6.337266,raw/baseline/run-08/pooled-steady-state-decode-records-1m-chunk-4k,logs/run-08-60-baseline-pooled-steady-state-decode-records-1m-chunk-4k.log
9,1,baseline,decode-records-1m-chunk-random,decodeRecords1mChunkRandom,decode,records-1m,chunk-random,unpooled-one-shot,6.334414,raw/baseline/run-09/unpooled-one-shot-decode-records-1m-chunk-random,logs/run-09-01-baseline-unpooled-one-shot-decode-records-1m-chunk-random.log
9,2,baseline,decode-records-1m-chunk-random,decodeRecords1mChunkRandom,decode,records-1m,chunk-random,pooled-steady-state,6.588140,raw/baseline/run-09/pooled-steady-state-decode-records-1m-chunk-random,logs/run-09-02-baseline-pooled-steady-state-decode-records-1m-chunk-random.log
9,3,candidate,decode-records-1m-chunk-random,decodeRecords1mChunkRandom,decode,records-1m,chunk-random,pooled-steady-state,8.489334,raw/candidate/run-09/pooled-steady-state-decode-records-1m-chunk-random,logs/run-09-03-candidate-pooled-steady-state-decode-records-1m-chunk-random.log
9,4,candidate,decode-records-1m-chunk-random,decodeRecords1mChunkRandom,decode,records-1m,chunk-random,unpooled-one-shot,8.513072,raw/candidate/run-09/unpooled-one-shot-decode-records-1m-chunk-random,logs/run-09-04-candidate-unpooled-one-shot-decode-records-1m-chunk-random.log
9,5,candidate,encode-person-memory,encodePersonMemory,encode,person,memory,pooled-steady-state,8.037018,raw/candidate/run-09/pooled-steady-state-encode-person-memory,logs/run-09-05-candidate-pooled-steady-state-encode-person-memory.log
9,6,candidate,encode-person-memory,encodePersonMemory,encode,person,memory,unpooled-one-shot,7.996011,raw/candidate/run-09/unpooled-one-shot-encode-person-memory,logs/run-09-06-candidate-unpooled-one-shot-encode-person-memory.log
9,7,baseline,encode-person-memory,encodePersonMemory,encode,person,memory,unpooled-one-shot,9.017984,raw/baseline/run-09/unpooled-one-shot-encode-person-memory,logs/run-09-07-baseline-unpooled-one-shot-encode-person-memory.log
9,8,baseline,encode-person-memory,encodePersonMemory,encode,person,memory,pooled-steady-state,9.723632,raw/baseline/run-09/pooled-steady-state-encode-person-memory,logs/run-09-08-baseline-pooled-steady-state-encode-person-memory.log
9,9,baseline,encode-person-counting,encodePersonCounting,encode,person,counting,unpooled-one-shot,9.493912,raw/baseline/run-09/unpooled-one-shot-encode-person-counting,logs/run-09-09-baseline-unpooled-one-shot-encode-person-counting.log
9,10,baseline,encode-person-counting,encodePersonCounting,encode,person,counting,pooled-steady-state,1.425832,raw/baseline/run-09/pooled-steady-state-encode-person-counting,logs/run-09-10-baseline-pooled-steady-state-encode-person-counting.log
9,11,candidate,encode-person-counting,encodePersonCounting,encode,person,counting,pooled-steady-state,1.412206,raw/candidate/run-09/pooled-steady-state-encode-person-counting,logs/run-09-11-candidate-pooled-steady-state-encode-person-counting.log
9,12,candidate,encode-person-counting,encodePersonCounting,encode,person,counting,unpooled-one-shot,8.701071,raw/candidate/run-09/unpooled-one-shot-encode-person-counting,logs/run-09-12-candidate-unpooled-one-shot-encode-person-counting.log
9,13,candidate,encode-records-64k-memory,encodeRecords64kMemory,encode,records-64k,memory,pooled-steady-state,8.137311,raw/candidate/run-09/pooled-steady-state-encode-records-64k-memory,logs/run-09-13-candidate-pooled-steady-state-encode-records-64k-memory.log
9,14,candidate,encode-records-64k-memory,encodeRecords64kMemory,encode,records-64k,memory,unpooled-one-shot,2.006593,raw/candidate/run-09/unpooled-one-shot-encode-records-64k-memory,logs/run-09-14-candidate-unpooled-one-shot-encode-records-64k-memory.log
9,15,baseline,encode-records-64k-memory,encodeRecords64kMemory,encode,records-64k,memory,unpooled-one-shot,8.577496,raw/baseline/run-09/unpooled-one-shot-encode-records-64k-memory,logs/run-09-15-baseline-unpooled-one-shot-encode-records-64k-memory.log
9,16,baseline,encode-records-64k-memory,encodeRecords64kMemory,encode,records-64k,memory,pooled-steady-state,8.520721,raw/baseline/run-09/pooled-steady-state-encode-records-64k-memory,logs/run-09-16-baseline-pooled-steady-state-encode-records-64k-memory.log
9,17,baseline,encode-records-64k-counting,encodeRecords64kCounting,encode,records-64k,counting,unpooled-one-shot,9.302979,raw/baseline/run-09/unpooled-one-shot-encode-records-64k-counting,logs/run-09-17-baseline-unpooled-one-shot-encode-records-64k-counting.log
9,18,baseline,encode-records-64k-counting,encodeRecords64kCounting,encode,records-64k,counting,pooled-steady-state,9.374238,raw/baseline/run-09/pooled-steady-state-encode-records-64k-counting,logs/run-09-18-baseline-pooled-steady-state-encode-records-64k-counting.log
9,19,candidate,encode-records-64k-counting,encodeRecords64kCounting,encode,records-64k,counting,pooled-steady-state,4.341313,raw/candidate/run-09/pooled-steady-state-encode-records-64k-counting,logs/run-09-19-candidate-pooled-steady-state-encode-records-64k-counting.log
9,20,candidate,encode-records-64k-counting,encodeRecords64kCounting,encode,records-64k,counting,unpooled-one-shot,2.097838,raw/candidate/run-09/unpooled-one-shot-encode-records-64k-counting,logs/run-09-20-candidate-unpooled-one-shot-encode-records-64k-counting.log
9,21,candidate,encode-records-1m-memory,encodeRecords1mMemory,encode,records-1m,memory,pooled-steady-state,6.872911,raw/candidate/run-09/pooled-steady-state-encode-records-1m-memory,logs/run-09-21-candidate-pooled-steady-state-encode-records-1m-memory.log
9,22,candidate,encode-records-1m-memory,encodeRecords1mMemory,encode,records-1m,memory,unpooled-one-shot,7.004922,raw/candidate/run-09/unpooled-one-shot-encode-records-1m-memory,logs/run-09-22-candidate-unpooled-one-shot-encode-records-1m-memory.log
9,23,baseline,encode-records-1m-memory,encodeRecords1mMemory,encode,records-1m,memory,unpooled-one-shot,6.711385,raw/baseline/run-09/unpooled-one-shot-encode-records-1m-memory,logs/run-09-23-baseline-unpooled-one-shot-encode-records-1m-memory.log
9,24,baseline,encode-records-1m-memory,encodeRecords1mMemory,encode,records-1m,memory,pooled-steady-state,6.829300,raw/baseline/run-09/pooled-steady-state-encode-records-1m-memory,logs/run-09-24-baseline-pooled-steady-state-encode-records-1m-memory.log
9,25,baseline,encode-records-1m-counting,encodeRecords1mCounting,encode,records-1m,counting,unpooled-one-shot,6.687301,raw/baseline/run-09/unpooled-one-shot-encode-records-1m-counting,logs/run-09-25-baseline-unpooled-one-shot-encode-records-1m-counting.log
9,26,baseline,encode-records-1m-counting,encodeRecords1mCounting,encode,records-1m,counting,pooled-steady-state,6.875292,raw/baseline/run-09/pooled-steady-state-encode-records-1m-counting,logs/run-09-26-baseline-pooled-steady-state-encode-records-1m-counting.log
9,27,candidate,encode-records-1m-counting,encodeRecords1mCounting,encode,records-1m,counting,pooled-steady-state,6.382668,raw/candidate/run-09/pooled-steady-state-encode-records-1m-counting,logs/run-09-27-candidate-pooled-steady-state-encode-records-1m-counting.log
9,28,candidate,encode-records-1m-counting,encodeRecords1mCounting,encode,records-1m,counting,unpooled-one-shot,6.547355,raw/candidate/run-09/unpooled-one-shot-encode-records-1m-counting,logs/run-09-28-candidate-unpooled-one-shot-encode-records-1m-counting.log
9,29,candidate,decode-person-chunk-64,decodePersonChunk64,decode,person,chunk-64,pooled-steady-state,9.767468,raw/candidate/run-09/pooled-steady-state-decode-person-chunk-64,logs/run-09-29-candidate-pooled-steady-state-decode-person-chunk-64.log
9,30,candidate,decode-person-chunk-64,decodePersonChunk64,decode,person,chunk-64,unpooled-one-shot,9.028453,raw/candidate/run-09/unpooled-one-shot-decode-person-chunk-64,logs/run-09-30-candidate-unpooled-one-shot-decode-person-chunk-64.log
9,31,baseline,decode-person-chunk-64,decodePersonChunk64,decode,person,chunk-64,unpooled-one-shot,11.132662,raw/baseline/run-09/unpooled-one-shot-decode-person-chunk-64,logs/run-09-31-baseline-unpooled-one-shot-decode-person-chunk-64.log
9,32,baseline,decode-person-chunk-64,decodePersonChunk64,decode,person,chunk-64,pooled-steady-state,11.797226,raw/baseline/run-09/pooled-steady-state-decode-person-chunk-64,logs/run-09-32-baseline-pooled-steady-state-decode-person-chunk-64.log
9,33,baseline,decode-person-chunk-4k,decodePersonChunk4k,decode,person,chunk-4k,unpooled-one-shot,12.086923,raw/baseline/run-09/unpooled-one-shot-decode-person-chunk-4k,logs/run-09-33-baseline-unpooled-one-shot-decode-person-chunk-4k.log
9,34,baseline,decode-person-chunk-4k,decodePersonChunk4k,decode,person,chunk-4k,pooled-steady-state,11.930894,raw/baseline/run-09/pooled-steady-state-decode-person-chunk-4k,logs/run-09-34-baseline-pooled-steady-state-decode-person-chunk-4k.log
9,35,candidate,decode-person-chunk-4k,decodePersonChunk4k,decode,person,chunk-4k,pooled-steady-state,9.808045,raw/candidate/run-09/pooled-steady-state-decode-person-chunk-4k,logs/run-09-35-candidate-pooled-steady-state-decode-person-chunk-4k.log
9,36,candidate,decode-person-chunk-4k,decodePersonChunk4k,decode,person,chunk-4k,unpooled-one-shot,10.054361,raw/candidate/run-09/unpooled-one-shot-decode-person-chunk-4k,logs/run-09-36-candidate-unpooled-one-shot-decode-person-chunk-4k.log
9,37,candidate,decode-person-chunk-random,decodePersonChunkRandom,decode,person,chunk-random,pooled-steady-state,9.443390,raw/candidate/run-09/pooled-steady-state-decode-person-chunk-random,logs/run-09-37-candidate-pooled-steady-state-decode-person-chunk-random.log
9,38,candidate,decode-person-chunk-random,decodePersonChunkRandom,decode,person,chunk-random,unpooled-one-shot,9.530629,raw/candidate/run-09/unpooled-one-shot-decode-person-chunk-random,logs/run-09-38-candidate-unpooled-one-shot-decode-person-chunk-random.log
9,39,baseline,decode-person-chunk-random,decodePersonChunkRandom,decode,person,chunk-random,unpooled-one-shot,10.150746,raw/baseline/run-09/unpooled-one-shot-decode-person-chunk-random,logs/run-09-39-baseline-unpooled-one-shot-decode-person-chunk-random.log
9,40,baseline,decode-person-chunk-random,decodePersonChunkRandom,decode,person,chunk-random,pooled-steady-state,11.353182,raw/baseline/run-09/pooled-steady-state-decode-person-chunk-random,logs/run-09-40-baseline-pooled-steady-state-decode-person-chunk-random.log
9,41,baseline,decode-records-64k-chunk-64,decodeRecords64kChunk64,decode,records-64k,chunk-64,unpooled-one-shot,6.778575,raw/baseline/run-09/unpooled-one-shot-decode-records-64k-chunk-64,logs/run-09-41-baseline-unpooled-one-shot-decode-records-64k-chunk-64.log
9,42,baseline,decode-records-64k-chunk-64,decodeRecords64kChunk64,decode,records-64k,chunk-64,pooled-steady-state,6.612629,raw/baseline/run-09/pooled-steady-state-decode-records-64k-chunk-64,logs/run-09-42-baseline-pooled-steady-state-decode-records-64k-chunk-64.log
9,43,candidate,decode-records-64k-chunk-64,decodeRecords64kChunk64,decode,records-64k,chunk-64,pooled-steady-state,7.664172,raw/candidate/run-09/pooled-steady-state-decode-records-64k-chunk-64,logs/run-09-43-candidate-pooled-steady-state-decode-records-64k-chunk-64.log
9,44,candidate,decode-records-64k-chunk-64,decodeRecords64kChunk64,decode,records-64k,chunk-64,unpooled-one-shot,7.816418,raw/candidate/run-09/unpooled-one-shot-decode-records-64k-chunk-64,logs/run-09-44-candidate-unpooled-one-shot-decode-records-64k-chunk-64.log
9,45,candidate,decode-records-64k-chunk-4k,decodeRecords64kChunk4k,decode,records-64k,chunk-4k,pooled-steady-state,3.461140,raw/candidate/run-09/pooled-steady-state-decode-records-64k-chunk-4k,logs/run-09-45-candidate-pooled-steady-state-decode-records-64k-chunk-4k.log
9,46,candidate,decode-records-64k-chunk-4k,decodeRecords64kChunk4k,decode,records-64k,chunk-4k,unpooled-one-shot,8.127278,raw/candidate/run-09/unpooled-one-shot-decode-records-64k-chunk-4k,logs/run-09-46-candidate-unpooled-one-shot-decode-records-64k-chunk-4k.log
9,47,baseline,decode-records-64k-chunk-4k,decodeRecords64kChunk4k,decode,records-64k,chunk-4k,unpooled-one-shot,6.648042,raw/baseline/run-09/unpooled-one-shot-decode-records-64k-chunk-4k,logs/run-09-47-baseline-unpooled-one-shot-decode-records-64k-chunk-4k.log
9,48,baseline,decode-records-64k-chunk-4k,decodeRecords64kChunk4k,decode,records-64k,chunk-4k,pooled-steady-state,6.956801,raw/baseline/run-09/pooled-steady-state-decode-records-64k-chunk-4k,logs/run-09-48-baseline-pooled-steady-state-decode-records-64k-chunk-4k.log
9,49,baseline,decode-records-64k-chunk-random,decodeRecords64kChunkRandom,decode,records-64k,chunk-random,unpooled-one-shot,6.725694,raw/baseline/run-09/unpooled-one-shot-decode-records-64k-chunk-random,logs/run-09-49-baseline-unpooled-one-shot-decode-records-64k-chunk-random.log
9,50,baseline,decode-records-64k-chunk-random,decodeRecords64kChunkRandom,decode,records-64k,chunk-random,pooled-steady-state,6.617549,raw/baseline/run-09/pooled-steady-state-decode-records-64k-chunk-random,logs/run-09-50-baseline-pooled-steady-state-decode-records-64k-chunk-random.log
9,51,candidate,decode-records-64k-chunk-random,decodeRecords64kChunkRandom,decode,records-64k,chunk-random,pooled-steady-state,8.159792,raw/candidate/run-09/pooled-steady-state-decode-records-64k-chunk-random,logs/run-09-51-candidate-pooled-steady-state-decode-records-64k-chunk-random.log
9,52,candidate,decode-records-64k-chunk-random,decodeRecords64kChunkRandom,decode,records-64k,chunk-random,unpooled-one-shot,8.039666,raw/candidate/run-09/unpooled-one-shot-decode-records-64k-chunk-random,logs/run-09-52-candidate-unpooled-one-shot-decode-records-64k-chunk-random.log
9,53,candidate,decode-records-1m-chunk-64,decodeRecords1mChunk64,decode,records-1m,chunk-64,pooled-steady-state,7.320502,raw/candidate/run-09/pooled-steady-state-decode-records-1m-chunk-64,logs/run-09-53-candidate-pooled-steady-state-decode-records-1m-chunk-64.log
9,54,candidate,decode-records-1m-chunk-64,decodeRecords1mChunk64,decode,records-1m,chunk-64,unpooled-one-shot,5.498213,raw/candidate/run-09/unpooled-one-shot-decode-records-1m-chunk-64,logs/run-09-54-candidate-unpooled-one-shot-decode-records-1m-chunk-64.log
9,55,baseline,decode-records-1m-chunk-64,decodeRecords1mChunk64,decode,records-1m,chunk-64,unpooled-one-shot,6.540516,raw/baseline/run-09/unpooled-one-shot-decode-records-1m-chunk-64,logs/run-09-55-baseline-unpooled-one-shot-decode-records-1m-chunk-64.log
9,56,baseline,decode-records-1m-chunk-64,decodeRecords1mChunk64,decode,records-1m,chunk-64,pooled-steady-state,6.533674,raw/baseline/run-09/pooled-steady-state-decode-records-1m-chunk-64,logs/run-09-56-baseline-pooled-steady-state-decode-records-1m-chunk-64.log
9,57,baseline,decode-records-1m-chunk-4k,decodeRecords1mChunk4k,decode,records-1m,chunk-4k,unpooled-one-shot,6.437625,raw/baseline/run-09/unpooled-one-shot-decode-records-1m-chunk-4k,logs/run-09-57-baseline-unpooled-one-shot-decode-records-1m-chunk-4k.log
9,58,baseline,decode-records-1m-chunk-4k,decodeRecords1mChunk4k,decode,records-1m,chunk-4k,pooled-steady-state,6.406737,raw/baseline/run-09/pooled-steady-state-decode-records-1m-chunk-4k,logs/run-09-58-baseline-pooled-steady-state-decode-records-1m-chunk-4k.log
9,59,candidate,decode-records-1m-chunk-4k,decodeRecords1mChunk4k,decode,records-1m,chunk-4k,pooled-steady-state,8.595807,raw/candidate/run-09/pooled-steady-state-decode-records-1m-chunk-4k,logs/run-09-59-candidate-pooled-steady-state-decode-records-1m-chunk-4k.log
9,60,candidate,decode-records-1m-chunk-4k,decodeRecords1mChunk4k,decode,records-1m,chunk-4k,unpooled-one-shot,8.649986,raw/candidate/run-09/unpooled-one-shot-decode-records-1m-chunk-4k,logs/run-09-60-candidate-unpooled-one-shot-decode-records-1m-chunk-4k.log
10,1,candidate,decode-records-1m-chunk-random,decodeRecords1mChunkRandom,decode,records-1m,chunk-random,pooled-steady-state,8.831803,raw/candidate/run-10/pooled-steady-state-decode-records-1m-chunk-random,logs/run-10-01-candidate-pooled-steady-state-decode-records-1m-chunk-random.log
10,2,candidate,decode-records-1m-chunk-random,decodeRecords1mChunkRandom,decode,records-1m,chunk-random,unpooled-one-shot,8.531704,raw/candidate/run-10/unpooled-one-shot-decode-records-1m-chunk-random,logs/run-10-02-candidate-unpooled-one-shot-decode-records-1m-chunk-random.log
10,3,baseline,decode-records-1m-chunk-random,decodeRecords1mChunkRandom,decode,records-1m,chunk-random,unpooled-one-shot,6.463926,raw/baseline/run-10/unpooled-one-shot-decode-records-1m-chunk-random,logs/run-10-03-baseline-unpooled-one-shot-decode-records-1m-chunk-random.log
10,4,baseline,decode-records-1m-chunk-random,decodeRecords1mChunkRandom,decode,records-1m,chunk-random,pooled-steady-state,6.538517,raw/baseline/run-10/pooled-steady-state-decode-records-1m-chunk-random,logs/run-10-04-baseline-pooled-steady-state-decode-records-1m-chunk-random.log
10,5,baseline,decode-records-1m-chunk-4k,decodeRecords1mChunk4k,decode,records-1m,chunk-4k,unpooled-one-shot,6.518698,raw/baseline/run-10/unpooled-one-shot-decode-records-1m-chunk-4k,logs/run-10-05-baseline-unpooled-one-shot-decode-records-1m-chunk-4k.log
10,6,baseline,decode-records-1m-chunk-4k,decodeRecords1mChunk4k,decode,records-1m,chunk-4k,pooled-steady-state,6.595482,raw/baseline/run-10/pooled-steady-state-decode-records-1m-chunk-4k,logs/run-10-06-baseline-pooled-steady-state-decode-records-1m-chunk-4k.log
10,7,candidate,decode-records-1m-chunk-4k,decodeRecords1mChunk4k,decode,records-1m,chunk-4k,pooled-steady-state,8.582295,raw/candidate/run-10/pooled-steady-state-decode-records-1m-chunk-4k,logs/run-10-07-candidate-pooled-steady-state-decode-records-1m-chunk-4k.log
10,8,candidate,decode-records-1m-chunk-4k,decodeRecords1mChunk4k,decode,records-1m,chunk-4k,unpooled-one-shot,8.461566,raw/candidate/run-10/unpooled-one-shot-decode-records-1m-chunk-4k,logs/run-10-08-candidate-unpooled-one-shot-decode-records-1m-chunk-4k.log
10,9,candidate,decode-records-1m-chunk-64,decodeRecords1mChunk64,decode,records-1m,chunk-64,pooled-steady-state,5.609552,raw/candidate/run-10/pooled-steady-state-decode-records-1m-chunk-64,logs/run-10-09-candidate-pooled-steady-state-decode-records-1m-chunk-64.log
10,10,candidate,decode-records-1m-chunk-64,decodeRecords1mChunk64,decode,records-1m,chunk-64,unpooled-one-shot,6.535797,raw/candidate/run-10/unpooled-one-shot-decode-records-1m-chunk-64,logs/run-10-10-candidate-unpooled-one-shot-decode-records-1m-chunk-64.log
10,11,baseline,decode-records-1m-chunk-64,decodeRecords1mChunk64,decode,records-1m,chunk-64,unpooled-one-shot,6.525344,raw/baseline/run-10/unpooled-one-shot-decode-records-1m-chunk-64,logs/run-10-11-baseline-unpooled-one-shot-decode-records-1m-chunk-64.log
10,12,baseline,decode-records-1m-chunk-64,decodeRecords1mChunk64,decode,records-1m,chunk-64,pooled-steady-state,6.566230,raw/baseline/run-10/pooled-steady-state-decode-records-1m-chunk-64,logs/run-10-12-baseline-pooled-steady-state-decode-records-1m-chunk-64.log
10,13,baseline,decode-records-64k-chunk-random,decodeRecords64kChunkRandom,decode,records-64k,chunk-random,unpooled-one-shot,7.091111,raw/baseline/run-10/unpooled-one-shot-decode-records-64k-chunk-random,logs/run-10-13-baseline-unpooled-one-shot-decode-records-64k-chunk-random.log
10,14,baseline,decode-records-64k-chunk-random,decodeRecords64kChunkRandom,decode,records-64k,chunk-random,pooled-steady-state,6.929429,raw/baseline/run-10/pooled-steady-state-decode-records-64k-chunk-random,logs/run-10-14-baseline-pooled-steady-state-decode-records-64k-chunk-random.log
10,15,candidate,decode-records-64k-chunk-random,decodeRecords64kChunkRandom,decode,records-64k,chunk-random,pooled-steady-state,8.080881,raw/candidate/run-10/pooled-steady-state-decode-records-64k-chunk-random,logs/run-10-15-candidate-pooled-steady-state-decode-records-64k-chunk-random.log
10,16,candidate,decode-records-64k-chunk-random,decodeRecords64kChunkRandom,decode,records-64k,chunk-random,unpooled-one-shot,7.888601,raw/candidate/run-10/unpooled-one-shot-decode-records-64k-chunk-random,logs/run-10-16-candidate-unpooled-one-shot-decode-records-64k-chunk-random.log
10,17,candidate,decode-records-64k-chunk-4k,decodeRecords64kChunk4k,decode,records-64k,chunk-4k,pooled-steady-state,8.095868,raw/candidate/run-10/pooled-steady-state-decode-records-64k-chunk-4k,logs/run-10-17-candidate-pooled-steady-state-decode-records-64k-chunk-4k.log
10,18,candidate,decode-records-64k-chunk-4k,decodeRecords64kChunk4k,decode,records-64k,chunk-4k,unpooled-one-shot,8.224626,raw/candidate/run-10/unpooled-one-shot-decode-records-64k-chunk-4k,logs/run-10-18-candidate-unpooled-one-shot-decode-records-64k-chunk-4k.log
10,19,baseline,decode-records-64k-chunk-4k,decodeRecords64kChunk4k,decode,records-64k,chunk-4k,unpooled-one-shot,6.660596,raw/baseline/run-10/unpooled-one-shot-decode-records-64k-chunk-4k,logs/run-10-19-baseline-unpooled-one-shot-decode-records-64k-chunk-4k.log
10,20,baseline,decode-records-64k-chunk-4k,decodeRecords64kChunk4k,decode,records-64k,chunk-4k,pooled-steady-state,6.556884,raw/baseline/run-10/pooled-steady-state-decode-records-64k-chunk-4k,logs/run-10-20-baseline-pooled-steady-state-decode-records-64k-chunk-4k.log
10,21,baseline,decode-records-64k-chunk-64,decodeRecords64kChunk64,decode,records-64k,chunk-64,unpooled-one-shot,6.535694,raw/baseline/run-10/unpooled-one-shot-decode-records-64k-chunk-64,logs/run-10-21-baseline-unpooled-one-shot-decode-records-64k-chunk-64.log
10,22,baseline,decode-records-64k-chunk-64,decodeRecords64kChunk64,decode,records-64k,chunk-64,pooled-steady-state,6.488219,raw/baseline/run-10/pooled-steady-state-decode-records-64k-chunk-64,logs/run-10-22-baseline-pooled-steady-state-decode-records-64k-chunk-64.log
10,23,candidate,decode-records-64k-chunk-64,decodeRecords64kChunk64,decode,records-64k,chunk-64,pooled-steady-state,7.575472,raw/candidate/run-10/pooled-steady-state-decode-records-64k-chunk-64,logs/run-10-23-candidate-pooled-steady-state-decode-records-64k-chunk-64.log
10,24,candidate,decode-records-64k-chunk-64,decodeRecords64kChunk64,decode,records-64k,chunk-64,unpooled-one-shot,7.690486,raw/candidate/run-10/unpooled-one-shot-decode-records-64k-chunk-64,logs/run-10-24-candidate-unpooled-one-shot-decode-records-64k-chunk-64.log
10,25,candidate,decode-person-chunk-random,decodePersonChunkRandom,decode,person,chunk-random,pooled-steady-state,9.792142,raw/candidate/run-10/pooled-steady-state-decode-person-chunk-random,logs/run-10-25-candidate-pooled-steady-state-decode-person-chunk-random.log
10,26,candidate,decode-person-chunk-random,decodePersonChunkRandom,decode,person,chunk-random,unpooled-one-shot,1.320933,raw/candidate/run-10/unpooled-one-shot-decode-person-chunk-random,logs/run-10-26-candidate-unpooled-one-shot-decode-person-chunk-random.log
10,27,baseline,decode-person-chunk-random,decodePersonChunkRandom,decode,person,chunk-random,unpooled-one-shot,11.671399,raw/baseline/run-10/unpooled-one-shot-decode-person-chunk-random,logs/run-10-27-baseline-unpooled-one-shot-decode-person-chunk-random.log
10,28,baseline,decode-person-chunk-random,decodePersonChunkRandom,decode,person,chunk-random,pooled-steady-state,10.149354,raw/baseline/run-10/pooled-steady-state-decode-person-chunk-random,logs/run-10-28-baseline-pooled-steady-state-decode-person-chunk-random.log
10,29,baseline,decode-person-chunk-4k,decodePersonChunk4k,decode,person,chunk-4k,unpooled-one-shot,10.345392,raw/baseline/run-10/unpooled-one-shot-decode-person-chunk-4k,logs/run-10-29-baseline-unpooled-one-shot-decode-person-chunk-4k.log
10,30,baseline,decode-person-chunk-4k,decodePersonChunk4k,decode,person,chunk-4k,pooled-steady-state,11.052296,raw/baseline/run-10/pooled-steady-state-decode-person-chunk-4k,logs/run-10-30-baseline-pooled-steady-state-decode-person-chunk-4k.log
10,31,candidate,decode-person-chunk-4k,decodePersonChunk4k,decode,person,chunk-4k,pooled-steady-state,9.938755,raw/candidate/run-10/pooled-steady-state-decode-person-chunk-4k,logs/run-10-31-candidate-pooled-steady-state-decode-person-chunk-4k.log
10,32,candidate,decode-person-chunk-4k,decodePersonChunk4k,decode,person,chunk-4k,unpooled-one-shot,9.685984,raw/candidate/run-10/unpooled-one-shot-decode-person-chunk-4k,logs/run-10-32-candidate-unpooled-one-shot-decode-person-chunk-4k.log
10,33,candidate,decode-person-chunk-64,decodePersonChunk64,decode,person,chunk-64,pooled-steady-state,9.743263,raw/candidate/run-10/pooled-steady-state-decode-person-chunk-64,logs/run-10-33-candidate-pooled-steady-state-decode-person-chunk-64.log
10,34,candidate,decode-person-chunk-64,decodePersonChunk64,decode,person,chunk-64,unpooled-one-shot,9.724094,raw/candidate/run-10/unpooled-one-shot-decode-person-chunk-64,logs/run-10-34-candidate-unpooled-one-shot-decode-person-chunk-64.log
10,35,baseline,decode-person-chunk-64,decodePersonChunk64,decode,person,chunk-64,unpooled-one-shot,11.671028,raw/baseline/run-10/unpooled-one-shot-decode-person-chunk-64,logs/run-10-35-baseline-unpooled-one-shot-decode-person-chunk-64.log
10,36,baseline,decode-person-chunk-64,decodePersonChunk64,decode,person,chunk-64,pooled-steady-state,10.294094,raw/baseline/run-10/pooled-steady-state-decode-person-chunk-64,logs/run-10-36-baseline-pooled-steady-state-decode-person-chunk-64.log
10,37,baseline,encode-records-1m-counting,encodeRecords1mCounting,encode,records-1m,counting,unpooled-one-shot,6.878946,raw/baseline/run-10/unpooled-one-shot-encode-records-1m-counting,logs/run-10-37-baseline-unpooled-one-shot-encode-records-1m-counting.log
10,38,baseline,encode-records-1m-counting,encodeRecords1mCounting,encode,records-1m,counting,pooled-steady-state,6.587127,raw/baseline/run-10/pooled-steady-state-encode-records-1m-counting,logs/run-10-38-baseline-pooled-steady-state-encode-records-1m-counting.log
10,39,candidate,encode-records-1m-counting,encodeRecords1mCounting,encode,records-1m,counting,pooled-steady-state,6.299048,raw/candidate/run-10/pooled-steady-state-encode-records-1m-counting,logs/run-10-39-candidate-pooled-steady-state-encode-records-1m-counting.log
10,40,candidate,encode-records-1m-counting,encodeRecords1mCounting,encode,records-1m,counting,unpooled-one-shot,6.817383,raw/candidate/run-10/unpooled-one-shot-encode-records-1m-counting,logs/run-10-40-candidate-unpooled-one-shot-encode-records-1m-counting.log
10,41,candidate,encode-records-1m-memory,encodeRecords1mMemory,encode,records-1m,memory,pooled-steady-state,6.895713,raw/candidate/run-10/pooled-steady-state-encode-records-1m-memory,logs/run-10-41-candidate-pooled-steady-state-encode-records-1m-memory.log
10,42,candidate,encode-records-1m-memory,encodeRecords1mMemory,encode,records-1m,memory,unpooled-one-shot,7.302979,raw/candidate/run-10/unpooled-one-shot-encode-records-1m-memory,logs/run-10-42-candidate-unpooled-one-shot-encode-records-1m-memory.log
10,43,baseline,encode-records-1m-memory,encodeRecords1mMemory,encode,records-1m,memory,unpooled-one-shot,6.988512,raw/baseline/run-10/unpooled-one-shot-encode-records-1m-memory,logs/run-10-43-baseline-unpooled-one-shot-encode-records-1m-memory.log
10,44,baseline,encode-records-1m-memory,encodeRecords1mMemory,encode,records-1m,memory,pooled-steady-state,6.386042,raw/baseline/run-10/pooled-steady-state-encode-records-1m-memory,logs/run-10-44-baseline-pooled-steady-state-encode-records-1m-memory.log
10,45,baseline,encode-records-64k-counting,encodeRecords64kCounting,encode,records-64k,counting,unpooled-one-shot,9.444038,raw/baseline/run-10/unpooled-one-shot-encode-records-64k-counting,logs/run-10-45-baseline-unpooled-one-shot-encode-records-64k-counting.log
10,46,baseline,encode-records-64k-counting,encodeRecords64kCounting,encode,records-64k,counting,pooled-steady-state,9.434836,raw/baseline/run-10/pooled-steady-state-encode-records-64k-counting,logs/run-10-46-baseline-pooled-steady-state-encode-records-64k-counting.log
10,47,candidate,encode-records-64k-counting,encodeRecords64kCounting,encode,records-64k,counting,pooled-steady-state,9.419784,raw/candidate/run-10/pooled-steady-state-encode-records-64k-counting,logs/run-10-47-candidate-pooled-steady-state-encode-records-64k-counting.log
10,48,candidate,encode-records-64k-counting,encodeRecords64kCounting,encode,records-64k,counting,unpooled-one-shot,9.559306,raw/candidate/run-10/unpooled-one-shot-encode-records-64k-counting,logs/run-10-48-candidate-unpooled-one-shot-encode-records-64k-counting.log
10,49,candidate,encode-records-64k-memory,encodeRecords64kMemory,encode,records-64k,memory,pooled-steady-state,4.240868,raw/candidate/run-10/pooled-steady-state-encode-records-64k-memory,logs/run-10-49-candidate-pooled-steady-state-encode-records-64k-memory.log
10,50,candidate,encode-records-64k-memory,encodeRecords64kMemory,encode,records-64k,memory,unpooled-one-shot,5.257908,raw/candidate/run-10/unpooled-one-shot-encode-records-64k-memory,logs/run-10-50-candidate-unpooled-one-shot-encode-records-64k-memory.log
10,51,baseline,encode-records-64k-memory,encodeRecords64kMemory,encode,records-64k,memory,unpooled-one-shot,4.477794,raw/baseline/run-10/unpooled-one-shot-encode-records-64k-memory,logs/run-10-51-baseline-unpooled-one-shot-encode-records-64k-memory.log
10,52,baseline,encode-records-64k-memory,encodeRecords64kMemory,encode,records-64k,memory,pooled-steady-state,6.178266,raw/baseline/run-10/pooled-steady-state-encode-records-64k-memory,logs/run-10-52-baseline-pooled-steady-state-encode-records-64k-memory.log
10,53,baseline,encode-person-counting,encodePersonCounting,encode,person,counting,unpooled-one-shot,1.447261,raw/baseline/run-10/unpooled-one-shot-encode-person-counting,logs/run-10-53-baseline-unpooled-one-shot-encode-person-counting.log
10,54,baseline,encode-person-counting,encodePersonCounting,encode,person,counting,pooled-steady-state,1.493120,raw/baseline/run-10/pooled-steady-state-encode-person-counting,logs/run-10-54-baseline-pooled-steady-state-encode-person-counting.log
10,55,candidate,encode-person-counting,encodePersonCounting,encode,person,counting,pooled-steady-state,8.918723,raw/candidate/run-10/pooled-steady-state-encode-person-counting,logs/run-10-55-candidate-pooled-steady-state-encode-person-counting.log
10,56,candidate,encode-person-counting,encodePersonCounting,encode,person,counting,unpooled-one-shot,9.662908,raw/candidate/run-10/unpooled-one-shot-encode-person-counting,logs/run-10-56-candidate-unpooled-one-shot-encode-person-counting.log
10,57,candidate,encode-person-memory,encodePersonMemory,encode,person,memory,pooled-steady-state,1.328694,raw/candidate/run-10/pooled-steady-state-encode-person-memory,logs/run-10-57-candidate-pooled-steady-state-encode-person-memory.log
10,58,candidate,encode-person-memory,encodePersonMemory,encode,person,memory,unpooled-one-shot,9.701933,raw/candidate/run-10/unpooled-one-shot-encode-person-memory,logs/run-10-58-candidate-unpooled-one-shot-encode-person-memory.log
10,59,baseline,encode-person-memory,encodePersonMemory,encode,person,memory,unpooled-one-shot,9.657832,raw/baseline/run-10/unpooled-one-shot-encode-person-memory,logs/run-10-59-baseline-unpooled-one-shot-encode-person-memory.log
10,60,baseline,encode-person-memory,encodePersonMemory,encode,person,memory,pooled-steady-state,9.011178,raw/baseline/run-10/pooled-steady-state-encode-person-memory,logs/run-10-60-baseline-pooled-steady-state-encode-person-memory.log
11,1,baseline,encode-person-counting,encodePersonCounting,encode,person,counting,unpooled-one-shot,1.519169,raw/baseline/run-11/unpooled-one-shot-encode-person-counting,logs/run-11-01-baseline-unpooled-one-shot-encode-person-counting.log
11,2,baseline,encode-person-counting,encodePersonCounting,encode,person,counting,pooled-steady-state,1.508324,raw/baseline/run-11/pooled-steady-state-encode-person-counting,logs/run-11-02-baseline-pooled-steady-state-encode-person-counting.log
11,3,candidate,encode-person-counting,encodePersonCounting,encode,person,counting,pooled-steady-state,8.514636,raw/candidate/run-11/pooled-steady-state-encode-person-counting,logs/run-11-03-candidate-pooled-steady-state-encode-person-counting.log
11,4,candidate,encode-person-counting,encodePersonCounting,encode,person,counting,unpooled-one-shot,11.104390,raw/candidate/run-11/unpooled-one-shot-encode-person-counting,logs/run-11-04-candidate-unpooled-one-shot-encode-person-counting.log
11,5,candidate,encode-records-64k-memory,encodeRecords64kMemory,encode,records-64k,memory,pooled-steady-state,8.132588,raw/candidate/run-11/pooled-steady-state-encode-records-64k-memory,logs/run-11-05-candidate-pooled-steady-state-encode-records-64k-memory.log
11,6,candidate,encode-records-64k-memory,encodeRecords64kMemory,encode,records-64k,memory,unpooled-one-shot,6.572571,raw/candidate/run-11/unpooled-one-shot-encode-records-64k-memory,logs/run-11-06-candidate-unpooled-one-shot-encode-records-64k-memory.log
11,7,baseline,encode-records-64k-memory,encodeRecords64kMemory,encode,records-64k,memory,unpooled-one-shot,8.316590,raw/baseline/run-11/unpooled-one-shot-encode-records-64k-memory,logs/run-11-07-baseline-unpooled-one-shot-encode-records-64k-memory.log
11,8,baseline,encode-records-64k-memory,encodeRecords64kMemory,encode,records-64k,memory,pooled-steady-state,9.033298,raw/baseline/run-11/pooled-steady-state-encode-records-64k-memory,logs/run-11-08-baseline-pooled-steady-state-encode-records-64k-memory.log
11,9,baseline,encode-records-64k-counting,encodeRecords64kCounting,encode,records-64k,counting,unpooled-one-shot,9.474050,raw/baseline/run-11/unpooled-one-shot-encode-records-64k-counting,logs/run-11-09-baseline-unpooled-one-shot-encode-records-64k-counting.log
11,10,baseline,encode-records-64k-counting,encodeRecords64kCounting,encode,records-64k,counting,pooled-steady-state,9.397280,raw/baseline/run-11/pooled-steady-state-encode-records-64k-counting,logs/run-11-10-baseline-pooled-steady-state-encode-records-64k-counting.log
11,11,candidate,encode-records-64k-counting,encodeRecords64kCounting,encode,records-64k,counting,pooled-steady-state,9.419650,raw/candidate/run-11/pooled-steady-state-encode-records-64k-counting,logs/run-11-11-candidate-pooled-steady-state-encode-records-64k-counting.log
11,12,candidate,encode-records-64k-counting,encodeRecords64kCounting,encode,records-64k,counting,unpooled-one-shot,9.483629,raw/candidate/run-11/unpooled-one-shot-encode-records-64k-counting,logs/run-11-12-candidate-unpooled-one-shot-encode-records-64k-counting.log
11,13,candidate,encode-records-1m-memory,encodeRecords1mMemory,encode,records-1m,memory,pooled-steady-state,5.869982,raw/candidate/run-11/pooled-steady-state-encode-records-1m-memory,logs/run-11-13-candidate-pooled-steady-state-encode-records-1m-memory.log
11,14,candidate,encode-records-1m-memory,encodeRecords1mMemory,encode,records-1m,memory,unpooled-one-shot,6.690602,raw/candidate/run-11/unpooled-one-shot-encode-records-1m-memory,logs/run-11-14-candidate-unpooled-one-shot-encode-records-1m-memory.log
11,15,baseline,encode-records-1m-memory,encodeRecords1mMemory,encode,records-1m,memory,unpooled-one-shot,6.751479,raw/baseline/run-11/unpooled-one-shot-encode-records-1m-memory,logs/run-11-15-baseline-unpooled-one-shot-encode-records-1m-memory.log
11,16,baseline,encode-records-1m-memory,encodeRecords1mMemory,encode,records-1m,memory,pooled-steady-state,6.344561,raw/baseline/run-11/pooled-steady-state-encode-records-1m-memory,logs/run-11-16-baseline-pooled-steady-state-encode-records-1m-memory.log
11,17,baseline,encode-records-1m-counting,encodeRecords1mCounting,encode,records-1m,counting,unpooled-one-shot,6.906614,raw/baseline/run-11/unpooled-one-shot-encode-records-1m-counting,logs/run-11-17-baseline-unpooled-one-shot-encode-records-1m-counting.log
11,18,baseline,encode-records-1m-counting,encodeRecords1mCounting,encode,records-1m,counting,pooled-steady-state,6.471425,raw/baseline/run-11/pooled-steady-state-encode-records-1m-counting,logs/run-11-18-baseline-pooled-steady-state-encode-records-1m-counting.log
11,19,candidate,encode-records-1m-counting,encodeRecords1mCounting,encode,records-1m,counting,pooled-steady-state,6.750346,raw/candidate/run-11/pooled-steady-state-encode-records-1m-counting,logs/run-11-19-candidate-pooled-steady-state-encode-records-1m-counting.log
11,20,candidate,encode-records-1m-counting,encodeRecords1mCounting,encode,records-1m,counting,unpooled-one-shot,6.582235,raw/candidate/run-11/unpooled-one-shot-encode-records-1m-counting,logs/run-11-20-candidate-unpooled-one-shot-encode-records-1m-counting.log
11,21,candidate,decode-person-chunk-64,decodePersonChunk64,decode,person,chunk-64,pooled-steady-state,1.270890,raw/candidate/run-11/pooled-steady-state-decode-person-chunk-64,logs/run-11-21-candidate-pooled-steady-state-decode-person-chunk-64.log
11,22,candidate,decode-person-chunk-64,decodePersonChunk64,decode,person,chunk-64,unpooled-one-shot,9.756636,raw/candidate/run-11/unpooled-one-shot-decode-person-chunk-64,logs/run-11-22-candidate-unpooled-one-shot-decode-person-chunk-64.log
11,23,baseline,decode-person-chunk-64,decodePersonChunk64,decode,person,chunk-64,unpooled-one-shot,12.118484,raw/baseline/run-11/unpooled-one-shot-decode-person-chunk-64,logs/run-11-23-baseline-unpooled-one-shot-decode-person-chunk-64.log
11,24,baseline,decode-person-chunk-64,decodePersonChunk64,decode,person,chunk-64,pooled-steady-state,12.068841,raw/baseline/run-11/pooled-steady-state-decode-person-chunk-64,logs/run-11-24-baseline-pooled-steady-state-decode-person-chunk-64.log
11,25,baseline,decode-person-chunk-4k,decodePersonChunk4k,decode,person,chunk-4k,unpooled-one-shot,10.160781,raw/baseline/run-11/unpooled-one-shot-decode-person-chunk-4k,logs/run-11-25-baseline-unpooled-one-shot-decode-person-chunk-4k.log
11,26,baseline,decode-person-chunk-4k,decodePersonChunk4k,decode,person,chunk-4k,pooled-steady-state,11.797469,raw/baseline/run-11/pooled-steady-state-decode-person-chunk-4k,logs/run-11-26-baseline-pooled-steady-state-decode-person-chunk-4k.log
11,27,candidate,decode-person-chunk-4k,decodePersonChunk4k,decode,person,chunk-4k,pooled-steady-state,9.992322,raw/candidate/run-11/pooled-steady-state-decode-person-chunk-4k,logs/run-11-27-candidate-pooled-steady-state-decode-person-chunk-4k.log
11,28,candidate,decode-person-chunk-4k,decodePersonChunk4k,decode,person,chunk-4k,unpooled-one-shot,10.092430,raw/candidate/run-11/unpooled-one-shot-decode-person-chunk-4k,logs/run-11-28-candidate-unpooled-one-shot-decode-person-chunk-4k.log
11,29,candidate,decode-person-chunk-random,decodePersonChunkRandom,decode,person,chunk-random,pooled-steady-state,9.352508,raw/candidate/run-11/pooled-steady-state-decode-person-chunk-random,logs/run-11-29-candidate-pooled-steady-state-decode-person-chunk-random.log
11,30,candidate,decode-person-chunk-random,decodePersonChunkRandom,decode,person,chunk-random,unpooled-one-shot,11.176659,raw/candidate/run-11/unpooled-one-shot-decode-person-chunk-random,logs/run-11-30-candidate-unpooled-one-shot-decode-person-chunk-random.log
11,31,baseline,decode-person-chunk-random,decodePersonChunkRandom,decode,person,chunk-random,unpooled-one-shot,12.114175,raw/baseline/run-11/unpooled-one-shot-decode-person-chunk-random,logs/run-11-31-baseline-unpooled-one-shot-decode-person-chunk-random.log
11,32,baseline,decode-person-chunk-random,decodePersonChunkRandom,decode,person,chunk-random,pooled-steady-state,12.043204,raw/baseline/run-11/pooled-steady-state-decode-person-chunk-random,logs/run-11-32-baseline-pooled-steady-state-decode-person-chunk-random.log
11,33,baseline,decode-records-64k-chunk-64,decodeRecords64kChunk64,decode,records-64k,chunk-64,unpooled-one-shot,6.516802,raw/baseline/run-11/unpooled-one-shot-decode-records-64k-chunk-64,logs/run-11-33-baseline-unpooled-one-shot-decode-records-64k-chunk-64.log
11,34,baseline,decode-records-64k-chunk-64,decodeRecords64kChunk64,decode,records-64k,chunk-64,pooled-steady-state,7.134964,raw/baseline/run-11/pooled-steady-state-decode-records-64k-chunk-64,logs/run-11-34-baseline-pooled-steady-state-decode-records-64k-chunk-64.log
11,35,candidate,decode-records-64k-chunk-64,decodeRecords64kChunk64,decode,records-64k,chunk-64,pooled-steady-state,7.750046,raw/candidate/run-11/pooled-steady-state-decode-records-64k-chunk-64,logs/run-11-35-candidate-pooled-steady-state-decode-records-64k-chunk-64.log
11,36,candidate,decode-records-64k-chunk-64,decodeRecords64kChunk64,decode,records-64k,chunk-64,unpooled-one-shot,7.548503,raw/candidate/run-11/unpooled-one-shot-decode-records-64k-chunk-64,logs/run-11-36-candidate-unpooled-one-shot-decode-records-64k-chunk-64.log
11,37,candidate,decode-records-64k-chunk-4k,decodeRecords64kChunk4k,decode,records-64k,chunk-4k,pooled-steady-state,7.763655,raw/candidate/run-11/pooled-steady-state-decode-records-64k-chunk-4k,logs/run-11-37-candidate-pooled-steady-state-decode-records-64k-chunk-4k.log
11,38,candidate,decode-records-64k-chunk-4k,decodeRecords64kChunk4k,decode,records-64k,chunk-4k,unpooled-one-shot,8.134889,raw/candidate/run-11/unpooled-one-shot-decode-records-64k-chunk-4k,logs/run-11-38-candidate-unpooled-one-shot-decode-records-64k-chunk-4k.log
11,39,baseline,decode-records-64k-chunk-4k,decodeRecords64kChunk4k,decode,records-64k,chunk-4k,unpooled-one-shot,7.428427,raw/baseline/run-11/unpooled-one-shot-decode-records-64k-chunk-4k,logs/run-11-39-baseline-unpooled-one-shot-decode-records-64k-chunk-4k.log
11,40,baseline,decode-records-64k-chunk-4k,decodeRecords64kChunk4k,decode,records-64k,chunk-4k,pooled-steady-state,6.573149,raw/baseline/run-11/pooled-steady-state-decode-records-64k-chunk-4k,logs/run-11-40-baseline-pooled-steady-state-decode-records-64k-chunk-4k.log
11,41,baseline,decode-records-64k-chunk-random,decodeRecords64kChunkRandom,decode,records-64k,chunk-random,unpooled-one-shot,7.097852,raw/baseline/run-11/unpooled-one-shot-decode-records-64k-chunk-random,logs/run-11-41-baseline-unpooled-one-shot-decode-records-64k-chunk-random.log
11,42,baseline,decode-records-64k-chunk-random,decodeRecords64kChunkRandom,decode,records-64k,chunk-random,pooled-steady-state,6.835357,raw/baseline/run-11/pooled-steady-state-decode-records-64k-chunk-random,logs/run-11-42-baseline-pooled-steady-state-decode-records-64k-chunk-random.log
11,43,candidate,decode-records-64k-chunk-random,decodeRecords64kChunkRandom,decode,records-64k,chunk-random,pooled-steady-state,7.937966,raw/candidate/run-11/pooled-steady-state-decode-records-64k-chunk-random,logs/run-11-43-candidate-pooled-steady-state-decode-records-64k-chunk-random.log
11,44,candidate,decode-records-64k-chunk-random,decodeRecords64kChunkRandom,decode,records-64k,chunk-random,unpooled-one-shot,7.841842,raw/candidate/run-11/unpooled-one-shot-decode-records-64k-chunk-random,logs/run-11-44-candidate-unpooled-one-shot-decode-records-64k-chunk-random.log
11,45,candidate,decode-records-1m-chunk-64,decodeRecords1mChunk64,decode,records-1m,chunk-64,pooled-steady-state,5.297510,raw/candidate/run-11/pooled-steady-state-decode-records-1m-chunk-64,logs/run-11-45-candidate-pooled-steady-state-decode-records-1m-chunk-64.log
11,46,candidate,decode-records-1m-chunk-64,decodeRecords1mChunk64,decode,records-1m,chunk-64,unpooled-one-shot,5.360807,raw/candidate/run-11/unpooled-one-shot-decode-records-1m-chunk-64,logs/run-11-46-candidate-unpooled-one-shot-decode-records-1m-chunk-64.log
11,47,baseline,decode-records-1m-chunk-64,decodeRecords1mChunk64,decode,records-1m,chunk-64,unpooled-one-shot,6.507642,raw/baseline/run-11/unpooled-one-shot-decode-records-1m-chunk-64,logs/run-11-47-baseline-unpooled-one-shot-decode-records-1m-chunk-64.log
11,48,baseline,decode-records-1m-chunk-64,decodeRecords1mChunk64,decode,records-1m,chunk-64,pooled-steady-state,6.470576,raw/baseline/run-11/pooled-steady-state-decode-records-1m-chunk-64,logs/run-11-48-baseline-pooled-steady-state-decode-records-1m-chunk-64.log
11,49,baseline,decode-records-1m-chunk-4k,decodeRecords1mChunk4k,decode,records-1m,chunk-4k,unpooled-one-shot,6.331658,raw/baseline/run-11/unpooled-one-shot-decode-records-1m-chunk-4k,logs/run-11-49-baseline-unpooled-one-shot-decode-records-1m-chunk-4k.log
11,50,baseline,decode-records-1m-chunk-4k,decodeRecords1mChunk4k,decode,records-1m,chunk-4k,pooled-steady-state,6.463925,raw/baseline/run-11/pooled-steady-state-decode-records-1m-chunk-4k,logs/run-11-50-baseline-pooled-steady-state-decode-records-1m-chunk-4k.log
11,51,candidate,decode-records-1m-chunk-4k,decodeRecords1mChunk4k,decode,records-1m,chunk-4k,pooled-steady-state,8.728903,raw/candidate/run-11/pooled-steady-state-decode-records-1m-chunk-4k,logs/run-11-51-candidate-pooled-steady-state-decode-records-1m-chunk-4k.log
11,52,candidate,decode-records-1m-chunk-4k,decodeRecords1mChunk4k,decode,records-1m,chunk-4k,unpooled-one-shot,8.551592,raw/candidate/run-11/unpooled-one-shot-decode-records-1m-chunk-4k,logs/run-11-52-candidate-unpooled-one-shot-decode-records-1m-chunk-4k.log
11,53,candidate,decode-records-1m-chunk-random,decodeRecords1mChunkRandom,decode,records-1m,chunk-random,pooled-steady-state,8.527721,raw/candidate/run-11/pooled-steady-state-decode-records-1m-chunk-random,logs/run-11-53-candidate-pooled-steady-state-decode-records-1m-chunk-random.log
11,54,candidate,decode-records-1m-chunk-random,decodeRecords1mChunkRandom,decode,records-1m,chunk-random,unpooled-one-shot,8.433656,raw/candidate/run-11/unpooled-one-shot-decode-records-1m-chunk-random,logs/run-11-54-candidate-unpooled-one-shot-decode-records-1m-chunk-random.log
11,55,baseline,decode-records-1m-chunk-random,decodeRecords1mChunkRandom,decode,records-1m,chunk-random,unpooled-one-shot,6.343248,raw/baseline/run-11/unpooled-one-shot-decode-records-1m-chunk-random,logs/run-11-55-baseline-unpooled-one-shot-decode-records-1m-chunk-random.log
11,56,baseline,decode-records-1m-chunk-random,decodeRecords1mChunkRandom,decode,records-1m,chunk-random,pooled-steady-state,6.282700,raw/baseline/run-11/pooled-steady-state-decode-records-1m-chunk-random,logs/run-11-56-baseline-pooled-steady-state-decode-records-1m-chunk-random.log
11,57,baseline,encode-person-memory,encodePersonMemory,encode,person,memory,unpooled-one-shot,8.726239,raw/baseline/run-11/unpooled-one-shot-encode-person-memory,logs/run-11-57-baseline-unpooled-one-shot-encode-person-memory.log
11,58,baseline,encode-person-memory,encodePersonMemory,encode,person,memory,pooled-steady-state,13.908973,raw/baseline/run-11/pooled-steady-state-encode-person-memory,logs/run-11-58-baseline-pooled-steady-state-encode-person-memory.log
11,59,candidate,encode-person-memory,encodePersonMemory,encode,person,memory,pooled-steady-state,9.095879,raw/candidate/run-11/pooled-steady-state-encode-person-memory,logs/run-11-59-candidate-pooled-steady-state-encode-person-memory.log
11,60,candidate,encode-person-memory,encodePersonMemory,encode,person,memory,unpooled-one-shot,11.372240,raw/candidate/run-11/unpooled-one-shot-encode-person-memory,logs/run-11-60-candidate-unpooled-one-shot-encode-person-memory.log
