round,workload_position,library_position,library,workload,scenario,operation,payload,input_kind,source_case,elapsed_seconds,load1_before,load1_after,report_path,log_path
1,1,1,yjson,Pretty JSON | decode | Person | string,Pretty JSON,decode,Person,string,yjsonStringDecodePrettyPerson,25.446428,33.537,23.264,raw/run-01/workload-01-yjson,logs/run-01-workload-01-yjson.log
1,1,2,stdx_json,Pretty JSON | decode | Person | string,Pretty JSON,decode,Person,string,stdxStringDecodePrettyPerson,2.581996,23.264,22.122,raw/run-01/workload-01-stdx_json,logs/run-01-workload-01-stdx_json.log
1,1,3,cjfast_json,Pretty JSON | decode | Person | string,Pretty JSON,decode,Person,string,cjfastStringDecodePrettyPerson,33.590857,22.122,14.701,raw/run-01/workload-01-cjfast_json,logs/run-01-workload-01-cjfast_json.log
1,2,1,yjson,Pretty JSON | encode | Person | string,Pretty JSON,encode,Person,string,yjsonStringEncodePrettyPerson,3.005954,14.701,13.764,raw/run-01/workload-02-yjson,logs/run-01-workload-02-yjson.log
1,2,2,stdx_json,Pretty JSON | encode | Person | string,Pretty JSON,encode,Person,string,stdxStringEncodePrettyPerson,2.342150,13.764,13.764,raw/run-01/workload-02-stdx_json,logs/run-01-workload-02-stdx_json.log
1,2,3,cjfast_json,Pretty JSON | encode | Person | string,Pretty JSON,encode,Person,string,cjfastStringEncodePrettyPerson,2.754949,13.764,12.982,raw/run-01/workload-02-cjfast_json,logs/run-01-workload-02-cjfast_json.log
1,3,1,yjson,基础对象 | decode | Address | bytes,基础对象,decode,Address,bytes,yjsonBytesDecodeAddress,3.547391,12.982,12.663,raw/run-01/workload-03-yjson,logs/run-01-workload-03-yjson.log
1,3,2,stdx_json,基础对象 | decode | Address | bytes,基础对象,decode,Address,bytes,stdxBytesDecodeAddress,2.279402,12.663,12.663,raw/run-01/workload-03-stdx_json,logs/run-01-workload-03-stdx_json.log
1,3,3,cjfast_json,基础对象 | decode | Address | bytes,基础对象,decode,Address,bytes,cjfastBytesDecodeAddress,2.470561,12.663,12.663,raw/run-01/workload-03-cjfast_json,logs/run-01-workload-03-cjfast_json.log
1,4,1,yjson,基础对象 | decode | Address | string,基础对象,decode,Address,string,yjsonStringDecodeAddress,3.323216,12.663,11.969,raw/run-01/workload-04-yjson,logs/run-01-workload-04-yjson.log
1,4,2,stdx_json,基础对象 | decode | Address | string,基础对象,decode,Address,string,stdxStringDecodeAddress,2.544113,11.969,11.250,raw/run-01/workload-04-stdx_json,logs/run-01-workload-04-stdx_json.log
1,4,3,cjfast_json,基础对象 | decode | Address | string,基础对象,decode,Address,string,cjfastStringDecodeAddress,2.651881,11.250,11.250,raw/run-01/workload-04-cjfast_json,logs/run-01-workload-04-cjfast_json.log
1,5,1,yjson,基础对象 | decode | Person | bytes,基础对象,decode,Person,bytes,yjsonBytesDecodePerson,7.684654,11.250,10.616,raw/run-01/workload-05-yjson,logs/run-01-workload-05-yjson.log
1,5,2,stdx_json,基础对象 | decode | Person | bytes,基础对象,decode,Person,bytes,stdxBytesDecodePerson,2.603790,10.616,10.616,raw/run-01/workload-05-stdx_json,logs/run-01-workload-05-stdx_json.log
1,5,3,cjfast_json,基础对象 | decode | Person | bytes,基础对象,decode,Person,bytes,cjfastBytesDecodePerson,3.064362,10.616,10.006,raw/run-01/workload-05-cjfast_json,logs/run-01-workload-05-cjfast_json.log
1,6,1,yjson,基础对象 | decode | Person | string,基础对象,decode,Person,string,yjsonStringDecodePerson,7.424622,10.006,9.605,raw/run-01/workload-06-yjson,logs/run-01-workload-06-yjson.log
1,6,2,stdx_json,基础对象 | decode | Person | string,基础对象,decode,Person,string,stdxStringDecodePerson,2.789383,9.605,9.156,raw/run-01/workload-06-stdx_json,logs/run-01-workload-06-stdx_json.log
1,6,3,cjfast_json,基础对象 | decode | Person | string,基础对象,decode,Person,string,cjfastStringDecodePerson,3.406729,9.156,9.304,raw/run-01/workload-06-cjfast_json,logs/run-01-workload-06-cjfast_json.log
1,7,1,yjson,基础对象 | encode | Address | bytes,基础对象,encode,Address,bytes,yjsonBytesEncodeAddress,3.015918,9.304,9.304,raw/run-01/workload-07-yjson,logs/run-01-workload-07-yjson.log
1,7,2,stdx_json,基础对象 | encode | Address | bytes,基础对象,encode,Address,bytes,stdxBytesEncodeAddress,2.141001,9.304,8.719,raw/run-01/workload-07-stdx_json,logs/run-01-workload-07-stdx_json.log
1,7,3,cjfast_json,基础对象 | encode | Address | bytes,基础对象,encode,Address,bytes,cjfastBytesEncodeAddress,2.837094,8.719,8.719,raw/run-01/workload-07-cjfast_json,logs/run-01-workload-07-cjfast_json.log
1,8,1,yjson,基础对象 | encode | Address | string,基础对象,encode,Address,string,yjsonStringEncodeAddress,3.017273,8.719,8.341,raw/run-01/workload-08-yjson,logs/run-01-workload-08-yjson.log
1,8,2,stdx_json,基础对象 | encode | Address | string,基础对象,encode,Address,string,stdxStringEncodeAddress,2.255814,8.341,8.341,raw/run-01/workload-08-stdx_json,logs/run-01-workload-08-stdx_json.log
1,8,3,cjfast_json,基础对象 | encode | Address | string,基础对象,encode,Address,string,cjfastStringEncodeAddress,2.763217,8.341,7.913,raw/run-01/workload-08-cjfast_json,logs/run-01-workload-08-cjfast_json.log
1,9,1,yjson,基础对象 | encode | Person | bytes,基础对象,encode,Person,bytes,yjsonBytesEncodePerson,3.171007,7.913,7.913,raw/run-01/workload-09-yjson,logs/run-01-workload-09-yjson.log
1,9,2,stdx_json,基础对象 | encode | Person | bytes,基础对象,encode,Person,bytes,stdxBytesEncodePerson,2.473354,7.913,7.600,raw/run-01/workload-09-stdx_json,logs/run-01-workload-09-stdx_json.log
1,9,3,cjfast_json,基础对象 | encode | Person | bytes,基础对象,encode,Person,bytes,cjfastBytesEncodePerson,3.023646,7.600,7.712,raw/run-01/workload-09-cjfast_json,logs/run-01-workload-09-cjfast_json.log
1,10,1,yjson,基础对象 | encode | Person | string,基础对象,encode,Person,string,yjsonStringEncodePerson,2.877635,7.712,7.712,raw/run-01/workload-10-yjson,logs/run-01-workload-10-yjson.log
1,10,2,stdx_json,基础对象 | encode | Person | string,基础对象,encode,Person,string,stdxStringEncodePerson,2.052230,7.712,7.655,raw/run-01/workload-10-stdx_json,logs/run-01-workload-10-stdx_json.log
1,10,3,cjfast_json,基础对象 | encode | Person | string,基础对象,encode,Person,string,cjfastStringEncodePerson,2.800859,7.655,7.655,raw/run-01/workload-10-cjfast_json,logs/run-01-workload-10-cjfast_json.log
1,11,1,yjson,"大 Map | decode | HashMap<String, Int64>[64] | string",大 Map,decode,"HashMap<String, Int64>[64]",string,yjsonStringDecodeLargeInt64Map,3.429839,7.655,7.362,raw/run-01/workload-11-yjson,logs/run-01-workload-11-yjson.log
1,11,2,stdx_json,"大 Map | decode | HashMap<String, Int64>[64] | string",大 Map,decode,"HashMap<String, Int64>[64]",string,stdxStringDecodeLargeInt64Map,2.748260,7.362,7.362,raw/run-01/workload-11-stdx_json,logs/run-01-workload-11-stdx_json.log
1,11,3,cjfast_json,"大 Map | decode | HashMap<String, Int64>[64] | string",大 Map,decode,"HashMap<String, Int64>[64]",string,cjfastStringDecodeLargeInt64Map,3.348576,7.362,7.092,raw/run-01/workload-11-cjfast_json,logs/run-01-workload-11-cjfast_json.log
1,12,1,yjson,"大 Map | encode | HashMap<String, Int64>[64] | string",大 Map,encode,"HashMap<String, Int64>[64]",string,yjsonStringEncodeLargeInt64Map,3.396893,7.092,6.844,raw/run-01/workload-12-yjson,logs/run-01-workload-12-yjson.log
1,12,2,stdx_json,"大 Map | encode | HashMap<String, Int64>[64] | string",大 Map,encode,"HashMap<String, Int64>[64]",string,stdxStringEncodeLargeInt64Map,2.135362,6.844,6.844,raw/run-01/workload-12-stdx_json,logs/run-01-workload-12-stdx_json.log
1,12,3,cjfast_json,"大 Map | encode | HashMap<String, Int64>[64] | string",大 Map,encode,"HashMap<String, Int64>[64]",string,cjfastStringEncodeLargeInt64Map,3.113212,6.844,6.696,raw/run-01/workload-12-cjfast_json,logs/run-01-workload-12-cjfast_json.log
1,13,1,yjson,大数组 | decode | ArrayList<ProfileRecord>[64] | string,大数组,decode,ArrayList<ProfileRecord>[64],string,yjsonStringDecodeLargeProfileArray,5.378787,6.696,6.560,raw/run-01/workload-13-yjson,logs/run-01-workload-13-yjson.log
1,13,2,stdx_json,大数组 | decode | ArrayList<ProfileRecord>[64] | string,大数组,decode,ArrayList<ProfileRecord>[64],string,stdxStringDecodeLargeProfileArray,2.514036,6.560,6.560,raw/run-01/workload-13-stdx_json,logs/run-01-workload-13-stdx_json.log
1,13,3,cjfast_json,大数组 | decode | ArrayList<ProfileRecord>[64] | string,大数组,decode,ArrayList<ProfileRecord>[64],string,cjfastStringDecodeLargeProfileArray,2.660424,6.560,6.275,raw/run-01/workload-13-cjfast_json,logs/run-01-workload-13-cjfast_json.log
1,14,1,yjson,大数组 | encode | ArrayList<ProfileRecord>[64] | string,大数组,encode,ArrayList<ProfileRecord>[64],string,yjsonStringEncodeLargeProfileArray,2.745911,6.275,6.275,raw/run-01/workload-14-yjson,logs/run-01-workload-14-yjson.log
1,14,2,stdx_json,大数组 | encode | ArrayList<ProfileRecord>[64] | string,大数组,encode,ArrayList<ProfileRecord>[64],string,stdxStringEncodeLargeProfileArray,2.134394,6.275,6.012,raw/run-01/workload-14-stdx_json,logs/run-01-workload-14-stdx_json.log
1,14,3,cjfast_json,大数组 | encode | ArrayList<ProfileRecord>[64] | string,大数组,encode,ArrayList<ProfileRecord>[64],string,cjfastStringEncodeLargeProfileArray,2.737157,6.012,6.012,raw/run-01/workload-14-cjfast_json,logs/run-01-workload-14-cjfast_json.log
1,15,1,yjson,字段顺序 | decode | Person | string,字段顺序,decode,Person,string,yjsonStringDecodeUnorderedPerson,5.274098,6.012,5.931,raw/run-01/workload-15-yjson,logs/run-01-workload-15-yjson.log
1,15,2,stdx_json,字段顺序 | decode | Person | string,字段顺序,decode,Person,string,stdxStringDecodeUnorderedPerson,2.732756,5.931,5.696,raw/run-01/workload-15-stdx_json,logs/run-01-workload-15-stdx_json.log
1,15,3,cjfast_json,字段顺序 | decode | Person | string,字段顺序,decode,Person,string,cjfastStringDecodeUnorderedPerson,3.397789,5.696,6.121,raw/run-01/workload-15-cjfast_json,logs/run-01-workload-15-cjfast_json.log
1,16,1,yjson,嵌套对象 | decode | ProfileBundle | bytes,嵌套对象,decode,ProfileBundle,bytes,yjsonBytesDecodeProfileBundle,3.488329,6.121,6.121,raw/run-01/workload-16-yjson,logs/run-01-workload-16-yjson.log
1,16,2,stdx_json,嵌套对象 | decode | ProfileBundle | bytes,嵌套对象,decode,ProfileBundle,bytes,stdxBytesDecodeProfileBundle,2.562216,6.121,5.871,raw/run-01/workload-16-stdx_json,logs/run-01-workload-16-stdx_json.log
1,16,3,cjfast_json,嵌套对象 | decode | ProfileBundle | bytes,嵌套对象,decode,ProfileBundle,bytes,cjfastBytesDecodeProfileBundle,3.577051,5.871,6.122,raw/run-01/workload-16-cjfast_json,logs/run-01-workload-16-cjfast_json.log
1,17,1,yjson,嵌套对象 | decode | ProfileBundle | string,嵌套对象,decode,ProfileBundle,string,yjsonStringDecodeProfileBundle,3.472349,6.122,6.122,raw/run-01/workload-17-yjson,logs/run-01-workload-17-yjson.log
1,17,2,stdx_json,嵌套对象 | decode | ProfileBundle | string,嵌套对象,decode,ProfileBundle,string,stdxStringDecodeProfileBundle,2.414073,6.122,5.952,raw/run-01/workload-17-stdx_json,logs/run-01-workload-17-stdx_json.log
1,17,3,cjfast_json,嵌套对象 | decode | ProfileBundle | string,嵌套对象,decode,ProfileBundle,string,cjfastStringDecodeProfileBundle,3.384961,5.952,5.952,raw/run-01/workload-17-cjfast_json,logs/run-01-workload-17-cjfast_json.log
1,18,1,yjson,嵌套对象 | encode | ProfileBundle | bytes,嵌套对象,encode,ProfileBundle,bytes,yjsonBytesEncodeProfileBundle,3.144395,5.952,5.635,raw/run-01/workload-18-yjson,logs/run-01-workload-18-yjson.log
1,18,2,stdx_json,嵌套对象 | encode | ProfileBundle | bytes,嵌套对象,encode,ProfileBundle,bytes,stdxBytesEncodeProfileBundle,2.087433,5.635,5.635,raw/run-01/workload-18-stdx_json,logs/run-01-workload-18-stdx_json.log
1,18,3,cjfast_json,嵌套对象 | encode | ProfileBundle | bytes,嵌套对象,encode,ProfileBundle,bytes,cjfastBytesEncodeProfileBundle,3.058096,5.635,5.423,raw/run-01/workload-18-cjfast_json,logs/run-01-workload-18-cjfast_json.log
1,19,1,yjson,嵌套对象 | encode | ProfileBundle | string,嵌套对象,encode,ProfileBundle,string,yjsonStringEncodeProfileBundle,3.180392,5.423,5.309,raw/run-01/workload-19-yjson,logs/run-01-workload-19-yjson.log
1,19,2,stdx_json,嵌套对象 | encode | ProfileBundle | string,嵌套对象,encode,ProfileBundle,string,stdxStringEncodeProfileBundle,2.126170,5.309,5.309,raw/run-01/workload-19-stdx_json,logs/run-01-workload-19-stdx_json.log
1,19,3,cjfast_json,嵌套对象 | encode | ProfileBundle | string,嵌套对象,encode,ProfileBundle,string,cjfastStringEncodeProfileBundle,3.017545,5.309,5.284,raw/run-01/workload-19-cjfast_json,logs/run-01-workload-19-cjfast_json.log
1,20,1,yjson,数值边界 | decode | UInt64Envelope | bytes,数值边界,decode,UInt64Envelope,bytes,yjsonBytesDecodeUInt64Envelope,3.715688,5.284,5.284,raw/run-01/workload-20-yjson,logs/run-01-workload-20-yjson.log
1,20,2,stdx_json,数值边界 | decode | UInt64Envelope | bytes,数值边界,decode,UInt64Envelope,bytes,stdxBytesDecodeUInt64Envelope,2.781047,5.284,5.181,raw/run-01/workload-20-stdx_json,logs/run-01-workload-20-stdx_json.log
1,20,3,cjfast_json,数值边界 | decode | UInt64Envelope | bytes,数值边界,decode,UInt64Envelope,bytes,cjfastBytesDecodeUInt64Envelope,3.311278,5.181,5.086,raw/run-01/workload-20-cjfast_json,logs/run-01-workload-20-cjfast_json.log
1,21,1,yjson,数值边界 | decode | UInt64Envelope | string,数值边界,decode,UInt64Envelope,string,yjsonStringDecodeUInt64Envelope,3.372345,5.086,5.086,raw/run-01/workload-21-yjson,logs/run-01-workload-21-yjson.log
1,21,2,stdx_json,数值边界 | decode | UInt64Envelope | string,数值边界,decode,UInt64Envelope,string,stdxStringDecodeUInt64Envelope,2.840905,5.086,4.999,raw/run-01/workload-21-stdx_json,logs/run-01-workload-21-stdx_json.log
1,21,3,cjfast_json,数值边界 | decode | UInt64Envelope | string,数值边界,decode,UInt64Envelope,string,cjfastStringDecodeUInt64Envelope,2.940955,4.999,5.240,raw/run-01/workload-21-cjfast_json,logs/run-01-workload-21-cjfast_json.log
1,22,1,yjson,数值边界 | encode | UInt64Envelope | bytes,数值边界,encode,UInt64Envelope,bytes,yjsonBytesEncodeUInt64Envelope,3.282831,5.240,5.240,raw/run-01/workload-22-yjson,logs/run-01-workload-22-yjson.log
1,22,2,stdx_json,数值边界 | encode | UInt64Envelope | bytes,数值边界,encode,UInt64Envelope,bytes,stdxBytesEncodeUInt64Envelope,2.585197,5.240,5.060,raw/run-01/workload-22-stdx_json,logs/run-01-workload-22-stdx_json.log
1,22,3,cjfast_json,数值边界 | encode | UInt64Envelope | bytes,数值边界,encode,UInt64Envelope,bytes,cjfastBytesEncodeUInt64Envelope,2.825638,5.060,5.060,raw/run-01/workload-22-cjfast_json,logs/run-01-workload-22-cjfast_json.log
1,23,1,yjson,数值边界 | encode | UInt64Envelope | string,数值边界,encode,UInt64Envelope,string,yjsonStringEncodeUInt64Envelope,3.307236,5.060,4.895,raw/run-01/workload-23-yjson,logs/run-01-workload-23-yjson.log
1,23,2,stdx_json,数值边界 | encode | UInt64Envelope | string,数值边界,encode,UInt64Envelope,string,stdxStringEncodeUInt64Envelope,2.186802,4.895,4.895,raw/run-01/workload-23-stdx_json,logs/run-01-workload-23-stdx_json.log
1,23,3,cjfast_json,数值边界 | encode | UInt64Envelope | string,数值边界,encode,UInt64Envelope,string,cjfastStringEncodeUInt64Envelope,2.744447,4.895,4.743,raw/run-01/workload-23-cjfast_json,logs/run-01-workload-23-cjfast_json.log
1,24,1,yjson,时间/大数 | decode | TemporalStats | bytes,时间/大数,decode,TemporalStats,bytes,yjsonBytesDecodeTemporalStats,3.207629,4.743,5.245,raw/run-01/workload-24-yjson,logs/run-01-workload-24-yjson.log
1,24,2,stdx_json,时间/大数 | decode | TemporalStats | bytes,时间/大数,decode,TemporalStats,bytes,stdxBytesDecodeTemporalStats,3.021229,5.245,5.245,raw/run-01/workload-24-stdx_json,logs/run-01-workload-24-stdx_json.log
1,24,3,cjfast_json,时间/大数 | decode | TemporalStats | bytes,时间/大数,decode,TemporalStats,bytes,cjfastBytesDecodeTemporalStats,3.165933,5.245,5.145,raw/run-01/workload-24-cjfast_json,logs/run-01-workload-24-cjfast_json.log
1,25,1,yjson,时间/大数 | decode | TemporalStats | string,时间/大数,decode,TemporalStats,string,yjsonStringDecodeTemporalStats,3.240418,5.145,5.145,raw/run-01/workload-25-yjson,logs/run-01-workload-25-yjson.log
1,25,2,stdx_json,时间/大数 | decode | TemporalStats | string,时间/大数,decode,TemporalStats,string,stdxStringDecodeTemporalStats,2.798125,5.145,4.973,raw/run-01/workload-25-stdx_json,logs/run-01-workload-25-stdx_json.log
1,25,3,cjfast_json,时间/大数 | decode | TemporalStats | string,时间/大数,decode,TemporalStats,string,cjfastStringDecodeTemporalStats,3.261943,4.973,5.135,raw/run-01/workload-25-cjfast_json,logs/run-01-workload-25-cjfast_json.log
1,26,1,yjson,时间/大数 | encode | TemporalStats | bytes,时间/大数,encode,TemporalStats,bytes,yjsonBytesEncodeTemporalStats,3.088603,5.135,5.135,raw/run-01/workload-26-yjson,logs/run-01-workload-26-yjson.log
1,26,2,stdx_json,时间/大数 | encode | TemporalStats | bytes,时间/大数,encode,TemporalStats,bytes,stdxBytesEncodeTemporalStats,2.386361,5.135,5.124,raw/run-01/workload-26-stdx_json,logs/run-01-workload-26-stdx_json.log
1,26,3,cjfast_json,时间/大数 | encode | TemporalStats | bytes,时间/大数,encode,TemporalStats,bytes,cjfastBytesEncodeTemporalStats,2.861931,5.124,5.124,raw/run-01/workload-26-cjfast_json,logs/run-01-workload-26-cjfast_json.log
1,27,1,yjson,时间/大数 | encode | TemporalStats | string,时间/大数,encode,TemporalStats,string,yjsonStringEncodeTemporalStats,3.372546,5.124,4.954,raw/run-01/workload-27-yjson,logs/run-01-workload-27-yjson.log
1,27,2,stdx_json,时间/大数 | encode | TemporalStats | string,时间/大数,encode,TemporalStats,string,stdxStringEncodeTemporalStats,2.017152,4.954,4.954,raw/run-01/workload-27-stdx_json,logs/run-01-workload-27-stdx_json.log
1,27,3,cjfast_json,时间/大数 | encode | TemporalStats | string,时间/大数,encode,TemporalStats,string,cjfastStringEncodeTemporalStats,2.808681,4.954,4.717,raw/run-01/workload-27-cjfast_json,logs/run-01-workload-27-cjfast_json.log
1,28,1,yjson,未知字段 | decode | Person | string,未知字段,decode,Person,string,yjsonStringDecodeUnknownPerson,5.345270,4.717,4.499,raw/run-01/workload-28-yjson,logs/run-01-workload-28-yjson.log
1,28,2,stdx_json,未知字段 | decode | Person | string,未知字段,decode,Person,string,stdxStringDecodeUnknownPerson,2.641809,4.499,4.860,raw/run-01/workload-28-stdx_json,logs/run-01-workload-28-stdx_json.log
1,28,3,cjfast_json,未知字段 | decode | Person | string,未知字段,decode,Person,string,cjfastStringDecodeUnknownPerson,2.955670,4.860,4.860,raw/run-01/workload-28-cjfast_json,logs/run-01-workload-28-cjfast_json.log
1,29,1,yjson,流式 I/O | decode | Person | stream,流式 I/O,decode,Person,stream,yjsonStreamDecodePerson,2.951194,4.860,4.710,raw/run-01/workload-29-yjson,logs/run-01-workload-29-yjson.log
1,29,2,stdx_json,流式 I/O | decode | Person | stream,流式 I/O,decode,Person,stream,stdxStreamDecodePerson,2.936640,4.710,4.710,raw/run-01/workload-29-stdx_json,logs/run-01-workload-29-stdx_json.log
1,29,3,cjfast_json,流式 I/O | decode | Person | stream,流式 I/O,decode,Person,stream,cjfastStreamDecodePerson,3.336140,4.710,4.653,raw/run-01/workload-29-cjfast_json,logs/run-01-workload-29-cjfast_json.log
1,30,1,yjson,流式 I/O | encode | Person | stream,流式 I/O,encode,Person,stream,yjsonStreamEncodePerson,2.517140,4.653,4.653,raw/run-01/workload-30-yjson,logs/run-01-workload-30-yjson.log
1,30,2,stdx_json,流式 I/O | encode | Person | stream,流式 I/O,encode,Person,stream,stdxStreamEncodePerson,2.224871,4.653,4.440,raw/run-01/workload-30-stdx_json,logs/run-01-workload-30-stdx_json.log
1,30,3,cjfast_json,流式 I/O | encode | Person | stream,流式 I/O,encode,Person,stream,cjfastStreamEncodePerson,2.857160,4.440,4.440,raw/run-01/workload-30-cjfast_json,logs/run-01-workload-30-cjfast_json.log
1,31,1,yjson,"深层嵌套 | decode | ArrayList<HashMap<String, ArrayList<ProfileRecord>>> | string",深层嵌套,decode,"ArrayList<HashMap<String, ArrayList<ProfileRecord>>>",string,yjsonStringDecodeDeepNestedProfiles,3.520618,4.440,4.245,raw/run-01/workload-31-yjson,logs/run-01-workload-31-yjson.log
1,31,2,stdx_json,"深层嵌套 | decode | ArrayList<HashMap<String, ArrayList<ProfileRecord>>> | string",深层嵌套,decode,"ArrayList<HashMap<String, ArrayList<ProfileRecord>>>",string,stdxStringDecodeDeepNestedProfiles,2.649999,4.245,4.225,raw/run-01/workload-31-stdx_json,logs/run-01-workload-31-stdx_json.log
1,31,3,cjfast_json,"深层嵌套 | decode | ArrayList<HashMap<String, ArrayList<ProfileRecord>>> | string",深层嵌套,decode,"ArrayList<HashMap<String, ArrayList<ProfileRecord>>>",string,cjfastStringDecodeDeepNestedProfiles,2.996996,4.225,4.225,raw/run-01/workload-31-cjfast_json,logs/run-01-workload-31-cjfast_json.log
1,32,1,yjson,"深层嵌套 | encode | ArrayList<HashMap<String, ArrayList<ProfileRecord>>> | string",深层嵌套,encode,"ArrayList<HashMap<String, ArrayList<ProfileRecord>>>",string,yjsonStringEncodeDeepNestedProfiles,2.820955,4.225,4.207,raw/run-01/workload-32-yjson,logs/run-01-workload-32-yjson.log
1,32,2,stdx_json,"深层嵌套 | encode | ArrayList<HashMap<String, ArrayList<ProfileRecord>>> | string",深层嵌套,encode,"ArrayList<HashMap<String, ArrayList<ProfileRecord>>>",string,stdxStringEncodeDeepNestedProfiles,2.445208,4.207,4.207,raw/run-01/workload-32-stdx_json,logs/run-01-workload-32-stdx_json.log
1,32,3,cjfast_json,"深层嵌套 | encode | ArrayList<HashMap<String, ArrayList<ProfileRecord>>> | string",深层嵌套,encode,"ArrayList<HashMap<String, ArrayList<ProfileRecord>>>",string,cjfastStringEncodeDeepNestedProfiles,3.154303,4.207,4.030,raw/run-01/workload-32-cjfast_json,logs/run-01-workload-32-cjfast_json.log
1,33,1,yjson,转义/Unicode | decode | String | bytes,转义/Unicode,decode,String,bytes,yjsonBytesDecodeEscapedUnicodeString,3.787898,4.030,4.027,raw/run-01/workload-33-yjson,logs/run-01-workload-33-yjson.log
1,33,2,stdx_json,转义/Unicode | decode | String | bytes,转义/Unicode,decode,String,bytes,stdxBytesDecodeEscapedUnicodeString,2.417521,4.027,4.027,raw/run-01/workload-33-stdx_json,logs/run-01-workload-33-stdx_json.log
1,33,3,cjfast_json,转义/Unicode | decode | String | bytes,转义/Unicode,decode,String,bytes,cjfastBytesDecodeEscapedUnicodeString,2.710141,4.027,3.945,raw/run-01/workload-33-cjfast_json,logs/run-01-workload-33-cjfast_json.log
1,34,1,yjson,转义/Unicode | decode | String | string,转义/Unicode,decode,String,string,yjsonStringDecodeEscapedUnicodeString,3.748642,3.945,4.430,raw/run-01/workload-34-yjson,logs/run-01-workload-34-yjson.log
1,34,2,stdx_json,转义/Unicode | decode | String | string,转义/Unicode,decode,String,string,stdxStringDecodeEscapedUnicodeString,2.308535,4.430,4.430,raw/run-01/workload-34-stdx_json,logs/run-01-workload-34-stdx_json.log
1,34,3,cjfast_json,转义/Unicode | decode | String | string,转义/Unicode,decode,String,string,cjfastStringDecodeEscapedUnicodeString,2.667035,4.430,4.796,raw/run-01/workload-34-cjfast_json,logs/run-01-workload-34-cjfast_json.log
1,35,1,yjson,转义/Unicode | encode | String | bytes,转义/Unicode,encode,String,bytes,yjsonBytesEncodeEscapedUnicodeString,3.210164,4.796,4.796,raw/run-01/workload-35-yjson,logs/run-01-workload-35-yjson.log
1,35,2,stdx_json,转义/Unicode | encode | String | bytes,转义/Unicode,encode,String,bytes,stdxBytesEncodeEscapedUnicodeString,2.295113,4.796,4.732,raw/run-01/workload-35-stdx_json,logs/run-01-workload-35-stdx_json.log
1,35,3,cjfast_json,转义/Unicode | encode | String | bytes,转义/Unicode,encode,String,bytes,cjfastBytesEncodeEscapedUnicodeString,2.593643,4.732,4.732,raw/run-01/workload-35-cjfast_json,logs/run-01-workload-35-cjfast_json.log
1,36,1,yjson,转义/Unicode | encode | String | string,转义/Unicode,encode,String,string,yjsonStringEncodeEscapedUnicodeString,3.030420,4.732,4.593,raw/run-01/workload-36-yjson,logs/run-01-workload-36-yjson.log
1,36,2,stdx_json,转义/Unicode | encode | String | string,转义/Unicode,encode,String,string,stdxStringEncodeEscapedUnicodeString,2.369304,4.593,4.593,raw/run-01/workload-36-stdx_json,logs/run-01-workload-36-stdx_json.log
1,36,3,cjfast_json,转义/Unicode | encode | String | string,转义/Unicode,encode,String,string,cjfastStringEncodeEscapedUnicodeString,2.418766,4.593,4.545,raw/run-01/workload-36-cjfast_json,logs/run-01-workload-36-cjfast_json.log
2,1,1,stdx_json,Pretty JSON | decode | Person | string,Pretty JSON,decode,Person,string,stdxStringDecodePrettyPerson,2.837639,4.545,4.545,raw/run-02/workload-01-stdx_json,logs/run-02-workload-01-stdx_json.log
2,1,2,cjfast_json,Pretty JSON | decode | Person | string,Pretty JSON,decode,Person,string,cjfastStringDecodePrettyPerson,3.212595,4.545,4.501,raw/run-02/workload-01-cjfast_json,logs/run-02-workload-01-cjfast_json.log
2,1,3,yjson,Pretty JSON | decode | Person | string,Pretty JSON,decode,Person,string,yjsonStringDecodePrettyPerson,5.309159,4.501,4.301,raw/run-02/workload-01-yjson,logs/run-02-workload-01-yjson.log
2,2,1,stdx_json,转义/Unicode | encode | String | string,转义/Unicode,encode,String,string,stdxStringEncodeEscapedUnicodeString,2.197751,4.301,4.301,raw/run-02/workload-02-stdx_json,logs/run-02-workload-02-stdx_json.log
2,2,2,cjfast_json,转义/Unicode | encode | String | string,转义/Unicode,encode,String,string,cjfastStringEncodeEscapedUnicodeString,2.433397,4.301,4.517,raw/run-02/workload-02-cjfast_json,logs/run-02-workload-02-cjfast_json.log
2,2,3,yjson,转义/Unicode | encode | String | string,转义/Unicode,encode,String,string,yjsonStringEncodeEscapedUnicodeString,3.019675,4.517,4.556,raw/run-02/workload-02-yjson,logs/run-02-workload-02-yjson.log
2,3,1,stdx_json,转义/Unicode | encode | String | bytes,转义/Unicode,encode,String,bytes,stdxBytesEncodeEscapedUnicodeString,2.112546,4.556,4.556,raw/run-02/workload-03-stdx_json,logs/run-02-workload-03-stdx_json.log
2,3,2,cjfast_json,转义/Unicode | encode | String | bytes,转义/Unicode,encode,String,bytes,cjfastBytesEncodeEscapedUnicodeString,2.387776,4.556,4.556,raw/run-02/workload-03-cjfast_json,logs/run-02-workload-03-cjfast_json.log
2,3,3,yjson,转义/Unicode | encode | String | bytes,转义/Unicode,encode,String,bytes,yjsonBytesEncodeEscapedUnicodeString,3.309223,4.556,4.672,raw/run-02/workload-03-yjson,logs/run-02-workload-03-yjson.log
2,4,1,stdx_json,转义/Unicode | decode | String | string,转义/Unicode,decode,String,string,stdxStringDecodeEscapedUnicodeString,2.391825,4.672,5.019,raw/run-02/workload-04-stdx_json,logs/run-02-workload-04-stdx_json.log
2,4,2,cjfast_json,转义/Unicode | decode | String | string,转义/Unicode,decode,String,string,cjfastStringDecodeEscapedUnicodeString,2.647024,5.019,5.019,raw/run-02/workload-04-cjfast_json,logs/run-02-workload-04-cjfast_json.log
2,4,3,yjson,转义/Unicode | decode | String | string,转义/Unicode,decode,String,string,yjsonStringDecodeEscapedUnicodeString,3.896011,5.019,4.937,raw/run-02/workload-04-yjson,logs/run-02-workload-04-yjson.log
2,5,1,stdx_json,转义/Unicode | decode | String | bytes,转义/Unicode,decode,String,bytes,stdxBytesDecodeEscapedUnicodeString,2.315171,4.937,4.937,raw/run-02/workload-05-stdx_json,logs/run-02-workload-05-stdx_json.log
2,5,2,cjfast_json,转义/Unicode | decode | String | bytes,转义/Unicode,decode,String,bytes,cjfastBytesDecodeEscapedUnicodeString,2.438050,4.937,4.781,raw/run-02/workload-05-cjfast_json,logs/run-02-workload-05-cjfast_json.log
2,5,3,yjson,转义/Unicode | decode | String | bytes,转义/Unicode,decode,String,bytes,yjsonBytesDecodeEscapedUnicodeString,3.556053,4.781,5.039,raw/run-02/workload-05-yjson,logs/run-02-workload-05-yjson.log
2,6,1,stdx_json,"深层嵌套 | encode | ArrayList<HashMap<String, ArrayList<ProfileRecord>>> | string",深层嵌套,encode,"ArrayList<HashMap<String, ArrayList<ProfileRecord>>>",string,stdxStringEncodeDeepNestedProfiles,2.445583,5.039,5.039,raw/run-02/workload-06-stdx_json,logs/run-02-workload-06-stdx_json.log
2,6,2,cjfast_json,"深层嵌套 | encode | ArrayList<HashMap<String, ArrayList<ProfileRecord>>> | string",深层嵌套,encode,"ArrayList<HashMap<String, ArrayList<ProfileRecord>>>",string,cjfastStringEncodeDeepNestedProfiles,3.005516,5.039,5.196,raw/run-02/workload-06-cjfast_json,logs/run-02-workload-06-cjfast_json.log
2,6,3,yjson,"深层嵌套 | encode | ArrayList<HashMap<String, ArrayList<ProfileRecord>>> | string",深层嵌套,encode,"ArrayList<HashMap<String, ArrayList<ProfileRecord>>>",string,yjsonStringEncodeDeepNestedProfiles,2.897597,5.196,5.196,raw/run-02/workload-06-yjson,logs/run-02-workload-06-yjson.log
2,7,1,stdx_json,"深层嵌套 | decode | ArrayList<HashMap<String, ArrayList<ProfileRecord>>> | string",深层嵌套,decode,"ArrayList<HashMap<String, ArrayList<ProfileRecord>>>",string,stdxStringDecodeDeepNestedProfiles,2.625291,5.196,5.100,raw/run-02/workload-07-stdx_json,logs/run-02-workload-07-stdx_json.log
2,7,2,cjfast_json,"深层嵌套 | decode | ArrayList<HashMap<String, ArrayList<ProfileRecord>>> | string",深层嵌套,decode,"ArrayList<HashMap<String, ArrayList<ProfileRecord>>>",string,cjfastStringDecodeDeepNestedProfiles,3.150599,5.100,5.100,raw/run-02/workload-07-cjfast_json,logs/run-02-workload-07-cjfast_json.log
2,7,3,yjson,"深层嵌套 | decode | ArrayList<HashMap<String, ArrayList<ProfileRecord>>> | string",深层嵌套,decode,"ArrayList<HashMap<String, ArrayList<ProfileRecord>>>",string,yjsonStringDecodeDeepNestedProfiles,3.608127,5.100,5.012,raw/run-02/workload-07-yjson,logs/run-02-workload-07-yjson.log
2,8,1,stdx_json,流式 I/O | encode | Person | stream,流式 I/O,encode,Person,stream,stdxStreamEncodePerson,2.131092,5.012,5.012,raw/run-02/workload-08-stdx_json,logs/run-02-workload-08-stdx_json.log
2,8,2,cjfast_json,流式 I/O | encode | Person | stream,流式 I/O,encode,Person,stream,cjfastStreamEncodePerson,2.853828,5.012,4.851,raw/run-02/workload-08-cjfast_json,logs/run-02-workload-08-cjfast_json.log
2,8,3,yjson,流式 I/O | encode | Person | stream,流式 I/O,encode,Person,stream,yjsonStreamEncodePerson,2.540566,4.851,5.423,raw/run-02/workload-08-yjson,logs/run-02-workload-08-yjson.log
2,9,1,stdx_json,流式 I/O | decode | Person | stream,流式 I/O,decode,Person,stream,stdxStreamDecodePerson,3.081904,5.423,5.423,raw/run-02/workload-09-stdx_json,logs/run-02-workload-09-stdx_json.log
2,9,2,cjfast_json,流式 I/O | decode | Person | stream,流式 I/O,decode,Person,stream,cjfastStreamDecodePerson,3.182355,5.423,5.229,raw/run-02/workload-09-cjfast_json,logs/run-02-workload-09-cjfast_json.log
2,9,3,yjson,流式 I/O | decode | Person | stream,流式 I/O,decode,Person,stream,yjsonStreamDecodePerson,2.951295,5.229,5.229,raw/run-02/workload-09-yjson,logs/run-02-workload-09-yjson.log
2,10,1,stdx_json,未知字段 | decode | Person | string,未知字段,decode,Person,string,stdxStringDecodeUnknownPerson,2.661313,5.229,5.371,raw/run-02/workload-10-stdx_json,logs/run-02-workload-10-stdx_json.log
2,10,2,cjfast_json,未知字段 | decode | Person | string,未知字段,decode,Person,string,cjfastStringDecodeUnknownPerson,3.042672,5.371,5.742,raw/run-02/workload-10-cjfast_json,logs/run-02-workload-10-cjfast_json.log
2,10,3,yjson,未知字段 | decode | Person | string,未知字段,decode,Person,string,yjsonStringDecodeUnknownPerson,5.365667,5.742,6.003,raw/run-02/workload-10-yjson,logs/run-02-workload-10-yjson.log
2,11,1,stdx_json,时间/大数 | encode | TemporalStats | string,时间/大数,encode,TemporalStats,string,stdxStringEncodeTemporalStats,2.058042,6.003,6.003,raw/run-02/workload-11-stdx_json,logs/run-02-workload-11-stdx_json.log
2,11,2,cjfast_json,时间/大数 | encode | TemporalStats | string,时间/大数,encode,TemporalStats,string,cjfastStringEncodeTemporalStats,2.868683,6.003,6.324,raw/run-02/workload-11-cjfast_json,logs/run-02-workload-11-cjfast_json.log
2,11,3,yjson,时间/大数 | encode | TemporalStats | string,时间/大数,encode,TemporalStats,string,yjsonStringEncodeTemporalStats,3.325669,6.324,6.324,raw/run-02/workload-11-yjson,logs/run-02-workload-11-yjson.log
2,12,1,stdx_json,时间/大数 | encode | TemporalStats | bytes,时间/大数,encode,TemporalStats,bytes,stdxBytesEncodeTemporalStats,2.286345,6.324,6.057,raw/run-02/workload-12-stdx_json,logs/run-02-workload-12-stdx_json.log
2,12,2,cjfast_json,时间/大数 | encode | TemporalStats | bytes,时间/大数,encode,TemporalStats,bytes,cjfastBytesEncodeTemporalStats,2.840935,6.057,6.057,raw/run-02/workload-12-cjfast_json,logs/run-02-workload-12-cjfast_json.log
2,12,3,yjson,时间/大数 | encode | TemporalStats | bytes,时间/大数,encode,TemporalStats,bytes,yjsonBytesEncodeTemporalStats,3.011441,6.057,5.812,raw/run-02/workload-12-yjson,logs/run-02-workload-12-yjson.log
2,13,1,stdx_json,时间/大数 | decode | TemporalStats | string,时间/大数,decode,TemporalStats,string,stdxStringDecodeTemporalStats,2.768104,5.812,5.812,raw/run-02/workload-13-stdx_json,logs/run-02-workload-13-stdx_json.log
2,13,2,cjfast_json,时间/大数 | decode | TemporalStats | string,时间/大数,decode,TemporalStats,string,cjfastStringDecodeTemporalStats,3.457674,5.812,5.667,raw/run-02/workload-13-cjfast_json,logs/run-02-workload-13-cjfast_json.log
2,13,3,yjson,时间/大数 | decode | TemporalStats | string,时间/大数,decode,TemporalStats,string,yjsonStringDecodeTemporalStats,3.518137,5.667,5.373,raw/run-02/workload-13-yjson,logs/run-02-workload-13-yjson.log
2,14,1,stdx_json,时间/大数 | decode | TemporalStats | bytes,时间/大数,decode,TemporalStats,bytes,stdxBytesDecodeTemporalStats,3.095702,5.373,5.373,raw/run-02/workload-14-stdx_json,logs/run-02-workload-14-stdx_json.log
2,14,2,cjfast_json,时间/大数 | decode | TemporalStats | bytes,时间/大数,decode,TemporalStats,bytes,cjfastBytesDecodeTemporalStats,3.265289,5.373,5.022,raw/run-02/workload-14-cjfast_json,logs/run-02-workload-14-cjfast_json.log
2,14,3,yjson,时间/大数 | decode | TemporalStats | bytes,时间/大数,decode,TemporalStats,bytes,yjsonBytesDecodeTemporalStats,3.303650,5.022,4.780,raw/run-02/workload-14-yjson,logs/run-02-workload-14-yjson.log
2,15,1,stdx_json,数值边界 | encode | UInt64Envelope | string,数值边界,encode,UInt64Envelope,string,stdxStringEncodeUInt64Envelope,2.605658,4.780,4.780,raw/run-02/workload-15-stdx_json,logs/run-02-workload-15-stdx_json.log
2,15,2,cjfast_json,数值边界 | encode | UInt64Envelope | string,数值边界,encode,UInt64Envelope,string,cjfastStringEncodeUInt64Envelope,3.011170,4.780,4.557,raw/run-02/workload-15-cjfast_json,logs/run-02-workload-15-cjfast_json.log
2,15,3,yjson,数值边界 | encode | UInt64Envelope | string,数值边界,encode,UInt64Envelope,string,yjsonStringEncodeUInt64Envelope,3.188740,4.557,4.753,raw/run-02/workload-15-yjson,logs/run-02-workload-15-yjson.log
2,16,1,stdx_json,数值边界 | encode | UInt64Envelope | bytes,数值边界,encode,UInt64Envelope,bytes,stdxBytesEncodeUInt64Envelope,2.294048,4.753,4.753,raw/run-02/workload-16-stdx_json,logs/run-02-workload-16-stdx_json.log
2,16,2,cjfast_json,数值边界 | encode | UInt64Envelope | bytes,数值边界,encode,UInt64Envelope,bytes,cjfastBytesEncodeUInt64Envelope,2.827357,4.753,5.093,raw/run-02/workload-16-cjfast_json,logs/run-02-workload-16-cjfast_json.log
2,16,3,yjson,数值边界 | encode | UInt64Envelope | bytes,数值边界,encode,UInt64Envelope,bytes,yjsonBytesEncodeUInt64Envelope,3.339957,5.093,5.093,raw/run-02/workload-16-yjson,logs/run-02-workload-16-yjson.log
2,17,1,stdx_json,数值边界 | decode | UInt64Envelope | string,数值边界,decode,UInt64Envelope,string,stdxStringDecodeUInt64Envelope,2.516470,5.093,4.845,raw/run-02/workload-17-stdx_json,logs/run-02-workload-17-stdx_json.log
2,17,2,cjfast_json,数值边界 | decode | UInt64Envelope | string,数值边界,decode,UInt64Envelope,string,cjfastStringDecodeUInt64Envelope,3.155689,4.845,4.845,raw/run-02/workload-17-cjfast_json,logs/run-02-workload-17-cjfast_json.log
2,17,3,yjson,数值边界 | decode | UInt64Envelope | string,数值边界,decode,UInt64Envelope,string,yjsonStringDecodeUInt64Envelope,3.494856,4.845,4.697,raw/run-02/workload-17-yjson,logs/run-02-workload-17-yjson.log
2,18,1,stdx_json,数值边界 | decode | UInt64Envelope | bytes,数值边界,decode,UInt64Envelope,bytes,stdxBytesDecodeUInt64Envelope,2.595187,4.697,5.042,raw/run-02/workload-18-stdx_json,logs/run-02-workload-18-stdx_json.log
2,18,2,cjfast_json,数值边界 | decode | UInt64Envelope | bytes,数值边界,decode,UInt64Envelope,bytes,cjfastBytesDecodeUInt64Envelope,3.325639,5.042,5.042,raw/run-02/workload-18-cjfast_json,logs/run-02-workload-18-cjfast_json.log
2,18,3,yjson,数值边界 | decode | UInt64Envelope | bytes,数值边界,decode,UInt64Envelope,bytes,yjsonBytesDecodeUInt64Envelope,3.527311,5.042,4.798,raw/run-02/workload-18-yjson,logs/run-02-workload-18-yjson.log
2,19,1,stdx_json,嵌套对象 | encode | ProfileBundle | string,嵌套对象,encode,ProfileBundle,string,stdxStringEncodeProfileBundle,2.238191,4.798,4.798,raw/run-02/workload-19-stdx_json,logs/run-02-workload-19-stdx_json.log
2,19,2,cjfast_json,嵌套对象 | encode | ProfileBundle | string,嵌套对象,encode,ProfileBundle,string,cjfastStringEncodeProfileBundle,2.950015,4.798,4.574,raw/run-02/workload-19-cjfast_json,logs/run-02-workload-19-cjfast_json.log
2,19,3,yjson,嵌套对象 | encode | ProfileBundle | string,嵌套对象,encode,ProfileBundle,string,yjsonStringEncodeProfileBundle,3.145555,4.574,4.849,raw/run-02/workload-19-yjson,logs/run-02-workload-19-yjson.log
2,20,1,stdx_json,嵌套对象 | encode | ProfileBundle | bytes,嵌套对象,encode,ProfileBundle,bytes,stdxBytesEncodeProfileBundle,2.057239,4.849,4.849,raw/run-02/workload-20-stdx_json,logs/run-02-workload-20-stdx_json.log
2,20,2,cjfast_json,嵌套对象 | encode | ProfileBundle | bytes,嵌套对象,encode,ProfileBundle,bytes,cjfastBytesEncodeProfileBundle,2.953736,4.849,5.101,raw/run-02/workload-20-cjfast_json,logs/run-02-workload-20-cjfast_json.log
2,20,3,yjson,嵌套对象 | encode | ProfileBundle | bytes,嵌套对象,encode,ProfileBundle,bytes,yjsonBytesEncodeProfileBundle,3.328711,5.101,5.101,raw/run-02/workload-20-yjson,logs/run-02-workload-20-yjson.log
2,21,1,stdx_json,嵌套对象 | decode | ProfileBundle | string,嵌套对象,decode,ProfileBundle,string,stdxStringDecodeProfileBundle,2.597598,5.101,4.853,raw/run-02/workload-21-stdx_json,logs/run-02-workload-21-stdx_json.log
2,21,2,cjfast_json,嵌套对象 | decode | ProfileBundle | string,嵌套对象,decode,ProfileBundle,string,cjfastStringDecodeProfileBundle,3.365043,4.853,4.853,raw/run-02/workload-21-cjfast_json,logs/run-02-workload-21-cjfast_json.log
2,21,3,yjson,嵌套对象 | decode | ProfileBundle | string,嵌套对象,decode,ProfileBundle,string,yjsonStringDecodeProfileBundle,3.778155,4.853,4.544,raw/run-02/workload-21-yjson,logs/run-02-workload-21-yjson.log
2,22,1,stdx_json,嵌套对象 | decode | ProfileBundle | bytes,嵌套对象,decode,ProfileBundle,bytes,stdxBytesDecodeProfileBundle,2.495278,4.544,4.340,raw/run-02/workload-22-stdx_json,logs/run-02-workload-22-stdx_json.log
2,22,2,cjfast_json,嵌套对象 | decode | ProfileBundle | bytes,嵌套对象,decode,ProfileBundle,bytes,cjfastBytesDecodeProfileBundle,3.594639,4.340,4.340,raw/run-02/workload-22-cjfast_json,logs/run-02-workload-22-cjfast_json.log
2,22,3,yjson,嵌套对象 | decode | ProfileBundle | bytes,嵌套对象,decode,ProfileBundle,bytes,yjsonBytesDecodeProfileBundle,3.485365,4.340,4.152,raw/run-02/workload-22-yjson,logs/run-02-workload-22-yjson.log
2,23,1,stdx_json,字段顺序 | decode | Person | string,字段顺序,decode,Person,string,stdxStringDecodeUnorderedPerson,2.808516,4.152,3.980,raw/run-02/workload-23-stdx_json,logs/run-02-workload-23-stdx_json.log
2,23,2,cjfast_json,字段顺序 | decode | Person | string,字段顺序,decode,Person,string,cjfastStringDecodeUnorderedPerson,3.248977,3.980,3.980,raw/run-02/workload-23-cjfast_json,logs/run-02-workload-23-cjfast_json.log
2,23,3,yjson,字段顺序 | decode | Person | string,字段顺序,decode,Person,string,yjsonStringDecodeUnorderedPerson,5.154241,3.980,3.821,raw/run-02/workload-23-yjson,logs/run-02-workload-23-yjson.log
2,24,1,stdx_json,大数组 | encode | ArrayList<ProfileRecord>[64] | string,大数组,encode,ArrayList<ProfileRecord>[64],string,stdxStringEncodeLargeProfileArray,2.318381,3.821,3.595,raw/run-02/workload-24-stdx_json,logs/run-02-workload-24-stdx_json.log
2,24,2,cjfast_json,大数组 | encode | ArrayList<ProfileRecord>[64] | string,大数组,encode,ArrayList<ProfileRecord>[64],string,cjfastStringEncodeLargeProfileArray,2.816831,3.595,3.595,raw/run-02/workload-24-cjfast_json,logs/run-02-workload-24-cjfast_json.log
2,24,3,yjson,大数组 | encode | ArrayList<ProfileRecord>[64] | string,大数组,encode,ArrayList<ProfileRecord>[64],string,yjsonStringEncodeLargeProfileArray,2.762605,3.595,3.467,raw/run-02/workload-24-yjson,logs/run-02-workload-24-yjson.log
2,25,1,stdx_json,大数组 | decode | ArrayList<ProfileRecord>[64] | string,大数组,decode,ArrayList<ProfileRecord>[64],string,stdxStringDecodeLargeProfileArray,2.531808,3.467,3.467,raw/run-02/workload-25-stdx_json,logs/run-02-workload-25-stdx_json.log
2,25,2,cjfast_json,大数组 | decode | ArrayList<ProfileRecord>[64] | string,大数组,decode,ArrayList<ProfileRecord>[64],string,cjfastStringDecodeLargeProfileArray,2.637383,3.467,3.270,raw/run-02/workload-25-cjfast_json,logs/run-02-workload-25-cjfast_json.log
2,25,3,yjson,大数组 | decode | ArrayList<ProfileRecord>[64] | string,大数组,decode,ArrayList<ProfileRecord>[64],string,yjsonStringDecodeLargeProfileArray,6.215386,3.270,3.328,raw/run-02/workload-25-yjson,logs/run-02-workload-25-yjson.log
2,26,1,stdx_json,"大 Map | encode | HashMap<String, Int64>[64] | string",大 Map,encode,"HashMap<String, Int64>[64]",string,stdxStringEncodeLargeInt64Map,2.537514,3.328,3.462,raw/run-02/workload-26-stdx_json,logs/run-02-workload-26-stdx_json.log
2,26,2,cjfast_json,"大 Map | encode | HashMap<String, Int64>[64] | string",大 Map,encode,"HashMap<String, Int64>[64]",string,cjfastStringEncodeLargeInt64Map,3.748216,3.462,3.462,raw/run-02/workload-26-cjfast_json,logs/run-02-workload-26-cjfast_json.log
2,26,3,yjson,"大 Map | encode | HashMap<String, Int64>[64] | string",大 Map,encode,"HashMap<String, Int64>[64]",string,yjsonStringEncodeLargeInt64Map,3.487473,3.462,3.506,raw/run-02/workload-26-yjson,logs/run-02-workload-26-yjson.log
2,27,1,stdx_json,"大 Map | decode | HashMap<String, Int64>[64] | string",大 Map,decode,"HashMap<String, Int64>[64]",string,stdxStringDecodeLargeInt64Map,3.104622,3.506,3.465,raw/run-02/workload-27-stdx_json,logs/run-02-workload-27-stdx_json.log
2,27,2,cjfast_json,"大 Map | decode | HashMap<String, Int64>[64] | string",大 Map,decode,"HashMap<String, Int64>[64]",string,cjfastStringDecodeLargeInt64Map,3.407371,3.465,3.465,raw/run-02/workload-27-cjfast_json,logs/run-02-workload-27-cjfast_json.log
2,27,3,yjson,"大 Map | decode | HashMap<String, Int64>[64] | string",大 Map,decode,"HashMap<String, Int64>[64]",string,yjsonStringDecodeLargeInt64Map,3.577856,3.465,3.508,raw/run-02/workload-27-yjson,logs/run-02-workload-27-yjson.log
2,28,1,stdx_json,基础对象 | encode | Person | string,基础对象,encode,Person,string,stdxStringEncodePerson,2.016023,3.508,3.387,raw/run-02/workload-28-stdx_json,logs/run-02-workload-28-stdx_json.log
2,28,2,cjfast_json,基础对象 | encode | Person | string,基础对象,encode,Person,string,cjfastStringEncodePerson,2.833765,3.387,3.387,raw/run-02/workload-28-cjfast_json,logs/run-02-workload-28-cjfast_json.log
2,28,3,yjson,基础对象 | encode | Person | string,基础对象,encode,Person,string,yjsonStringEncodePerson,2.990148,3.387,3.356,raw/run-02/workload-28-yjson,logs/run-02-workload-28-yjson.log
2,29,1,stdx_json,基础对象 | encode | Person | bytes,基础对象,encode,Person,bytes,stdxBytesEncodePerson,2.100156,3.356,3.356,raw/run-02/workload-29-stdx_json,logs/run-02-workload-29-stdx_json.log
2,29,2,cjfast_json,基础对象 | encode | Person | bytes,基础对象,encode,Person,bytes,cjfastBytesEncodePerson,2.856812,3.356,3.247,raw/run-02/workload-29-cjfast_json,logs/run-02-workload-29-cjfast_json.log
2,29,3,yjson,基础对象 | encode | Person | bytes,基础对象,encode,Person,bytes,yjsonBytesEncodePerson,3.000296,3.247,3.247,raw/run-02/workload-29-yjson,logs/run-02-workload-29-yjson.log
2,30,1,stdx_json,基础对象 | encode | Address | string,基础对象,encode,Address,string,stdxStringEncodeAddress,2.289687,3.247,3.147,raw/run-02/workload-30-stdx_json,logs/run-02-workload-30-stdx_json.log
2,30,2,cjfast_json,基础对象 | encode | Address | string,基础对象,encode,Address,string,cjfastStringEncodeAddress,2.905777,3.147,3.147,raw/run-02/workload-30-cjfast_json,logs/run-02-workload-30-cjfast_json.log
2,30,3,yjson,基础对象 | encode | Address | string,基础对象,encode,Address,string,yjsonStringEncodeAddress,2.910786,3.147,2.975,raw/run-02/workload-30-yjson,logs/run-02-workload-30-yjson.log
2,31,1,stdx_json,基础对象 | encode | Address | bytes,基础对象,encode,Address,bytes,stdxBytesEncodeAddress,2.158596,2.975,2.975,raw/run-02/workload-31-stdx_json,logs/run-02-workload-31-stdx_json.log
2,31,2,cjfast_json,基础对象 | encode | Address | bytes,基础对象,encode,Address,bytes,cjfastBytesEncodeAddress,2.381510,2.975,2.736,raw/run-02/workload-31-cjfast_json,logs/run-02-workload-31-cjfast_json.log
2,31,3,yjson,基础对象 | encode | Address | bytes,基础对象,encode,Address,bytes,yjsonBytesEncodeAddress,2.951700,2.736,2.736,raw/run-02/workload-31-yjson,logs/run-02-workload-31-yjson.log
2,32,1,stdx_json,基础对象 | decode | Person | string,基础对象,decode,Person,string,stdxStringDecodePerson,2.741780,2.736,2.597,raw/run-02/workload-32-stdx_json,logs/run-02-workload-32-stdx_json.log
2,32,2,cjfast_json,基础对象 | decode | Person | string,基础对象,decode,Person,string,cjfastStringDecodePerson,3.206939,2.597,2.549,raw/run-02/workload-32-cjfast_json,logs/run-02-workload-32-cjfast_json.log
2,32,3,yjson,基础对象 | decode | Person | string,基础对象,decode,Person,string,yjsonStringDecodePerson,7.670971,2.549,2.505,raw/run-02/workload-32-yjson,logs/run-02-workload-32-yjson.log
2,33,1,stdx_json,基础对象 | decode | Person | bytes,基础对象,decode,Person,bytes,stdxBytesDecodePerson,2.711213,2.505,2.464,raw/run-02/workload-33-stdx_json,logs/run-02-workload-33-stdx_json.log
2,33,2,cjfast_json,基础对象 | decode | Person | bytes,基础对象,decode,Person,bytes,cjfastBytesDecodePerson,3.217814,2.464,2.464,raw/run-02/workload-33-cjfast_json,logs/run-02-workload-33-cjfast_json.log
2,33,3,yjson,基础对象 | decode | Person | bytes,基础对象,decode,Person,bytes,yjsonBytesDecodePerson,7.221307,2.464,2.560,raw/run-02/workload-33-yjson,logs/run-02-workload-33-yjson.log
2,34,1,stdx_json,基础对象 | decode | Address | string,基础对象,decode,Address,string,stdxStringDecodeAddress,2.409642,2.560,2.560,raw/run-02/workload-34-stdx_json,logs/run-02-workload-34-stdx_json.log
2,34,2,cjfast_json,基础对象 | decode | Address | string,基础对象,decode,Address,string,cjfastStringDecodeAddress,2.438322,2.560,2.515,raw/run-02/workload-34-cjfast_json,logs/run-02-workload-34-cjfast_json.log
2,34,3,yjson,基础对象 | decode | Address | string,基础对象,decode,Address,string,yjsonStringDecodeAddress,3.443058,2.515,2.515,raw/run-02/workload-34-yjson,logs/run-02-workload-34-yjson.log
2,35,1,stdx_json,基础对象 | decode | Address | bytes,基础对象,decode,Address,bytes,stdxBytesDecodeAddress,2.526494,2.515,2.393,raw/run-02/workload-35-stdx_json,logs/run-02-workload-35-stdx_json.log
2,35,2,cjfast_json,基础对象 | decode | Address | bytes,基础对象,decode,Address,bytes,cjfastBytesDecodeAddress,2.555254,2.393,2.201,raw/run-02/workload-35-cjfast_json,logs/run-02-workload-35-cjfast_json.log
2,35,3,yjson,基础对象 | decode | Address | bytes,基础对象,decode,Address,bytes,yjsonBytesDecodeAddress,3.105914,2.201,2.201,raw/run-02/workload-35-yjson,logs/run-02-workload-35-yjson.log
2,36,1,stdx_json,Pretty JSON | encode | Person | string,Pretty JSON,encode,Person,string,stdxStringEncodePrettyPerson,2.134528,2.201,2.746,raw/run-02/workload-36-stdx_json,logs/run-02-workload-36-stdx_json.log
2,36,2,cjfast_json,Pretty JSON | encode | Person | string,Pretty JSON,encode,Person,string,cjfastStringEncodePrettyPerson,2.915897,2.746,2.746,raw/run-02/workload-36-cjfast_json,logs/run-02-workload-36-cjfast_json.log
2,36,3,yjson,Pretty JSON | encode | Person | string,Pretty JSON,encode,Person,string,yjsonStringEncodePrettyPerson,3.135547,2.746,2.686,raw/run-02/workload-36-yjson,logs/run-02-workload-36-yjson.log
3,1,1,cjfast_json,基础对象 | decode | Address | bytes,基础对象,decode,Address,bytes,cjfastBytesDecodeAddress,2.587512,2.686,2.686,raw/run-03/workload-01-cjfast_json,logs/run-03-workload-01-cjfast_json.log
3,1,2,yjson,基础对象 | decode | Address | bytes,基础对象,decode,Address,bytes,yjsonBytesDecodeAddress,3.247567,2.686,2.631,raw/run-03/workload-01-yjson,logs/run-03-workload-01-yjson.log
3,1,3,stdx_json,基础对象 | decode | Address | bytes,基础对象,decode,Address,bytes,stdxBytesDecodeAddress,2.380155,2.631,2.631,raw/run-03/workload-01-stdx_json,logs/run-03-workload-01-stdx_json.log
3,2,1,cjfast_json,基础对象 | decode | Address | string,基础对象,decode,Address,string,cjfastStringDecodeAddress,2.674481,2.631,2.580,raw/run-03/workload-02-cjfast_json,logs/run-03-workload-02-cjfast_json.log
3,2,2,yjson,基础对象 | decode | Address | string,基础对象,decode,Address,string,yjsonStringDecodeAddress,3.280009,2.580,3.174,raw/run-03/workload-02-yjson,logs/run-03-workload-02-yjson.log
3,2,3,stdx_json,基础对象 | decode | Address | string,基础对象,decode,Address,string,stdxStringDecodeAddress,2.418434,3.174,3.174,raw/run-03/workload-02-stdx_json,logs/run-03-workload-02-stdx_json.log
3,3,1,cjfast_json,基础对象 | decode | Person | bytes,基础对象,decode,Person,bytes,cjfastBytesDecodePerson,3.181927,3.174,3.080,raw/run-03/workload-03-cjfast_json,logs/run-03-workload-03-cjfast_json.log
3,3,2,yjson,基础对象 | decode | Person | bytes,基础对象,decode,Person,bytes,yjsonBytesDecodePerson,6.860398,3.080,2.913,raw/run-03/workload-03-yjson,logs/run-03-workload-03-yjson.log
3,3,3,stdx_json,基础对象 | decode | Person | bytes,基础对象,decode,Person,bytes,stdxBytesDecodePerson,2.891689,2.913,3.081,raw/run-03/workload-03-stdx_json,logs/run-03-workload-03-stdx_json.log
3,4,1,cjfast_json,基础对象 | decode | Person | string,基础对象,decode,Person,string,cjfastStringDecodePerson,3.367399,3.081,3.081,raw/run-03/workload-04-cjfast_json,logs/run-03-workload-04-cjfast_json.log
3,4,2,yjson,基础对象 | decode | Person | string,基础对象,decode,Person,string,yjsonStringDecodePerson,7.251799,3.081,2.914,raw/run-03/workload-04-yjson,logs/run-03-workload-04-yjson.log
3,4,3,stdx_json,基础对象 | decode | Person | string,基础对象,decode,Person,string,stdxStringDecodePerson,2.713612,2.914,2.914,raw/run-03/workload-04-stdx_json,logs/run-03-workload-04-stdx_json.log
3,5,1,cjfast_json,基础对象 | encode | Address | bytes,基础对象,encode,Address,bytes,cjfastBytesEncodeAddress,2.602315,2.914,2.841,raw/run-03/workload-05-cjfast_json,logs/run-03-workload-05-cjfast_json.log
3,5,2,yjson,基础对象 | encode | Address | bytes,基础对象,encode,Address,bytes,yjsonBytesEncodeAddress,3.170940,2.841,2.841,raw/run-03/workload-05-yjson,logs/run-03-workload-05-yjson.log
3,5,3,stdx_json,基础对象 | encode | Address | bytes,基础对象,encode,Address,bytes,stdxBytesEncodeAddress,2.204710,2.841,2.693,raw/run-03/workload-05-stdx_json,logs/run-03-workload-05-stdx_json.log
3,6,1,cjfast_json,基础对象 | encode | Address | string,基础对象,encode,Address,string,cjfastStringEncodeAddress,2.595356,2.693,2.693,raw/run-03/workload-06-cjfast_json,logs/run-03-workload-06-cjfast_json.log
3,6,2,yjson,基础对象 | encode | Address | string,基础对象,encode,Address,string,yjsonStringEncodeAddress,2.971578,2.693,2.638,raw/run-03/workload-06-yjson,logs/run-03-workload-06-yjson.log
3,6,3,stdx_json,基础对象 | encode | Address | string,基础对象,encode,Address,string,stdxStringEncodeAddress,2.189774,2.638,2.638,raw/run-03/workload-06-stdx_json,logs/run-03-workload-06-stdx_json.log
3,7,1,cjfast_json,基础对象 | encode | Person | bytes,基础对象,encode,Person,bytes,cjfastBytesEncodePerson,2.833804,2.638,2.506,raw/run-03/workload-07-cjfast_json,logs/run-03-workload-07-cjfast_json.log
3,7,2,yjson,基础对象 | encode | Person | bytes,基础对象,encode,Person,bytes,yjsonBytesEncodePerson,3.138563,2.506,2.786,raw/run-03/workload-07-yjson,logs/run-03-workload-07-yjson.log
3,7,3,stdx_json,基础对象 | encode | Person | bytes,基础对象,encode,Person,bytes,stdxBytesEncodePerson,2.180439,2.786,2.786,raw/run-03/workload-07-stdx_json,logs/run-03-workload-07-stdx_json.log
3,8,1,cjfast_json,基础对象 | encode | Person | string,基础对象,encode,Person,string,cjfastStringEncodePerson,2.782458,2.786,2.723,raw/run-03/workload-08-cjfast_json,logs/run-03-workload-08-cjfast_json.log
3,8,2,yjson,基础对象 | encode | Person | string,基础对象,encode,Person,string,yjsonStringEncodePerson,2.875046,2.723,2.723,raw/run-03/workload-08-yjson,logs/run-03-workload-08-yjson.log
3,8,3,stdx_json,基础对象 | encode | Person | string,基础对象,encode,Person,string,stdxStringEncodePerson,2.194658,2.723,2.665,raw/run-03/workload-08-stdx_json,logs/run-03-workload-08-stdx_json.log
3,9,1,cjfast_json,"大 Map | decode | HashMap<String, Int64>[64] | string",大 Map,decode,"HashMap<String, Int64>[64]",string,cjfastStringDecodeLargeInt64Map,3.350714,2.665,2.665,raw/run-03/workload-09-cjfast_json,logs/run-03-workload-09-cjfast_json.log
3,9,2,yjson,"大 Map | decode | HashMap<String, Int64>[64] | string",大 Map,decode,"HashMap<String, Int64>[64]",string,yjsonStringDecodeLargeInt64Map,3.581397,2.665,2.692,raw/run-03/workload-09-yjson,logs/run-03-workload-09-yjson.log
3,9,3,stdx_json,"大 Map | decode | HashMap<String, Int64>[64] | string",大 Map,decode,"HashMap<String, Int64>[64]",string,stdxStringDecodeLargeInt64Map,2.892063,2.692,2.636,raw/run-03/workload-09-stdx_json,logs/run-03-workload-09-stdx_json.log
3,10,1,cjfast_json,"大 Map | encode | HashMap<String, Int64>[64] | string",大 Map,encode,"HashMap<String, Int64>[64]",string,cjfastStringEncodeLargeInt64Map,3.416642,2.636,2.636,raw/run-03/workload-10-cjfast_json,logs/run-03-workload-10-cjfast_json.log
3,10,2,yjson,"大 Map | encode | HashMap<String, Int64>[64] | string",大 Map,encode,"HashMap<String, Int64>[64]",string,yjsonStringEncodeLargeInt64Map,3.368665,2.636,2.585,raw/run-03/workload-10-yjson,logs/run-03-workload-10-yjson.log
3,10,3,stdx_json,"大 Map | encode | HashMap<String, Int64>[64] | string",大 Map,encode,"HashMap<String, Int64>[64]",string,stdxStringEncodeLargeInt64Map,2.597209,2.585,2.779,raw/run-03/workload-10-stdx_json,logs/run-03-workload-10-stdx_json.log
3,11,1,cjfast_json,大数组 | decode | ArrayList<ProfileRecord>[64] | string,大数组,decode,ArrayList<ProfileRecord>[64],string,cjfastStringDecodeLargeProfileArray,2.500257,2.779,2.779,raw/run-03/workload-11-cjfast_json,logs/run-03-workload-11-cjfast_json.log
3,11,2,yjson,大数组 | decode | ArrayList<ProfileRecord>[64] | string,大数组,decode,ArrayList<ProfileRecord>[64],string,yjsonStringDecodeLargeProfileArray,5.300516,2.779,2.716,raw/run-03/workload-11-yjson,logs/run-03-workload-11-yjson.log
3,11,3,stdx_json,大数组 | decode | ArrayList<ProfileRecord>[64] | string,大数组,decode,ArrayList<ProfileRecord>[64],string,stdxStringDecodeLargeProfileArray,2.590192,2.716,2.659,raw/run-03/workload-11-stdx_json,logs/run-03-workload-11-stdx_json.log
3,12,1,cjfast_json,大数组 | encode | ArrayList<ProfileRecord>[64] | string,大数组,encode,ArrayList<ProfileRecord>[64],string,cjfastStringEncodeLargeProfileArray,2.625583,2.659,2.659,raw/run-03/workload-12-cjfast_json,logs/run-03-workload-12-cjfast_json.log
3,12,2,yjson,大数组 | encode | ArrayList<ProfileRecord>[64] | string,大数组,encode,ArrayList<ProfileRecord>[64],string,yjsonStringEncodeLargeProfileArray,2.655860,2.659,2.686,raw/run-03/workload-12-yjson,logs/run-03-workload-12-yjson.log
3,12,3,stdx_json,大数组 | encode | ArrayList<ProfileRecord>[64] | string,大数组,encode,ArrayList<ProfileRecord>[64],string,stdxStringEncodeLargeProfileArray,2.440659,2.686,2.686,raw/run-03/workload-12-stdx_json,logs/run-03-workload-12-stdx_json.log
3,13,1,cjfast_json,字段顺序 | decode | Person | string,字段顺序,decode,Person,string,cjfastStringDecodeUnorderedPerson,3.173034,2.686,2.631,raw/run-03/workload-13-cjfast_json,logs/run-03-workload-13-cjfast_json.log
3,13,2,yjson,字段顺序 | decode | Person | string,字段顺序,decode,Person,string,yjsonStringDecodeUnorderedPerson,5.358630,2.631,2.580,raw/run-03/workload-13-yjson,logs/run-03-workload-13-yjson.log
3,13,3,stdx_json,字段顺序 | decode | Person | string,字段顺序,decode,Person,string,stdxStringDecodeUnorderedPerson,2.917816,2.580,2.580,raw/run-03/workload-13-stdx_json,logs/run-03-workload-13-stdx_json.log
3,14,1,cjfast_json,嵌套对象 | decode | ProfileBundle | bytes,嵌套对象,decode,ProfileBundle,bytes,cjfastBytesDecodeProfileBundle,3.211757,2.580,2.614,raw/run-03/workload-14-cjfast_json,logs/run-03-workload-14-cjfast_json.log
3,14,2,yjson,嵌套对象 | decode | ProfileBundle | bytes,嵌套对象,decode,ProfileBundle,bytes,yjsonBytesDecodeProfileBundle,3.733850,2.614,2.645,raw/run-03/workload-14-yjson,logs/run-03-workload-14-yjson.log
3,14,3,stdx_json,嵌套对象 | decode | ProfileBundle | bytes,嵌套对象,decode,ProfileBundle,bytes,stdxBytesDecodeProfileBundle,2.798788,2.645,2.645,raw/run-03/workload-14-stdx_json,logs/run-03-workload-14-stdx_json.log
3,15,1,cjfast_json,嵌套对象 | decode | ProfileBundle | string,嵌套对象,decode,ProfileBundle,string,cjfastStringDecodeProfileBundle,3.306015,2.645,2.593,raw/run-03/workload-15-cjfast_json,logs/run-03-workload-15-cjfast_json.log
3,15,2,yjson,嵌套对象 | decode | ProfileBundle | string,嵌套对象,decode,ProfileBundle,string,yjsonStringDecodeProfileBundle,3.592979,2.593,2.626,raw/run-03/workload-15-yjson,logs/run-03-workload-15-yjson.log
3,15,3,stdx_json,嵌套对象 | decode | ProfileBundle | string,嵌套对象,decode,ProfileBundle,string,stdxStringDecodeProfileBundle,2.381044,2.626,2.626,raw/run-03/workload-15-stdx_json,logs/run-03-workload-15-stdx_json.log
3,16,1,cjfast_json,嵌套对象 | encode | ProfileBundle | bytes,嵌套对象,encode,ProfileBundle,bytes,cjfastBytesEncodeProfileBundle,2.992409,2.626,2.576,raw/run-03/workload-16-cjfast_json,logs/run-03-workload-16-cjfast_json.log
3,16,2,yjson,嵌套对象 | encode | ProfileBundle | bytes,嵌套对象,encode,ProfileBundle,bytes,yjsonBytesEncodeProfileBundle,3.315942,2.576,2.576,raw/run-03/workload-16-yjson,logs/run-03-workload-16-yjson.log
3,16,3,stdx_json,嵌套对象 | encode | ProfileBundle | bytes,嵌套对象,encode,ProfileBundle,bytes,stdxBytesEncodeProfileBundle,2.160568,2.576,2.850,raw/run-03/workload-16-stdx_json,logs/run-03-workload-16-stdx_json.log
3,17,1,cjfast_json,嵌套对象 | encode | ProfileBundle | string,嵌套对象,encode,ProfileBundle,string,cjfastStringEncodeProfileBundle,2.953239,2.850,2.942,raw/run-03/workload-17-cjfast_json,logs/run-03-workload-17-cjfast_json.log
3,17,2,yjson,嵌套对象 | encode | ProfileBundle | string,嵌套对象,encode,ProfileBundle,string,yjsonStringEncodeProfileBundle,3.287946,2.942,2.942,raw/run-03/workload-17-yjson,logs/run-03-workload-17-yjson.log
3,17,3,stdx_json,嵌套对象 | encode | ProfileBundle | string,嵌套对象,encode,ProfileBundle,string,stdxStringEncodeProfileBundle,2.149476,2.942,3.188,raw/run-03/workload-17-stdx_json,logs/run-03-workload-17-stdx_json.log
3,18,1,cjfast_json,数值边界 | decode | UInt64Envelope | bytes,数值边界,decode,UInt64Envelope,bytes,cjfastBytesDecodeUInt64Envelope,3.463082,3.188,3.188,raw/run-03/workload-18-cjfast_json,logs/run-03-workload-18-cjfast_json.log
3,18,2,yjson,数值边界 | decode | UInt64Envelope | bytes,数值边界,decode,UInt64Envelope,bytes,yjsonBytesDecodeUInt64Envelope,3.563910,3.188,3.092,raw/run-03/workload-18-yjson,logs/run-03-workload-18-yjson.log
3,18,3,stdx_json,数值边界 | decode | UInt64Envelope | bytes,数值边界,decode,UInt64Envelope,bytes,stdxBytesDecodeUInt64Envelope,2.526017,3.092,3.092,raw/run-03/workload-18-stdx_json,logs/run-03-workload-18-stdx_json.log
3,19,1,cjfast_json,数值边界 | decode | UInt64Envelope | string,数值边界,decode,UInt64Envelope,string,cjfastStringDecodeUInt64Envelope,2.953203,3.092,3.165,raw/run-03/workload-19-cjfast_json,logs/run-03-workload-19-cjfast_json.log
3,19,2,yjson,数值边界 | decode | UInt64Envelope | string,数值边界,decode,UInt64Envelope,string,yjsonStringDecodeUInt64Envelope,3.486638,3.165,3.071,raw/run-03/workload-19-yjson,logs/run-03-workload-19-yjson.log
3,19,3,stdx_json,数值边界 | decode | UInt64Envelope | string,数值边界,decode,UInt64Envelope,string,stdxStringDecodeUInt64Envelope,2.797713,3.071,3.071,raw/run-03/workload-19-stdx_json,logs/run-03-workload-19-stdx_json.log
3,20,1,cjfast_json,数值边界 | encode | UInt64Envelope | bytes,数值边界,encode,UInt64Envelope,bytes,cjfastBytesEncodeUInt64Envelope,3.105930,3.071,2.985,raw/run-03/workload-20-cjfast_json,logs/run-03-workload-20-cjfast_json.log
3,20,2,yjson,数值边界 | encode | UInt64Envelope | bytes,数值边界,encode,UInt64Envelope,bytes,yjsonBytesEncodeUInt64Envelope,3.231118,2.985,3.467,raw/run-03/workload-20-yjson,logs/run-03-workload-20-yjson.log
3,20,3,stdx_json,数值边界 | encode | UInt64Envelope | bytes,数值边界,encode,UInt64Envelope,bytes,stdxBytesEncodeUInt64Envelope,2.322099,3.467,3.467,raw/run-03/workload-20-stdx_json,logs/run-03-workload-20-stdx_json.log
3,21,1,cjfast_json,数值边界 | encode | UInt64Envelope | string,数值边界,encode,UInt64Envelope,string,cjfastStringEncodeUInt64Envelope,2.757364,3.467,3.590,raw/run-03/workload-21-cjfast_json,logs/run-03-workload-21-cjfast_json.log
3,21,2,yjson,数值边界 | encode | UInt64Envelope | string,数值边界,encode,UInt64Envelope,string,yjsonStringEncodeUInt64Envelope,3.163009,3.590,3.590,raw/run-03/workload-21-yjson,logs/run-03-workload-21-yjson.log
3,21,3,stdx_json,数值边界 | encode | UInt64Envelope | string,数值边界,encode,UInt64Envelope,string,stdxStringEncodeUInt64Envelope,2.167690,3.590,3.463,raw/run-03/workload-21-stdx_json,logs/run-03-workload-21-stdx_json.log
3,22,1,cjfast_json,时间/大数 | decode | TemporalStats | bytes,时间/大数,decode,TemporalStats,bytes,cjfastBytesDecodeTemporalStats,3.324928,3.463,3.463,raw/run-03/workload-22-cjfast_json,logs/run-03-workload-22-cjfast_json.log
3,22,2,yjson,时间/大数 | decode | TemporalStats | bytes,时间/大数,decode,TemporalStats,bytes,yjsonBytesDecodeTemporalStats,3.427513,3.463,3.346,raw/run-03/workload-22-yjson,logs/run-03-workload-22-yjson.log
3,22,3,stdx_json,时间/大数 | decode | TemporalStats | bytes,时间/大数,decode,TemporalStats,bytes,stdxBytesDecodeTemporalStats,2.690106,3.346,3.799,raw/run-03/workload-22-stdx_json,logs/run-03-workload-22-stdx_json.log
3,23,1,cjfast_json,时间/大数 | decode | TemporalStats | string,时间/大数,decode,TemporalStats,string,cjfastStringDecodeTemporalStats,3.211098,3.799,3.799,raw/run-03/workload-23-cjfast_json,logs/run-03-workload-23-cjfast_json.log
3,23,2,yjson,时间/大数 | decode | TemporalStats | string,时间/大数,decode,TemporalStats,string,yjsonStringDecodeTemporalStats,3.241806,3.799,3.654,raw/run-03/workload-23-yjson,logs/run-03-workload-23-yjson.log
3,23,3,stdx_json,时间/大数 | decode | TemporalStats | string,时间/大数,decode,TemporalStats,string,stdxStringDecodeTemporalStats,2.712150,3.654,3.654,raw/run-03/workload-23-stdx_json,logs/run-03-workload-23-stdx_json.log
3,24,1,cjfast_json,时间/大数 | encode | TemporalStats | bytes,时间/大数,encode,TemporalStats,bytes,cjfastBytesEncodeTemporalStats,2.919133,3.654,4.002,raw/run-03/workload-24-cjfast_json,logs/run-03-workload-24-cjfast_json.log
3,24,2,yjson,时间/大数 | encode | TemporalStats | bytes,时间/大数,encode,TemporalStats,bytes,yjsonBytesEncodeTemporalStats,3.285469,4.002,4.483,raw/run-03/workload-24-yjson,logs/run-03-workload-24-yjson.log
3,24,3,stdx_json,时间/大数 | encode | TemporalStats | bytes,时间/大数,encode,TemporalStats,bytes,stdxBytesEncodeTemporalStats,2.426187,4.483,4.483,raw/run-03/workload-24-stdx_json,logs/run-03-workload-24-stdx_json.log
3,25,1,cjfast_json,时间/大数 | encode | TemporalStats | string,时间/大数,encode,TemporalStats,string,cjfastStringEncodeTemporalStats,3.003490,4.483,4.444,raw/run-03/workload-25-cjfast_json,logs/run-03-workload-25-cjfast_json.log
3,25,2,yjson,时间/大数 | encode | TemporalStats | string,时间/大数,encode,TemporalStats,string,yjsonStringEncodeTemporalStats,3.212047,4.444,4.444,raw/run-03/workload-25-yjson,logs/run-03-workload-25-yjson.log
3,25,3,stdx_json,时间/大数 | encode | TemporalStats | string,时间/大数,encode,TemporalStats,string,stdxStringEncodeTemporalStats,1.897742,4.444,4.328,raw/run-03/workload-25-stdx_json,logs/run-03-workload-25-stdx_json.log
3,26,1,cjfast_json,未知字段 | decode | Person | string,未知字段,decode,Person,string,cjfastStringDecodeUnknownPerson,3.079832,4.328,4.328,raw/run-03/workload-26-cjfast_json,logs/run-03-workload-26-cjfast_json.log
3,26,2,yjson,未知字段 | decode | Person | string,未知字段,decode,Person,string,yjsonStringDecodeUnknownPerson,5.483815,4.328,4.302,raw/run-03/workload-26-yjson,logs/run-03-workload-26-yjson.log
3,26,3,stdx_json,未知字段 | decode | Person | string,未知字段,decode,Person,string,stdxStringDecodeUnknownPerson,2.602315,4.302,4.117,raw/run-03/workload-26-stdx_json,logs/run-03-workload-26-stdx_json.log
3,27,1,cjfast_json,流式 I/O | decode | Person | stream,流式 I/O,decode,Person,stream,cjfastStreamDecodePerson,3.370103,4.117,4.268,raw/run-03/workload-27-cjfast_json,logs/run-03-workload-27-cjfast_json.log
3,27,2,yjson,流式 I/O | decode | Person | stream,流式 I/O,decode,Person,stream,yjsonStreamDecodePerson,2.776043,4.268,4.268,raw/run-03/workload-27-yjson,logs/run-03-workload-27-yjson.log
3,27,3,stdx_json,流式 I/O | decode | Person | stream,流式 I/O,decode,Person,stream,stdxStreamDecodePerson,2.747389,4.268,4.167,raw/run-03/workload-27-stdx_json,logs/run-03-workload-27-stdx_json.log
3,28,1,cjfast_json,流式 I/O | encode | Person | stream,流式 I/O,encode,Person,stream,cjfastStreamEncodePerson,3.136783,4.167,4.167,raw/run-03/workload-28-cjfast_json,logs/run-03-workload-28-cjfast_json.log
3,28,2,yjson,流式 I/O | encode | Person | stream,流式 I/O,encode,Person,stream,yjsonStreamEncodePerson,2.732803,4.167,3.993,raw/run-03/workload-28-yjson,logs/run-03-workload-28-yjson.log
3,28,3,stdx_json,流式 I/O | encode | Person | stream,流式 I/O,encode,Person,stream,stdxStreamEncodePerson,2.082269,3.993,3.993,raw/run-03/workload-28-stdx_json,logs/run-03-workload-28-stdx_json.log
3,29,1,cjfast_json,"深层嵌套 | decode | ArrayList<HashMap<String, ArrayList<ProfileRecord>>> | string",深层嵌套,decode,"ArrayList<HashMap<String, ArrayList<ProfileRecord>>>",string,cjfastStringDecodeDeepNestedProfiles,3.087638,3.993,3.913,raw/run-03/workload-29-cjfast_json,logs/run-03-workload-29-cjfast_json.log
3,29,2,yjson,"深层嵌套 | decode | ArrayList<HashMap<String, ArrayList<ProfileRecord>>> | string",深层嵌套,decode,"ArrayList<HashMap<String, ArrayList<ProfileRecord>>>",string,yjsonStringDecodeDeepNestedProfiles,4.048497,3.913,3.840,raw/run-03/workload-29-yjson,logs/run-03-workload-29-yjson.log
3,29,3,stdx_json,"深层嵌套 | decode | ArrayList<HashMap<String, ArrayList<ProfileRecord>>> | string",深层嵌套,decode,"ArrayList<HashMap<String, ArrayList<ProfileRecord>>>",string,stdxStringDecodeDeepNestedProfiles,2.545271,3.840,3.840,raw/run-03/workload-29-stdx_json,logs/run-03-workload-29-stdx_json.log
3,30,1,cjfast_json,"深层嵌套 | encode | ArrayList<HashMap<String, ArrayList<ProfileRecord>>> | string",深层嵌套,encode,"ArrayList<HashMap<String, ArrayList<ProfileRecord>>>",string,cjfastStringEncodeDeepNestedProfiles,3.079420,3.840,3.772,raw/run-03/workload-30-cjfast_json,logs/run-03-workload-30-cjfast_json.log
3,30,2,yjson,"深层嵌套 | encode | ArrayList<HashMap<String, ArrayList<ProfileRecord>>> | string",深层嵌套,encode,"ArrayList<HashMap<String, ArrayList<ProfileRecord>>>",string,yjsonStringEncodeDeepNestedProfiles,2.859326,3.772,3.772,raw/run-03/workload-30-yjson,logs/run-03-workload-30-yjson.log
3,30,3,stdx_json,"深层嵌套 | encode | ArrayList<HashMap<String, ArrayList<ProfileRecord>>> | string",深层嵌套,encode,"ArrayList<HashMap<String, ArrayList<ProfileRecord>>>",string,stdxStringEncodeDeepNestedProfiles,2.503835,3.772,3.630,raw/run-03/workload-30-stdx_json,logs/run-03-workload-30-stdx_json.log
3,31,1,cjfast_json,转义/Unicode | decode | String | bytes,转义/Unicode,decode,String,bytes,cjfastBytesDecodeEscapedUnicodeString,2.509669,3.630,3.630,raw/run-03/workload-31-cjfast_json,logs/run-03-workload-31-cjfast_json.log
3,31,2,yjson,转义/Unicode | decode | String | bytes,转义/Unicode,decode,String,bytes,yjsonBytesDecodeEscapedUnicodeString,3.572868,3.630,3.500,raw/run-03/workload-31-yjson,logs/run-03-workload-31-yjson.log
3,31,3,stdx_json,转义/Unicode | decode | String | bytes,转义/Unicode,decode,String,bytes,stdxBytesDecodeEscapedUnicodeString,2.406281,3.500,11.067,raw/run-03/workload-31-stdx_json,logs/run-03-workload-31-stdx_json.log
3,32,1,cjfast_json,转义/Unicode | decode | String | string,转义/Unicode,decode,String,string,cjfastStringDecodeEscapedUnicodeString,2.733709,11.067,11.067,raw/run-03/workload-32-cjfast_json,logs/run-03-workload-32-cjfast_json.log
3,32,2,yjson,转义/Unicode | decode | String | string,转义/Unicode,decode,String,string,yjsonStringDecodeEscapedUnicodeString,3.598003,11.067,10.421,raw/run-03/workload-32-yjson,logs/run-03-workload-32-yjson.log
3,32,3,stdx_json,转义/Unicode | decode | String | string,转义/Unicode,decode,String,string,stdxStringDecodeEscapedUnicodeString,2.452678,10.421,10.421,raw/run-03/workload-32-stdx_json,logs/run-03-workload-32-stdx_json.log
3,33,1,cjfast_json,转义/Unicode | encode | String | bytes,转义/Unicode,encode,String,bytes,cjfastBytesEncodeEscapedUnicodeString,2.501990,10.421,10.066,raw/run-03/workload-33-cjfast_json,logs/run-03-workload-33-cjfast_json.log
3,33,2,yjson,转义/Unicode | encode | String | bytes,转义/Unicode,encode,String,bytes,yjsonBytesEncodeEscapedUnicodeString,3.138485,10.066,9.901,raw/run-03/workload-33-yjson,logs/run-03-workload-33-yjson.log
3,33,3,stdx_json,转义/Unicode | encode | String | bytes,转义/Unicode,encode,String,bytes,stdxBytesEncodeEscapedUnicodeString,2.126622,9.901,9.901,raw/run-03/workload-33-stdx_json,logs/run-03-workload-33-stdx_json.log
3,34,1,cjfast_json,转义/Unicode | encode | String | string,转义/Unicode,encode,String,string,cjfastStringEncodeEscapedUnicodeString,2.365798,9.901,9.901,raw/run-03/workload-34-cjfast_json,logs/run-03-workload-34-cjfast_json.log
3,34,2,yjson,转义/Unicode | encode | String | string,转义/Unicode,encode,String,string,yjsonStringEncodeEscapedUnicodeString,3.028630,9.901,9.268,raw/run-03/workload-34-yjson,logs/run-03-workload-34-yjson.log
3,34,3,stdx_json,转义/Unicode | encode | String | string,转义/Unicode,encode,String,string,stdxStringEncodeEscapedUnicodeString,2.330753,9.268,9.167,raw/run-03/workload-34-stdx_json,logs/run-03-workload-34-stdx_json.log
3,35,1,cjfast_json,Pretty JSON | decode | Person | string,Pretty JSON,decode,Person,string,cjfastStringDecodePrettyPerson,3.125417,9.167,9.167,raw/run-03/workload-35-cjfast_json,logs/run-03-workload-35-cjfast_json.log
3,35,2,yjson,Pretty JSON | decode | Person | string,Pretty JSON,decode,Person,string,yjsonStringDecodePrettyPerson,5.498486,9.167,8.672,raw/run-03/workload-35-yjson,logs/run-03-workload-35-yjson.log
3,35,3,stdx_json,Pretty JSON | decode | Person | string,Pretty JSON,decode,Person,string,stdxStringDecodePrettyPerson,2.637923,8.672,8.298,raw/run-03/workload-35-stdx_json,logs/run-03-workload-35-stdx_json.log
3,36,1,cjfast_json,Pretty JSON | encode | Person | string,Pretty JSON,encode,Person,string,cjfastStringEncodePrettyPerson,2.894867,8.298,8.298,raw/run-03/workload-36-cjfast_json,logs/run-03-workload-36-cjfast_json.log
3,36,2,yjson,Pretty JSON | encode | Person | string,Pretty JSON,encode,Person,string,yjsonStringEncodePrettyPerson,3.062108,8.298,7.874,raw/run-03/workload-36-yjson,logs/run-03-workload-36-yjson.log
3,36,3,stdx_json,Pretty JSON | encode | Person | string,Pretty JSON,encode,Person,string,stdxStringEncodePrettyPerson,2.016008,7.874,7.874,raw/run-03/workload-36-stdx_json,logs/run-03-workload-36-stdx_json.log
4,1,1,yjson,基础对象 | decode | Address | bytes,基础对象,decode,Address,bytes,yjsonBytesDecodeAddress,3.440485,7.874,7.563,raw/run-04/workload-01-yjson,logs/run-04-workload-01-yjson.log
4,1,2,stdx_json,基础对象 | decode | Address | bytes,基础对象,decode,Address,bytes,stdxBytesDecodeAddress,2.381779,7.563,7.838,raw/run-04/workload-01-stdx_json,logs/run-04-workload-01-stdx_json.log
4,1,3,cjfast_json,基础对象 | decode | Address | bytes,基础对象,decode,Address,bytes,cjfastBytesDecodeAddress,2.392973,7.838,7.838,raw/run-04/workload-01-cjfast_json,logs/run-04-workload-01-cjfast_json.log
4,2,1,yjson,Pretty JSON | encode | Person | string,Pretty JSON,encode,Person,string,yjsonStringEncodePrettyPerson,3.075005,7.838,7.771,raw/run-04/workload-02-yjson,logs/run-04-workload-02-yjson.log
4,2,2,stdx_json,Pretty JSON | encode | Person | string,Pretty JSON,encode,Person,string,stdxStringEncodePrettyPerson,1.959031,7.771,7.771,raw/run-04/workload-02-stdx_json,logs/run-04-workload-02-stdx_json.log
4,2,3,cjfast_json,Pretty JSON | encode | Person | string,Pretty JSON,encode,Person,string,cjfastStringEncodePrettyPerson,2.918675,7.771,7.950,raw/run-04/workload-02-cjfast_json,logs/run-04-workload-02-cjfast_json.log
4,3,1,yjson,Pretty JSON | decode | Person | string,Pretty JSON,decode,Person,string,yjsonStringDecodePrettyPerson,6.338248,7.950,7.633,raw/run-04/workload-03-yjson,logs/run-04-workload-03-yjson.log
4,3,2,stdx_json,Pretty JSON | decode | Person | string,Pretty JSON,decode,Person,string,stdxStringDecodePrettyPerson,2.975799,7.633,7.633,raw/run-04/workload-03-stdx_json,logs/run-04-workload-03-stdx_json.log
4,3,3,cjfast_json,Pretty JSON | decode | Person | string,Pretty JSON,decode,Person,string,cjfastStringDecodePrettyPerson,3.176898,7.633,7.102,raw/run-04/workload-03-cjfast_json,logs/run-04-workload-03-cjfast_json.log
4,4,1,yjson,转义/Unicode | encode | String | string,转义/Unicode,encode,String,string,yjsonStringEncodeEscapedUnicodeString,3.032328,7.102,7.014,raw/run-04/workload-04-yjson,logs/run-04-workload-04-yjson.log
4,4,2,stdx_json,转义/Unicode | encode | String | string,转义/Unicode,encode,String,string,stdxStringEncodeEscapedUnicodeString,2.452466,7.014,7.014,raw/run-04/workload-04-stdx_json,logs/run-04-workload-04-stdx_json.log
4,4,3,cjfast_json,转义/Unicode | encode | String | string,转义/Unicode,encode,String,string,cjfastStringEncodeEscapedUnicodeString,2.567671,7.014,6.852,raw/run-04/workload-04-cjfast_json,logs/run-04-workload-04-cjfast_json.log
4,5,1,yjson,转义/Unicode | encode | String | bytes,转义/Unicode,encode,String,bytes,yjsonBytesEncodeEscapedUnicodeString,3.155895,6.852,6.852,raw/run-04/workload-05-yjson,logs/run-04-workload-05-yjson.log
4,5,2,stdx_json,转义/Unicode | encode | String | bytes,转义/Unicode,encode,String,bytes,stdxBytesEncodeEscapedUnicodeString,2.264055,6.852,6.624,raw/run-04/workload-05-stdx_json,logs/run-04-workload-05-stdx_json.log
4,5,3,cjfast_json,转义/Unicode | encode | String | bytes,转义/Unicode,encode,String,bytes,cjfastBytesEncodeEscapedUnicodeString,2.419213,6.624,6.624,raw/run-04/workload-05-cjfast_json,logs/run-04-workload-05-cjfast_json.log
4,6,1,yjson,转义/Unicode | decode | String | string,转义/Unicode,decode,String,string,yjsonStringDecodeEscapedUnicodeString,3.541189,6.624,6.333,raw/run-04/workload-06-yjson,logs/run-04-workload-06-yjson.log
4,6,2,stdx_json,转义/Unicode | decode | String | string,转义/Unicode,decode,String,string,stdxStringDecodeEscapedUnicodeString,2.547327,6.333,6.333,raw/run-04/workload-06-stdx_json,logs/run-04-workload-06-stdx_json.log
4,6,3,cjfast_json,转义/Unicode | decode | String | string,转义/Unicode,decode,String,string,cjfastStringDecodeEscapedUnicodeString,2.788120,6.333,6.226,raw/run-04/workload-06-cjfast_json,logs/run-04-workload-06-cjfast_json.log
4,7,1,yjson,转义/Unicode | decode | String | bytes,转义/Unicode,decode,String,bytes,yjsonBytesDecodeEscapedUnicodeString,3.540739,6.226,6.047,raw/run-04/workload-07-yjson,logs/run-04-workload-07-yjson.log
4,7,2,stdx_json,转义/Unicode | decode | String | bytes,转义/Unicode,decode,String,bytes,stdxBytesDecodeEscapedUnicodeString,2.261017,6.047,6.047,raw/run-04/workload-07-stdx_json,logs/run-04-workload-07-stdx_json.log
4,7,3,cjfast_json,转义/Unicode | decode | String | bytes,转义/Unicode,decode,String,bytes,cjfastBytesDecodeEscapedUnicodeString,2.665999,6.047,5.963,raw/run-04/workload-07-cjfast_json,logs/run-04-workload-07-cjfast_json.log
4,8,1,yjson,"深层嵌套 | encode | ArrayList<HashMap<String, ArrayList<ProfileRecord>>> | string",深层嵌套,encode,"ArrayList<HashMap<String, ArrayList<ProfileRecord>>>",string,yjsonStringEncodeDeepNestedProfiles,2.934886,5.963,5.963,raw/run-04/workload-08-yjson,logs/run-04-workload-08-yjson.log
4,8,2,stdx_json,"深层嵌套 | encode | ArrayList<HashMap<String, ArrayList<ProfileRecord>>> | string",深层嵌套,encode,"ArrayList<HashMap<String, ArrayList<ProfileRecord>>>",string,stdxStringEncodeDeepNestedProfiles,2.590166,5.963,5.967,raw/run-04/workload-08-stdx_json,logs/run-04-workload-08-stdx_json.log
4,8,3,cjfast_json,"深层嵌套 | encode | ArrayList<HashMap<String, ArrayList<ProfileRecord>>> | string",深层嵌套,encode,"ArrayList<HashMap<String, ArrayList<ProfileRecord>>>",string,cjfastStringEncodeDeepNestedProfiles,3.064166,5.967,5.967,raw/run-04/workload-08-cjfast_json,logs/run-04-workload-08-cjfast_json.log
4,9,1,yjson,"深层嵌套 | decode | ArrayList<HashMap<String, ArrayList<ProfileRecord>>> | string",深层嵌套,decode,"ArrayList<HashMap<String, ArrayList<ProfileRecord>>>",string,yjsonStringDecodeDeepNestedProfiles,3.419854,5.967,5.889,raw/run-04/workload-09-yjson,logs/run-04-workload-09-yjson.log
4,9,2,stdx_json,"深层嵌套 | decode | ArrayList<HashMap<String, ArrayList<ProfileRecord>>> | string",深层嵌套,decode,"ArrayList<HashMap<String, ArrayList<ProfileRecord>>>",string,stdxStringDecodeDeepNestedProfiles,2.724115,5.889,5.738,raw/run-04/workload-09-stdx_json,logs/run-04-workload-09-stdx_json.log
4,9,3,cjfast_json,"深层嵌套 | decode | ArrayList<HashMap<String, ArrayList<ProfileRecord>>> | string",深层嵌套,decode,"ArrayList<HashMap<String, ArrayList<ProfileRecord>>>",string,cjfastStringDecodeDeepNestedProfiles,3.111401,5.738,5.738,raw/run-04/workload-09-cjfast_json,logs/run-04-workload-09-cjfast_json.log
4,10,1,yjson,流式 I/O | encode | Person | stream,流式 I/O,encode,Person,stream,yjsonStreamEncodePerson,2.596464,5.738,5.599,raw/run-04/workload-10-yjson,logs/run-04-workload-10-yjson.log
4,10,2,stdx_json,流式 I/O | encode | Person | stream,流式 I/O,encode,Person,stream,stdxStreamEncodePerson,2.345698,5.599,5.599,raw/run-04/workload-10-stdx_json,logs/run-04-workload-10-stdx_json.log
4,10,3,cjfast_json,流式 I/O | encode | Person | stream,流式 I/O,encode,Person,stream,cjfastStreamEncodePerson,2.751463,5.599,5.390,raw/run-04/workload-10-cjfast_json,logs/run-04-workload-10-cjfast_json.log
4,11,1,yjson,流式 I/O | decode | Person | stream,流式 I/O,decode,Person,stream,yjsonStreamDecodePerson,2.866338,5.390,5.390,raw/run-04/workload-11-yjson,logs/run-04-workload-11-yjson.log
4,11,2,stdx_json,流式 I/O | decode | Person | stream,流式 I/O,decode,Person,stream,stdxStreamDecodePerson,2.666688,5.390,5.439,raw/run-04/workload-11-stdx_json,logs/run-04-workload-11-stdx_json.log
4,11,3,cjfast_json,流式 I/O | decode | Person | stream,流式 I/O,decode,Person,stream,cjfastStreamDecodePerson,3.244192,5.439,5.965,raw/run-04/workload-11-cjfast_json,logs/run-04-workload-11-cjfast_json.log
4,12,1,yjson,未知字段 | decode | Person | string,未知字段,decode,Person,string,yjsonStringDecodeUnknownPerson,6.104807,5.965,5.807,raw/run-04/workload-12-yjson,logs/run-04-workload-12-yjson.log
4,12,2,stdx_json,未知字段 | decode | Person | string,未知字段,decode,Person,string,stdxStringDecodeUnknownPerson,2.656781,5.807,5.807,raw/run-04/workload-12-stdx_json,logs/run-04-workload-12-stdx_json.log
4,12,3,cjfast_json,未知字段 | decode | Person | string,未知字段,decode,Person,string,cjfastStringDecodeUnknownPerson,3.094276,5.807,5.582,raw/run-04/workload-12-cjfast_json,logs/run-04-workload-12-cjfast_json.log
4,13,1,yjson,时间/大数 | encode | TemporalStats | string,时间/大数,encode,TemporalStats,string,yjsonStringEncodeTemporalStats,3.347342,5.582,5.936,raw/run-04/workload-13-yjson,logs/run-04-workload-13-yjson.log
4,13,2,stdx_json,时间/大数 | encode | TemporalStats | string,时间/大数,encode,TemporalStats,string,stdxStringEncodeTemporalStats,2.082521,5.936,5.936,raw/run-04/workload-13-stdx_json,logs/run-04-workload-13-stdx_json.log
4,13,3,cjfast_json,时间/大数 | encode | TemporalStats | string,时间/大数,encode,TemporalStats,string,cjfastStringEncodeTemporalStats,2.951144,5.936,5.941,raw/run-04/workload-13-cjfast_json,logs/run-04-workload-13-cjfast_json.log
4,14,1,yjson,时间/大数 | encode | TemporalStats | bytes,时间/大数,encode,TemporalStats,bytes,yjsonBytesEncodeTemporalStats,3.070376,5.941,5.941,raw/run-04/workload-14-yjson,logs/run-04-workload-14-yjson.log
4,14,2,stdx_json,时间/大数 | encode | TemporalStats | bytes,时间/大数,encode,TemporalStats,bytes,stdxBytesEncodeTemporalStats,2.229886,5.941,5.866,raw/run-04/workload-14-stdx_json,logs/run-04-workload-14-stdx_json.log
4,14,3,cjfast_json,时间/大数 | encode | TemporalStats | bytes,时间/大数,encode,TemporalStats,bytes,cjfastBytesEncodeTemporalStats,2.828514,5.866,5.866,raw/run-04/workload-14-cjfast_json,logs/run-04-workload-14-cjfast_json.log
4,15,1,yjson,时间/大数 | decode | TemporalStats | string,时间/大数,decode,TemporalStats,string,yjsonStringDecodeTemporalStats,3.314198,5.866,5.636,raw/run-04/workload-15-yjson,logs/run-04-workload-15-yjson.log
4,15,2,stdx_json,时间/大数 | decode | TemporalStats | string,时间/大数,decode,TemporalStats,string,stdxStringDecodeTemporalStats,2.832449,5.636,5.585,raw/run-04/workload-15-stdx_json,logs/run-04-workload-15-stdx_json.log
4,15,3,cjfast_json,时间/大数 | decode | TemporalStats | string,时间/大数,decode,TemporalStats,string,cjfastStringDecodeTemporalStats,3.196279,5.585,5.585,raw/run-04/workload-15-cjfast_json,logs/run-04-workload-15-cjfast_json.log
4,16,1,yjson,时间/大数 | decode | TemporalStats | bytes,时间/大数,decode,TemporalStats,bytes,yjsonBytesDecodeTemporalStats,3.431938,5.585,5.458,raw/run-04/workload-16-yjson,logs/run-04-workload-16-yjson.log
4,16,2,stdx_json,时间/大数 | decode | TemporalStats | bytes,时间/大数,decode,TemporalStats,bytes,stdxBytesDecodeTemporalStats,3.118494,5.458,5.458,raw/run-04/workload-16-stdx_json,logs/run-04-workload-16-stdx_json.log
4,16,3,cjfast_json,时间/大数 | decode | TemporalStats | bytes,时间/大数,decode,TemporalStats,bytes,cjfastBytesDecodeTemporalStats,2.961076,5.458,5.341,raw/run-04/workload-16-cjfast_json,logs/run-04-workload-16-cjfast_json.log
4,17,1,yjson,数值边界 | encode | UInt64Envelope | string,数值边界,encode,UInt64Envelope,string,yjsonStringEncodeUInt64Envelope,3.157376,5.341,5.233,raw/run-04/workload-17-yjson,logs/run-04-workload-17-yjson.log
4,17,2,stdx_json,数值边界 | encode | UInt64Envelope | string,数值边界,encode,UInt64Envelope,string,stdxStringEncodeUInt64Envelope,2.069275,5.233,5.233,raw/run-04/workload-17-stdx_json,logs/run-04-workload-17-stdx_json.log
4,17,3,cjfast_json,数值边界 | encode | UInt64Envelope | string,数值边界,encode,UInt64Envelope,string,cjfastStringEncodeUInt64Envelope,2.813588,5.233,5.134,raw/run-04/workload-17-cjfast_json,logs/run-04-workload-17-cjfast_json.log
4,18,1,yjson,数值边界 | encode | UInt64Envelope | bytes,数值边界,encode,UInt64Envelope,bytes,yjsonBytesEncodeUInt64Envelope,3.187895,5.134,5.134,raw/run-04/workload-18-yjson,logs/run-04-workload-18-yjson.log
4,18,2,stdx_json,数值边界 | encode | UInt64Envelope | bytes,数值边界,encode,UInt64Envelope,bytes,stdxBytesEncodeUInt64Envelope,2.500967,5.134,4.963,raw/run-04/workload-18-stdx_json,logs/run-04-workload-18-stdx_json.log
4,18,3,cjfast_json,数值边界 | encode | UInt64Envelope | bytes,数值边界,encode,UInt64Envelope,bytes,cjfastBytesEncodeUInt64Envelope,2.979493,4.963,4.963,raw/run-04/workload-18-cjfast_json,logs/run-04-workload-18-cjfast_json.log
4,19,1,yjson,数值边界 | decode | UInt64Envelope | string,数值边界,decode,UInt64Envelope,string,yjsonStringDecodeUInt64Envelope,3.543210,4.963,4.806,raw/run-04/workload-19-yjson,logs/run-04-workload-19-yjson.log
4,19,2,stdx_json,数值边界 | decode | UInt64Envelope | string,数值边界,decode,UInt64Envelope,string,stdxStringDecodeUInt64Envelope,2.518516,4.806,4.981,raw/run-04/workload-19-stdx_json,logs/run-04-workload-19-stdx_json.log
4,19,3,cjfast_json,数值边界 | decode | UInt64Envelope | string,数值边界,decode,UInt64Envelope,string,cjfastStringDecodeUInt64Envelope,3.080127,4.981,4.981,raw/run-04/workload-19-cjfast_json,logs/run-04-workload-19-cjfast_json.log
4,20,1,yjson,数值边界 | decode | UInt64Envelope | bytes,数值边界,decode,UInt64Envelope,bytes,yjsonBytesDecodeUInt64Envelope,3.805375,4.981,5.063,raw/run-04/workload-20-yjson,logs/run-04-workload-20-yjson.log
4,20,2,stdx_json,数值边界 | decode | UInt64Envelope | bytes,数值边界,decode,UInt64Envelope,bytes,stdxBytesDecodeUInt64Envelope,2.617986,5.063,5.063,raw/run-04/workload-20-stdx_json,logs/run-04-workload-20-stdx_json.log
4,20,3,cjfast_json,数值边界 | decode | UInt64Envelope | bytes,数值边界,decode,UInt64Envelope,bytes,cjfastBytesDecodeUInt64Envelope,3.340118,5.063,4.818,raw/run-04/workload-20-cjfast_json,logs/run-04-workload-20-cjfast_json.log
4,21,1,yjson,嵌套对象 | encode | ProfileBundle | string,嵌套对象,encode,ProfileBundle,string,yjsonStringEncodeProfileBundle,3.076432,4.818,4.833,raw/run-04/workload-21-yjson,logs/run-04-workload-21-yjson.log
4,21,2,stdx_json,嵌套对象 | encode | ProfileBundle | string,嵌套对象,encode,ProfileBundle,string,stdxStringEncodeProfileBundle,2.228685,4.833,4.833,raw/run-04/workload-21-stdx_json,logs/run-04-workload-21-stdx_json.log
4,21,3,cjfast_json,嵌套对象 | encode | ProfileBundle | string,嵌套对象,encode,ProfileBundle,string,cjfastStringEncodeProfileBundle,3.015648,4.833,4.766,raw/run-04/workload-21-cjfast_json,logs/run-04-workload-21-cjfast_json.log
4,22,1,yjson,嵌套对象 | encode | ProfileBundle | bytes,嵌套对象,encode,ProfileBundle,bytes,yjsonBytesEncodeProfileBundle,3.304011,4.766,4.766,raw/run-04/workload-22-yjson,logs/run-04-workload-22-yjson.log
4,22,2,stdx_json,嵌套对象 | encode | ProfileBundle | bytes,嵌套对象,encode,ProfileBundle,bytes,stdxBytesEncodeProfileBundle,2.097320,4.766,4.704,raw/run-04/workload-22-stdx_json,logs/run-04-workload-22-stdx_json.log
4,22,3,cjfast_json,嵌套对象 | encode | ProfileBundle | bytes,嵌套对象,encode,ProfileBundle,bytes,cjfastBytesEncodeProfileBundle,3.145165,4.704,5.128,raw/run-04/workload-22-cjfast_json,logs/run-04-workload-22-cjfast_json.log
4,23,1,yjson,嵌套对象 | decode | ProfileBundle | string,嵌套对象,decode,ProfileBundle,string,yjsonStringDecodeProfileBundle,3.635260,5.128,5.128,raw/run-04/workload-23-yjson,logs/run-04-workload-23-yjson.log
4,23,2,stdx_json,嵌套对象 | decode | ProfileBundle | string,嵌套对象,decode,ProfileBundle,string,stdxStringDecodeProfileBundle,2.435114,5.128,5.198,raw/run-04/workload-23-stdx_json,logs/run-04-workload-23-stdx_json.log
4,23,3,cjfast_json,嵌套对象 | decode | ProfileBundle | string,嵌套对象,decode,ProfileBundle,string,cjfastStringDecodeProfileBundle,3.110398,5.198,5.198,raw/run-04/workload-23-cjfast_json,logs/run-04-workload-23-cjfast_json.log
4,24,1,yjson,嵌套对象 | decode | ProfileBundle | bytes,嵌套对象,decode,ProfileBundle,bytes,yjsonBytesDecodeProfileBundle,3.527767,5.198,5.022,raw/run-04/workload-24-yjson,logs/run-04-workload-24-yjson.log
4,24,2,stdx_json,嵌套对象 | decode | ProfileBundle | bytes,嵌套对象,decode,ProfileBundle,bytes,stdxBytesDecodeProfileBundle,2.460289,5.022,5.501,raw/run-04/workload-24-stdx_json,logs/run-04-workload-24-stdx_json.log
4,24,3,cjfast_json,嵌套对象 | decode | ProfileBundle | bytes,嵌套对象,decode,ProfileBundle,bytes,cjfastBytesDecodeProfileBundle,3.163756,5.501,5.501,raw/run-04/workload-24-cjfast_json,logs/run-04-workload-24-cjfast_json.log
4,25,1,yjson,字段顺序 | decode | Person | string,字段顺序,decode,Person,string,yjsonStringDecodeUnorderedPerson,4.991703,5.501,5.300,raw/run-04/workload-25-yjson,logs/run-04-workload-25-yjson.log
4,25,2,stdx_json,字段顺序 | decode | Person | string,字段顺序,decode,Person,string,stdxStringDecodeUnorderedPerson,2.684852,5.300,5.276,raw/run-04/workload-25-stdx_json,logs/run-04-workload-25-stdx_json.log
4,25,3,cjfast_json,字段顺序 | decode | Person | string,字段顺序,decode,Person,string,cjfastStringDecodeUnorderedPerson,3.162321,5.276,5.276,raw/run-04/workload-25-cjfast_json,logs/run-04-workload-25-cjfast_json.log
4,26,1,yjson,大数组 | encode | ArrayList<ProfileRecord>[64] | string,大数组,encode,ArrayList<ProfileRecord>[64],string,yjsonStringEncodeLargeProfileArray,2.576517,5.276,5.173,raw/run-04/workload-26-yjson,logs/run-04-workload-26-yjson.log
4,26,2,stdx_json,大数组 | encode | ArrayList<ProfileRecord>[64] | string,大数组,encode,ArrayList<ProfileRecord>[64],string,stdxStringEncodeLargeProfileArray,2.488121,5.173,5.173,raw/run-04/workload-26-stdx_json,logs/run-04-workload-26-stdx_json.log
4,26,3,cjfast_json,大数组 | encode | ArrayList<ProfileRecord>[64] | string,大数组,encode,ArrayList<ProfileRecord>[64],string,cjfastStringEncodeLargeProfileArray,2.805824,5.173,4.999,raw/run-04/workload-26-cjfast_json,logs/run-04-workload-26-cjfast_json.log
4,27,1,yjson,大数组 | decode | ArrayList<ProfileRecord>[64] | string,大数组,decode,ArrayList<ProfileRecord>[64],string,yjsonStringDecodeLargeProfileArray,5.320974,4.999,4.839,raw/run-04/workload-27-yjson,logs/run-04-workload-27-yjson.log
4,27,2,stdx_json,大数组 | decode | ArrayList<ProfileRecord>[64] | string,大数组,decode,ArrayList<ProfileRecord>[64],string,stdxStringDecodeLargeProfileArray,2.905506,4.839,4.852,raw/run-04/workload-27-stdx_json,logs/run-04-workload-27-stdx_json.log
4,27,3,cjfast_json,大数组 | decode | ArrayList<ProfileRecord>[64] | string,大数组,decode,ArrayList<ProfileRecord>[64],string,cjfastStringDecodeLargeProfileArray,2.684005,4.852,4.852,raw/run-04/workload-27-cjfast_json,logs/run-04-workload-27-cjfast_json.log
4,28,1,yjson,"大 Map | encode | HashMap<String, Int64>[64] | string",大 Map,encode,"HashMap<String, Int64>[64]",string,yjsonStringEncodeLargeInt64Map,3.422538,4.852,4.784,raw/run-04/workload-28-yjson,logs/run-04-workload-28-yjson.log
4,28,2,stdx_json,"大 Map | encode | HashMap<String, Int64>[64] | string",大 Map,encode,"HashMap<String, Int64>[64]",string,stdxStringEncodeLargeInt64Map,2.246958,4.784,4.784,raw/run-04/workload-28-stdx_json,logs/run-04-workload-28-stdx_json.log
4,28,3,cjfast_json,"大 Map | encode | HashMap<String, Int64>[64] | string",大 Map,encode,"HashMap<String, Int64>[64]",string,cjfastStringEncodeLargeInt64Map,3.483441,4.784,4.881,raw/run-04/workload-28-cjfast_json,logs/run-04-workload-28-cjfast_json.log
4,29,1,yjson,"大 Map | decode | HashMap<String, Int64>[64] | string",大 Map,decode,"HashMap<String, Int64>[64]",string,yjsonStringDecodeLargeInt64Map,3.423706,4.881,4.811,raw/run-04/workload-29-yjson,logs/run-04-workload-29-yjson.log
4,29,2,stdx_json,"大 Map | decode | HashMap<String, Int64>[64] | string",大 Map,decode,"HashMap<String, Int64>[64]",string,stdxStringDecodeLargeInt64Map,2.954071,4.811,4.811,raw/run-04/workload-29-stdx_json,logs/run-04-workload-29-stdx_json.log
4,29,3,cjfast_json,"大 Map | decode | HashMap<String, Int64>[64] | string",大 Map,decode,"HashMap<String, Int64>[64]",string,cjfastStringDecodeLargeInt64Map,3.393466,4.811,4.746,raw/run-04/workload-29-cjfast_json,logs/run-04-workload-29-cjfast_json.log
4,30,1,yjson,基础对象 | encode | Person | string,基础对象,encode,Person,string,yjsonStringEncodePerson,2.939845,4.746,4.746,raw/run-04/workload-30-yjson,logs/run-04-workload-30-yjson.log
4,30,2,stdx_json,基础对象 | encode | Person | string,基础对象,encode,Person,string,stdxStringEncodePerson,2.171628,4.746,4.846,raw/run-04/workload-30-stdx_json,logs/run-04-workload-30-stdx_json.log
4,30,3,cjfast_json,基础对象 | encode | Person | string,基础对象,encode,Person,string,cjfastStringEncodePerson,2.818260,4.846,4.846,raw/run-04/workload-30-cjfast_json,logs/run-04-workload-30-cjfast_json.log
4,31,1,yjson,基础对象 | encode | Person | bytes,基础对象,encode,Person,bytes,yjsonBytesEncodePerson,2.927670,4.846,4.698,raw/run-04/workload-31-yjson,logs/run-04-workload-31-yjson.log
4,31,2,stdx_json,基础对象 | encode | Person | bytes,基础对象,encode,Person,bytes,stdxBytesEncodePerson,2.351923,4.698,5.043,raw/run-04/workload-31-stdx_json,logs/run-04-workload-31-stdx_json.log
4,31,3,cjfast_json,基础对象 | encode | Person | bytes,基础对象,encode,Person,bytes,cjfastBytesEncodePerson,2.786408,5.043,5.043,raw/run-04/workload-31-cjfast_json,logs/run-04-workload-31-cjfast_json.log
4,32,1,yjson,基础对象 | encode | Address | string,基础对象,encode,Address,string,yjsonStringEncodeAddress,3.142370,5.043,5.039,raw/run-04/workload-32-yjson,logs/run-04-workload-32-yjson.log
4,32,2,stdx_json,基础对象 | encode | Address | string,基础对象,encode,Address,string,stdxStringEncodeAddress,2.325891,5.039,5.039,raw/run-04/workload-32-stdx_json,logs/run-04-workload-32-stdx_json.log
4,32,3,cjfast_json,基础对象 | encode | Address | string,基础对象,encode,Address,string,cjfastStringEncodeAddress,2.688777,5.039,4.875,raw/run-04/workload-32-cjfast_json,logs/run-04-workload-32-cjfast_json.log
4,33,1,yjson,基础对象 | encode | Address | bytes,基础对象,encode,Address,bytes,yjsonBytesEncodeAddress,3.133232,4.875,4.875,raw/run-04/workload-33-yjson,logs/run-04-workload-33-yjson.log
4,33,2,stdx_json,基础对象 | encode | Address | bytes,基础对象,encode,Address,bytes,stdxBytesEncodeAddress,2.200769,4.875,5.046,raw/run-04/workload-33-stdx_json,logs/run-04-workload-33-stdx_json.log
4,33,3,cjfast_json,基础对象 | encode | Address | bytes,基础对象,encode,Address,bytes,cjfastBytesEncodeAddress,2.271272,5.046,5.046,raw/run-04/workload-33-cjfast_json,logs/run-04-workload-33-cjfast_json.log
4,34,1,yjson,基础对象 | decode | Person | string,基础对象,decode,Person,string,yjsonStringDecodePerson,7.206396,5.046,5.686,raw/run-04/workload-34-yjson,logs/run-04-workload-34-yjson.log
4,34,2,stdx_json,基础对象 | decode | Person | string,基础对象,decode,Person,string,stdxStringDecodePerson,2.761700,5.686,5.686,raw/run-04/workload-34-stdx_json,logs/run-04-workload-34-stdx_json.log
4,34,3,cjfast_json,基础对象 | decode | Person | string,基础对象,decode,Person,string,cjfastStringDecodePerson,3.239825,5.686,5.631,raw/run-04/workload-34-cjfast_json,logs/run-04-workload-34-cjfast_json.log
4,35,1,yjson,基础对象 | decode | Person | bytes,基础对象,decode,Person,bytes,yjsonBytesDecodePerson,7.359456,5.631,5.661,raw/run-04/workload-35-yjson,logs/run-04-workload-35-yjson.log
4,35,2,stdx_json,基础对象 | decode | Person | bytes,基础对象,decode,Person,bytes,stdxBytesDecodePerson,2.911177,5.661,5.607,raw/run-04/workload-35-stdx_json,logs/run-04-workload-35-stdx_json.log
4,35,3,cjfast_json,基础对象 | decode | Person | bytes,基础对象,decode,Person,bytes,cjfastBytesDecodePerson,3.295837,5.607,6.200,raw/run-04/workload-35-cjfast_json,logs/run-04-workload-35-cjfast_json.log
4,36,1,yjson,基础对象 | decode | Address | string,基础对象,decode,Address,string,yjsonStringDecodeAddress,3.111996,6.200,6.200,raw/run-04/workload-36-yjson,logs/run-04-workload-36-yjson.log
4,36,2,stdx_json,基础对象 | decode | Address | string,基础对象,decode,Address,string,stdxStringDecodeAddress,2.370657,6.200,5.943,raw/run-04/workload-36-stdx_json,logs/run-04-workload-36-stdx_json.log
4,36,3,cjfast_json,基础对象 | decode | Address | string,基础对象,decode,Address,string,cjfastStringDecodeAddress,2.506553,5.943,5.943,raw/run-04/workload-36-cjfast_json,logs/run-04-workload-36-cjfast_json.log
5,1,1,stdx_json,基础对象 | decode | Person | bytes,基础对象,decode,Person,bytes,stdxBytesDecodePerson,2.955230,5.943,5.788,raw/run-05/workload-01-stdx_json,logs/run-05-workload-01-stdx_json.log
5,1,2,cjfast_json,基础对象 | decode | Person | bytes,基础对象,decode,Person,bytes,cjfastBytesDecodePerson,3.316320,5.788,5.788,raw/run-05/workload-01-cjfast_json,logs/run-05-workload-01-cjfast_json.log
5,1,3,yjson,基础对象 | decode | Person | bytes,基础对象,decode,Person,bytes,yjsonBytesDecodePerson,7.822037,5.788,5.512,raw/run-05/workload-01-yjson,logs/run-05-workload-01-yjson.log
5,2,1,stdx_json,基础对象 | decode | Person | string,基础对象,decode,Person,string,stdxStringDecodePerson,2.903745,5.512,5.872,raw/run-05/workload-02-stdx_json,logs/run-05-workload-02-stdx_json.log
5,2,2,cjfast_json,基础对象 | decode | Person | string,基础对象,decode,Person,string,cjfastStringDecodePerson,3.434153,5.872,5.872,raw/run-05/workload-02-cjfast_json,logs/run-05-workload-02-cjfast_json.log
5,2,3,yjson,基础对象 | decode | Person | string,基础对象,decode,Person,string,yjsonStringDecodePerson,7.389407,5.872,6.200,raw/run-05/workload-02-yjson,logs/run-05-workload-02-yjson.log
5,3,1,stdx_json,基础对象 | encode | Address | bytes,基础对象,encode,Address,bytes,stdxBytesEncodeAddress,2.170997,6.200,6.200,raw/run-05/workload-03-stdx_json,logs/run-05-workload-03-stdx_json.log
5,3,2,cjfast_json,基础对象 | encode | Address | bytes,基础对象,encode,Address,bytes,cjfastBytesEncodeAddress,2.478620,6.200,6.104,raw/run-05/workload-03-cjfast_json,logs/run-05-workload-03-cjfast_json.log
5,3,3,yjson,基础对象 | encode | Address | bytes,基础对象,encode,Address,bytes,yjsonBytesEncodeAddress,3.063886,6.104,6.104,raw/run-05/workload-03-yjson,logs/run-05-workload-03-yjson.log
5,4,1,stdx_json,基础对象 | encode | Address | string,基础对象,encode,Address,string,stdxStringEncodeAddress,2.264781,6.104,5.935,raw/run-05/workload-04-stdx_json,logs/run-05-workload-04-stdx_json.log
5,4,2,cjfast_json,基础对象 | encode | Address | string,基础对象,encode,Address,string,cjfastStringEncodeAddress,2.603368,5.935,5.935,raw/run-05/workload-04-cjfast_json,logs/run-05-workload-04-cjfast_json.log
5,4,3,yjson,基础对象 | encode | Address | string,基础对象,encode,Address,string,yjsonStringEncodeAddress,3.232490,5.935,5.940,raw/run-05/workload-04-yjson,logs/run-05-workload-04-yjson.log
5,5,1,stdx_json,基础对象 | encode | Person | bytes,基础对象,encode,Person,bytes,stdxBytesEncodePerson,2.194909,5.940,5.940,raw/run-05/workload-05-stdx_json,logs/run-05-workload-05-stdx_json.log
5,5,2,cjfast_json,基础对象 | encode | Person | bytes,基础对象,encode,Person,bytes,cjfastBytesEncodePerson,2.898640,5.940,5.705,raw/run-05/workload-05-cjfast_json,logs/run-05-workload-05-cjfast_json.log
5,5,3,yjson,基础对象 | encode | Person | bytes,基础对象,encode,Person,bytes,yjsonBytesEncodePerson,3.137753,5.705,6.129,raw/run-05/workload-05-yjson,logs/run-05-workload-05-yjson.log
5,6,1,stdx_json,基础对象 | encode | Person | string,基础对象,encode,Person,string,stdxStringEncodePerson,2.217540,6.129,6.129,raw/run-05/workload-06-stdx_json,logs/run-05-workload-06-stdx_json.log
5,6,2,cjfast_json,基础对象 | encode | Person | string,基础对象,encode,Person,string,cjfastStringEncodePerson,2.773389,6.129,6.519,raw/run-05/workload-06-cjfast_json,logs/run-05-workload-06-cjfast_json.log
5,6,3,yjson,基础对象 | encode | Person | string,基础对象,encode,Person,string,yjsonStringEncodePerson,2.994424,6.519,6.519,raw/run-05/workload-06-yjson,logs/run-05-workload-06-yjson.log
5,7,1,stdx_json,"大 Map | decode | HashMap<String, Int64>[64] | string",大 Map,decode,"HashMap<String, Int64>[64]",string,stdxStringDecodeLargeInt64Map,3.080123,6.519,6.317,raw/run-05/workload-07-stdx_json,logs/run-05-workload-07-stdx_json.log
5,7,2,cjfast_json,"大 Map | decode | HashMap<String, Int64>[64] | string",大 Map,decode,"HashMap<String, Int64>[64]",string,cjfastStringDecodeLargeInt64Map,3.005654,6.317,6.317,raw/run-05/workload-07-cjfast_json,logs/run-05-workload-07-cjfast_json.log
5,7,3,yjson,"大 Map | decode | HashMap<String, Int64>[64] | string",大 Map,decode,"HashMap<String, Int64>[64]",string,yjsonStringDecodeLargeInt64Map,3.458785,6.317,6.051,raw/run-05/workload-07-yjson,logs/run-05-workload-07-yjson.log
5,8,1,stdx_json,"大 Map | encode | HashMap<String, Int64>[64] | string",大 Map,encode,"HashMap<String, Int64>[64]",string,stdxStringEncodeLargeInt64Map,2.556832,6.051,6.127,raw/run-05/workload-08-stdx_json,logs/run-05-workload-08-stdx_json.log
5,8,2,cjfast_json,"大 Map | encode | HashMap<String, Int64>[64] | string",大 Map,encode,"HashMap<String, Int64>[64]",string,cjfastStringEncodeLargeInt64Map,3.726086,6.127,6.127,raw/run-05/workload-08-cjfast_json,logs/run-05-workload-08-cjfast_json.log
5,8,3,yjson,"大 Map | encode | HashMap<String, Int64>[64] | string",大 Map,encode,"HashMap<String, Int64>[64]",string,yjsonStringEncodeLargeInt64Map,3.520548,6.127,5.957,raw/run-05/workload-08-yjson,logs/run-05-workload-08-yjson.log
5,9,1,stdx_json,大数组 | decode | ArrayList<ProfileRecord>[64] | string,大数组,decode,ArrayList<ProfileRecord>[64],string,stdxStringDecodeLargeProfileArray,2.441280,5.957,6.441,raw/run-05/workload-09-stdx_json,logs/run-05-workload-09-stdx_json.log
5,9,2,cjfast_json,大数组 | decode | ArrayList<ProfileRecord>[64] | string,大数组,decode,ArrayList<ProfileRecord>[64],string,cjfastStringDecodeLargeProfileArray,2.554433,6.441,6.441,raw/run-05/workload-09-cjfast_json,logs/run-05-workload-09-cjfast_json.log
5,9,3,yjson,大数组 | decode | ArrayList<ProfileRecord>[64] | string,大数组,decode,ArrayList<ProfileRecord>[64],string,yjsonStringDecodeLargeProfileArray,5.633088,6.441,6.166,raw/run-05/workload-09-yjson,logs/run-05-workload-09-yjson.log
5,10,1,stdx_json,大数组 | encode | ArrayList<ProfileRecord>[64] | string,大数组,encode,ArrayList<ProfileRecord>[64],string,stdxStringEncodeLargeProfileArray,2.407106,6.166,5.912,raw/run-05/workload-10-stdx_json,logs/run-05-workload-10-stdx_json.log
5,10,2,cjfast_json,大数组 | encode | ArrayList<ProfileRecord>[64] | string,大数组,encode,ArrayList<ProfileRecord>[64],string,cjfastStringEncodeLargeProfileArray,2.703838,5.912,5.912,raw/run-05/workload-10-cjfast_json,logs/run-05-workload-10-cjfast_json.log
5,10,3,yjson,大数组 | encode | ArrayList<ProfileRecord>[64] | string,大数组,encode,ArrayList<ProfileRecord>[64],string,yjsonStringEncodeLargeProfileArray,2.621316,5.912,5.758,raw/run-05/workload-10-yjson,logs/run-05-workload-10-yjson.log
5,11,1,stdx_json,字段顺序 | decode | Person | string,字段顺序,decode,Person,string,stdxStringDecodeUnorderedPerson,2.886643,5.758,5.758,raw/run-05/workload-11-stdx_json,logs/run-05-workload-11-stdx_json.log
5,11,2,cjfast_json,字段顺序 | decode | Person | string,字段顺序,decode,Person,string,cjfastStringDecodeUnorderedPerson,3.112973,5.758,5.778,raw/run-05/workload-11-cjfast_json,logs/run-05-workload-11-cjfast_json.log
5,11,3,yjson,字段顺序 | decode | Person | string,字段顺序,decode,Person,string,yjsonStringDecodeUnorderedPerson,5.513673,5.778,5.635,raw/run-05/workload-11-yjson,logs/run-05-workload-11-yjson.log
5,12,1,stdx_json,嵌套对象 | decode | ProfileBundle | bytes,嵌套对象,decode,ProfileBundle,bytes,stdxBytesDecodeProfileBundle,2.741311,5.635,6.145,raw/run-05/workload-12-stdx_json,logs/run-05-workload-12-stdx_json.log
5,12,2,cjfast_json,嵌套对象 | decode | ProfileBundle | bytes,嵌套对象,decode,ProfileBundle,bytes,cjfastBytesDecodeProfileBundle,3.367542,6.145,6.145,raw/run-05/workload-12-cjfast_json,logs/run-05-workload-12-cjfast_json.log
5,12,3,yjson,嵌套对象 | decode | ProfileBundle | bytes,嵌套对象,decode,ProfileBundle,bytes,yjsonBytesDecodeProfileBundle,3.858102,6.145,5.973,raw/run-05/workload-12-yjson,logs/run-05-workload-12-yjson.log
5,13,1,stdx_json,嵌套对象 | decode | ProfileBundle | string,嵌套对象,decode,ProfileBundle,string,stdxStringDecodeProfileBundle,2.755895,5.973,6.376,raw/run-05/workload-13-stdx_json,logs/run-05-workload-13-stdx_json.log
5,13,2,cjfast_json,嵌套对象 | decode | ProfileBundle | string,嵌套对象,decode,ProfileBundle,string,cjfastStringDecodeProfileBundle,3.203432,6.376,6.376,raw/run-05/workload-13-cjfast_json,logs/run-05-workload-13-cjfast_json.log
5,13,3,yjson,嵌套对象 | decode | ProfileBundle | string,嵌套对象,decode,ProfileBundle,string,yjsonStringDecodeProfileBundle,3.622711,6.376,6.186,raw/run-05/workload-13-yjson,logs/run-05-workload-13-yjson.log
5,14,1,stdx_json,嵌套对象 | encode | ProfileBundle | bytes,嵌套对象,encode,ProfileBundle,bytes,stdxBytesEncodeProfileBundle,2.043270,6.186,6.186,raw/run-05/workload-14-stdx_json,logs/run-05-workload-14-stdx_json.log
5,14,2,cjfast_json,嵌套对象 | encode | ProfileBundle | bytes,嵌套对象,encode,ProfileBundle,bytes,cjfastBytesEncodeProfileBundle,2.973701,6.186,6.090,raw/run-05/workload-14-cjfast_json,logs/run-05-workload-14-cjfast_json.log
5,14,3,yjson,嵌套对象 | encode | ProfileBundle | bytes,嵌套对象,encode,ProfileBundle,bytes,yjsonBytesEncodeProfileBundle,3.364963,6.090,6.484,raw/run-05/workload-14-yjson,logs/run-05-workload-14-yjson.log
5,15,1,stdx_json,嵌套对象 | encode | ProfileBundle | string,嵌套对象,encode,ProfileBundle,string,stdxStringEncodeProfileBundle,2.353814,6.484,6.484,raw/run-05/workload-15-stdx_json,logs/run-05-workload-15-stdx_json.log
5,15,2,cjfast_json,嵌套对象 | encode | ProfileBundle | string,嵌套对象,encode,ProfileBundle,string,cjfastStringEncodeProfileBundle,3.103591,6.484,6.605,raw/run-05/workload-15-cjfast_json,logs/run-05-workload-15-cjfast_json.log
5,15,3,yjson,嵌套对象 | encode | ProfileBundle | string,嵌套对象,encode,ProfileBundle,string,yjsonStringEncodeProfileBundle,3.042421,6.605,6.605,raw/run-05/workload-15-yjson,logs/run-05-workload-15-yjson.log
5,16,1,stdx_json,数值边界 | decode | UInt64Envelope | bytes,数值边界,decode,UInt64Envelope,bytes,stdxBytesDecodeUInt64Envelope,2.640758,6.605,6.396,raw/run-05/workload-16-stdx_json,logs/run-05-workload-16-stdx_json.log
5,16,2,cjfast_json,数值边界 | decode | UInt64Envelope | bytes,数值边界,decode,UInt64Envelope,bytes,cjfastBytesDecodeUInt64Envelope,3.391063,6.396,6.396,raw/run-05/workload-16-cjfast_json,logs/run-05-workload-16-cjfast_json.log
5,16,3,yjson,数值边界 | decode | UInt64Envelope | bytes,数值边界,decode,UInt64Envelope,bytes,yjsonBytesDecodeUInt64Envelope,3.616432,6.396,6.445,raw/run-05/workload-16-yjson,logs/run-05-workload-16-yjson.log
5,17,1,stdx_json,数值边界 | decode | UInt64Envelope | string,数值边界,decode,UInt64Envelope,string,stdxStringDecodeUInt64Envelope,2.776395,6.445,6.249,raw/run-05/workload-17-stdx_json,logs/run-05-workload-17-stdx_json.log
5,17,2,cjfast_json,数值边界 | decode | UInt64Envelope | string,数值边界,decode,UInt64Envelope,string,cjfastStringDecodeUInt64Envelope,2.962750,6.249,6.249,raw/run-05/workload-17-cjfast_json,logs/run-05-workload-17-cjfast_json.log
5,17,3,yjson,数值边界 | decode | UInt64Envelope | string,数值边界,decode,UInt64Envelope,string,yjsonStringDecodeUInt64Envelope,3.567289,6.249,6.470,raw/run-05/workload-17-yjson,logs/run-05-workload-17-yjson.log
5,18,1,stdx_json,数值边界 | encode | UInt64Envelope | bytes,数值边界,encode,UInt64Envelope,bytes,stdxBytesEncodeUInt64Envelope,2.274881,6.470,6.512,raw/run-05/workload-18-stdx_json,logs/run-05-workload-18-stdx_json.log
5,18,2,cjfast_json,数值边界 | encode | UInt64Envelope | bytes,数值边界,encode,UInt64Envelope,bytes,cjfastBytesEncodeUInt64Envelope,2.741446,6.512,6.512,raw/run-05/workload-18-cjfast_json,logs/run-05-workload-18-cjfast_json.log
5,18,3,yjson,数值边界 | encode | UInt64Envelope | bytes,数值边界,encode,UInt64Envelope,bytes,yjsonBytesEncodeUInt64Envelope,3.420975,6.512,6.311,raw/run-05/workload-18-yjson,logs/run-05-workload-18-yjson.log
5,19,1,stdx_json,数值边界 | encode | UInt64Envelope | string,数值边界,encode,UInt64Envelope,string,stdxStringEncodeUInt64Envelope,2.191483,6.311,6.311,raw/run-05/workload-19-stdx_json,logs/run-05-workload-19-stdx_json.log
5,19,2,cjfast_json,数值边界 | encode | UInt64Envelope | string,数值边界,encode,UInt64Envelope,string,cjfastStringEncodeUInt64Envelope,2.927446,6.311,6.125,raw/run-05/workload-19-cjfast_json,logs/run-05-workload-19-cjfast_json.log
5,19,3,yjson,数值边界 | encode | UInt64Envelope | string,数值边界,encode,UInt64Envelope,string,yjsonStringEncodeUInt64Envelope,3.147277,6.125,6.125,raw/run-05/workload-19-yjson,logs/run-05-workload-19-yjson.log
5,20,1,stdx_json,时间/大数 | decode | TemporalStats | bytes,时间/大数,decode,TemporalStats,bytes,stdxBytesDecodeTemporalStats,2.854125,6.125,6.035,raw/run-05/workload-20-stdx_json,logs/run-05-workload-20-stdx_json.log
5,20,2,cjfast_json,时间/大数 | decode | TemporalStats | bytes,时间/大数,decode,TemporalStats,bytes,cjfastBytesDecodeTemporalStats,3.359542,6.035,5.792,raw/run-05/workload-20-cjfast_json,logs/run-05-workload-20-cjfast_json.log
5,20,3,yjson,时间/大数 | decode | TemporalStats | bytes,时间/大数,decode,TemporalStats,bytes,yjsonBytesDecodeTemporalStats,3.169890,5.792,5.792,raw/run-05/workload-20-yjson,logs/run-05-workload-20-yjson.log
5,21,1,stdx_json,时间/大数 | decode | TemporalStats | string,时间/大数,decode,TemporalStats,string,stdxStringDecodeTemporalStats,2.818842,5.792,5.729,raw/run-05/workload-21-stdx_json,logs/run-05-workload-21-stdx_json.log
5,21,2,cjfast_json,时间/大数 | decode | TemporalStats | string,时间/大数,decode,TemporalStats,string,cjfastStringDecodeTemporalStats,2.935427,5.729,5.729,raw/run-05/workload-21-cjfast_json,logs/run-05-workload-21-cjfast_json.log
5,21,3,yjson,时间/大数 | decode | TemporalStats | string,时间/大数,decode,TemporalStats,string,yjsonStringDecodeTemporalStats,3.239898,5.729,5.590,raw/run-05/workload-21-yjson,logs/run-05-workload-21-yjson.log
5,22,1,stdx_json,时间/大数 | encode | TemporalStats | bytes,时间/大数,encode,TemporalStats,bytes,stdxBytesEncodeTemporalStats,2.033404,5.590,5.590,raw/run-05/workload-22-stdx_json,logs/run-05-workload-22-stdx_json.log
5,22,2,cjfast_json,时间/大数 | encode | TemporalStats | bytes,时间/大数,encode,TemporalStats,bytes,cjfastBytesEncodeTemporalStats,2.856356,5.590,5.863,raw/run-05/workload-22-cjfast_json,logs/run-05-workload-22-cjfast_json.log
5,22,3,yjson,时间/大数 | encode | TemporalStats | bytes,时间/大数,encode,TemporalStats,bytes,yjsonBytesEncodeTemporalStats,2.969809,5.863,5.634,raw/run-05/workload-22-yjson,logs/run-05-workload-22-yjson.log
5,23,1,stdx_json,时间/大数 | encode | TemporalStats | string,时间/大数,encode,TemporalStats,string,stdxStringEncodeTemporalStats,1.967943,5.634,5.634,raw/run-05/workload-23-stdx_json,logs/run-05-workload-23-stdx_json.log
5,23,2,cjfast_json,时间/大数 | encode | TemporalStats | string,时间/大数,encode,TemporalStats,string,cjfastStringEncodeTemporalStats,2.955275,5.634,5.744,raw/run-05/workload-23-cjfast_json,logs/run-05-workload-23-cjfast_json.log
5,23,3,yjson,时间/大数 | encode | TemporalStats | string,时间/大数,encode,TemporalStats,string,yjsonStringEncodeTemporalStats,3.186853,5.744,5.744,raw/run-05/workload-23-yjson,logs/run-05-workload-23-yjson.log
5,24,1,stdx_json,未知字段 | decode | Person | string,未知字段,decode,Person,string,stdxStringDecodeUnknownPerson,2.690018,5.744,5.524,raw/run-05/workload-24-stdx_json,logs/run-05-workload-24-stdx_json.log
5,24,2,cjfast_json,未知字段 | decode | Person | string,未知字段,decode,Person,string,cjfastStringDecodeUnknownPerson,3.324706,5.524,5.524,raw/run-05/workload-24-cjfast_json,logs/run-05-workload-24-cjfast_json.log
5,24,3,yjson,未知字段 | decode | Person | string,未知字段,decode,Person,string,yjsonStringDecodeUnknownPerson,6.165774,5.524,5.523,raw/run-05/workload-24-yjson,logs/run-05-workload-24-yjson.log
5,25,1,stdx_json,流式 I/O | decode | Person | stream,流式 I/O,decode,Person,stream,stdxStreamDecodePerson,2.719120,5.523,5.523,raw/run-05/workload-25-stdx_json,logs/run-05-workload-25-stdx_json.log
5,25,2,cjfast_json,流式 I/O | decode | Person | stream,流式 I/O,decode,Person,stream,cjfastStreamDecodePerson,3.143328,5.523,5.401,raw/run-05/workload-25-cjfast_json,logs/run-05-workload-25-cjfast_json.log
5,25,3,yjson,流式 I/O | decode | Person | stream,流式 I/O,decode,Person,stream,yjsonStreamDecodePerson,2.944419,5.401,5.401,raw/run-05/workload-25-yjson,logs/run-05-workload-25-yjson.log
5,26,1,stdx_json,流式 I/O | encode | Person | stream,流式 I/O,encode,Person,stream,stdxStreamEncodePerson,2.503903,5.401,5.289,raw/run-05/workload-26-stdx_json,logs/run-05-workload-26-stdx_json.log
5,26,2,cjfast_json,流式 I/O | encode | Person | stream,流式 I/O,encode,Person,stream,cjfastStreamEncodePerson,2.828280,5.289,5.747,raw/run-05/workload-26-cjfast_json,logs/run-05-workload-26-cjfast_json.log
5,26,3,yjson,流式 I/O | encode | Person | stream,流式 I/O,encode,Person,stream,yjsonStreamEncodePerson,2.656276,5.747,5.747,raw/run-05/workload-26-yjson,logs/run-05-workload-26-yjson.log
5,27,1,stdx_json,"深层嵌套 | decode | ArrayList<HashMap<String, ArrayList<ProfileRecord>>> | string",深层嵌套,decode,"ArrayList<HashMap<String, ArrayList<ProfileRecord>>>",string,stdxStringDecodeDeepNestedProfiles,2.559516,5.747,5.687,raw/run-05/workload-27-stdx_json,logs/run-05-workload-27-stdx_json.log
5,27,2,cjfast_json,"深层嵌套 | decode | ArrayList<HashMap<String, ArrayList<ProfileRecord>>> | string",深层嵌套,decode,"ArrayList<HashMap<String, ArrayList<ProfileRecord>>>",string,cjfastStringDecodeDeepNestedProfiles,3.075820,5.687,5.687,raw/run-05/workload-27-cjfast_json,logs/run-05-workload-27-cjfast_json.log
5,27,3,yjson,"深层嵌套 | decode | ArrayList<HashMap<String, ArrayList<ProfileRecord>>> | string",深层嵌套,decode,"ArrayList<HashMap<String, ArrayList<ProfileRecord>>>",string,yjsonStringDecodeDeepNestedProfiles,3.582201,5.687,5.551,raw/run-05/workload-27-yjson,logs/run-05-workload-27-yjson.log
5,28,1,stdx_json,"深层嵌套 | encode | ArrayList<HashMap<String, ArrayList<ProfileRecord>>> | string",深层嵌套,encode,"ArrayList<HashMap<String, ArrayList<ProfileRecord>>>",string,stdxStringEncodeDeepNestedProfiles,2.388170,5.551,5.551,raw/run-05/workload-28-stdx_json,logs/run-05-workload-28-stdx_json.log
5,28,2,cjfast_json,"深层嵌套 | encode | ArrayList<HashMap<String, ArrayList<ProfileRecord>>> | string",深层嵌套,encode,"ArrayList<HashMap<String, ArrayList<ProfileRecord>>>",string,cjfastStringEncodeDeepNestedProfiles,3.042482,5.551,5.507,raw/run-05/workload-28-cjfast_json,logs/run-05-workload-28-cjfast_json.log
5,28,3,yjson,"深层嵌套 | encode | ArrayList<HashMap<String, ArrayList<ProfileRecord>>> | string",深层嵌套,encode,"ArrayList<HashMap<String, ArrayList<ProfileRecord>>>",string,yjsonStringEncodeDeepNestedProfiles,2.868944,5.507,5.947,raw/run-05/workload-28-yjson,logs/run-05-workload-28-yjson.log
5,29,1,stdx_json,转义/Unicode | decode | String | bytes,转义/Unicode,decode,String,bytes,stdxBytesDecodeEscapedUnicodeString,2.339417,5.947,5.947,raw/run-05/workload-29-stdx_json,logs/run-05-workload-29-stdx_json.log
5,29,2,cjfast_json,转义/Unicode | decode | String | bytes,转义/Unicode,decode,String,bytes,cjfastBytesDecodeEscapedUnicodeString,2.476485,5.947,6.352,raw/run-05/workload-29-cjfast_json,logs/run-05-workload-29-cjfast_json.log
5,29,3,yjson,转义/Unicode | decode | String | bytes,转义/Unicode,decode,String,bytes,yjsonBytesDecodeEscapedUnicodeString,3.808048,6.352,6.352,raw/run-05/workload-29-yjson,logs/run-05-workload-29-yjson.log
5,30,1,stdx_json,转义/Unicode | decode | String | string,转义/Unicode,decode,String,string,stdxStringDecodeEscapedUnicodeString,2.607096,6.352,6.323,raw/run-05/workload-30-stdx_json,logs/run-05-workload-30-stdx_json.log
5,30,2,cjfast_json,转义/Unicode | decode | String | string,转义/Unicode,decode,String,string,cjfastStringDecodeEscapedUnicodeString,2.922918,6.323,6.323,raw/run-05/workload-30-cjfast_json,logs/run-05-workload-30-cjfast_json.log
5,30,3,yjson,转义/Unicode | decode | String | string,转义/Unicode,decode,String,string,yjsonStringDecodeEscapedUnicodeString,3.519464,6.323,6.057,raw/run-05/workload-30-yjson,logs/run-05-workload-30-yjson.log
5,31,1,stdx_json,转义/Unicode | encode | String | bytes,转义/Unicode,encode,String,bytes,stdxBytesEncodeEscapedUnicodeString,2.113785,6.057,6.212,raw/run-05/workload-31-stdx_json,logs/run-05-workload-31-stdx_json.log
5,31,2,cjfast_json,转义/Unicode | encode | String | bytes,转义/Unicode,encode,String,bytes,cjfastBytesEncodeEscapedUnicodeString,2.771386,6.212,6.212,raw/run-05/workload-31-cjfast_json,logs/run-05-workload-31-cjfast_json.log
5,31,3,yjson,转义/Unicode | encode | String | bytes,转义/Unicode,encode,String,bytes,yjsonBytesEncodeEscapedUnicodeString,3.033848,6.212,5.955,raw/run-05/workload-31-yjson,logs/run-05-workload-31-yjson.log
5,32,1,stdx_json,转义/Unicode | encode | String | string,转义/Unicode,encode,String,string,stdxStringEncodeEscapedUnicodeString,2.339368,5.955,5.955,raw/run-05/workload-32-stdx_json,logs/run-05-workload-32-stdx_json.log
5,32,2,cjfast_json,转义/Unicode | encode | String | string,转义/Unicode,encode,String,string,cjfastStringEncodeEscapedUnicodeString,2.591783,5.955,6.119,raw/run-05/workload-32-cjfast_json,logs/run-05-workload-32-cjfast_json.log
5,32,3,yjson,转义/Unicode | encode | String | string,转义/Unicode,encode,String,string,yjsonStringEncodeEscapedUnicodeString,2.923987,6.119,6.119,raw/run-05/workload-32-yjson,logs/run-05-workload-32-yjson.log
5,33,1,stdx_json,Pretty JSON | decode | Person | string,Pretty JSON,decode,Person,string,stdxStringDecodePrettyPerson,2.576009,6.119,5.949,raw/run-05/workload-33-stdx_json,logs/run-05-workload-33-stdx_json.log
5,33,2,cjfast_json,Pretty JSON | decode | Person | string,Pretty JSON,decode,Person,string,cjfastStringDecodePrettyPerson,3.200473,5.949,5.949,raw/run-05/workload-33-cjfast_json,logs/run-05-workload-33-cjfast_json.log
5,33,3,yjson,Pretty JSON | decode | Person | string,Pretty JSON,decode,Person,string,yjsonStringDecodePrettyPerson,5.356686,5.949,5.793,raw/run-05/workload-33-yjson,logs/run-05-workload-33-yjson.log
5,34,1,stdx_json,Pretty JSON | encode | Person | string,Pretty JSON,encode,Person,string,stdxStringEncodePrettyPerson,2.084309,5.793,5.489,raw/run-05/workload-34-stdx_json,logs/run-05-workload-34-stdx_json.log
5,34,2,cjfast_json,Pretty JSON | encode | Person | string,Pretty JSON,encode,Person,string,cjfastStringEncodePrettyPerson,2.779111,5.489,5.489,raw/run-05/workload-34-cjfast_json,logs/run-05-workload-34-cjfast_json.log
5,34,3,yjson,Pretty JSON | encode | Person | string,Pretty JSON,encode,Person,string,yjsonStringEncodePrettyPerson,3.146271,5.489,5.449,raw/run-05/workload-34-yjson,logs/run-05-workload-34-yjson.log
5,35,1,stdx_json,基础对象 | decode | Address | bytes,基础对象,decode,Address,bytes,stdxBytesDecodeAddress,2.499284,5.449,5.894,raw/run-05/workload-35-stdx_json,logs/run-05-workload-35-stdx_json.log
5,35,2,cjfast_json,基础对象 | decode | Address | bytes,基础对象,decode,Address,bytes,cjfastBytesDecodeAddress,2.403289,5.894,5.894,raw/run-05/workload-35-cjfast_json,logs/run-05-workload-35-cjfast_json.log
5,35,3,yjson,基础对象 | decode | Address | bytes,基础对象,decode,Address,bytes,yjsonBytesDecodeAddress,3.256575,5.894,5.742,raw/run-05/workload-35-yjson,logs/run-05-workload-35-yjson.log
5,36,1,stdx_json,基础对象 | decode | Address | string,基础对象,decode,Address,string,stdxStringDecodeAddress,2.440759,5.742,5.742,raw/run-05/workload-36-stdx_json,logs/run-05-workload-36-stdx_json.log
5,36,2,cjfast_json,基础对象 | decode | Address | string,基础对象,decode,Address,string,cjfastStringDecodeAddress,2.511606,5.742,5.522,raw/run-05/workload-36-cjfast_json,logs/run-05-workload-36-cjfast_json.log
5,36,3,yjson,基础对象 | decode | Address | string,基础对象,decode,Address,string,yjsonStringDecodeAddress,3.399511,5.522,5.522,raw/run-05/workload-36-yjson,logs/run-05-workload-36-yjson.log
6,1,1,cjfast_json,基础对象 | decode | Person | bytes,基础对象,decode,Person,bytes,cjfastBytesDecodePerson,3.266595,5.522,5.320,raw/run-06/workload-01-cjfast_json,logs/run-06-workload-01-cjfast_json.log
6,1,2,yjson,基础对象 | decode | Person | bytes,基础对象,decode,Person,bytes,yjsonBytesDecodePerson,7.837661,5.320,5.123,raw/run-06/workload-01-yjson,logs/run-06-workload-01-yjson.log
6,1,3,stdx_json,基础对象 | decode | Person | bytes,基础对象,decode,Person,bytes,stdxBytesDecodePerson,2.978711,5.123,5.123,raw/run-06/workload-01-stdx_json,logs/run-06-workload-01-stdx_json.log
6,2,1,cjfast_json,基础对象 | decode | Address | string,基础对象,decode,Address,string,cjfastStringDecodeAddress,2.449894,5.123,5.033,raw/run-06/workload-02-cjfast_json,logs/run-06-workload-02-cjfast_json.log
6,2,2,yjson,基础对象 | decode | Address | string,基础对象,decode,Address,string,yjsonStringDecodeAddress,3.374057,5.033,5.033,raw/run-06/workload-02-yjson,logs/run-06-workload-02-yjson.log
6,2,3,stdx_json,基础对象 | decode | Address | string,基础对象,decode,Address,string,stdxStringDecodeAddress,2.447742,5.033,4.950,raw/run-06/workload-02-stdx_json,logs/run-06-workload-02-stdx_json.log
6,3,1,cjfast_json,基础对象 | decode | Address | bytes,基础对象,decode,Address,bytes,cjfastBytesDecodeAddress,2.582599,4.950,4.950,raw/run-06/workload-03-cjfast_json,logs/run-06-workload-03-cjfast_json.log
6,3,2,yjson,基础对象 | decode | Address | bytes,基础对象,decode,Address,bytes,yjsonBytesDecodeAddress,3.422713,4.950,4.793,raw/run-06/workload-03-yjson,logs/run-06-workload-03-yjson.log
6,3,3,stdx_json,基础对象 | decode | Address | bytes,基础对象,decode,Address,bytes,stdxBytesDecodeAddress,2.344255,4.793,5.130,raw/run-06/workload-03-stdx_json,logs/run-06-workload-03-stdx_json.log
6,4,1,cjfast_json,Pretty JSON | encode | Person | string,Pretty JSON,encode,Person,string,cjfastStringEncodePrettyPerson,2.699425,5.130,5.130,raw/run-06/workload-04-cjfast_json,logs/run-06-workload-04-cjfast_json.log
6,4,2,yjson,Pretty JSON | encode | Person | string,Pretty JSON,encode,Person,string,yjsonStringEncodePrettyPerson,2.913547,5.130,5.360,raw/run-06/workload-04-yjson,logs/run-06-workload-04-yjson.log
6,4,3,stdx_json,Pretty JSON | encode | Person | string,Pretty JSON,encode,Person,string,stdxStringEncodePrettyPerson,2.157050,5.360,5.360,raw/run-06/workload-04-stdx_json,logs/run-06-workload-04-stdx_json.log
6,5,1,cjfast_json,Pretty JSON | decode | Person | string,Pretty JSON,decode,Person,string,cjfastStringDecodePrettyPerson,3.222650,5.360,5.331,raw/run-06/workload-05-cjfast_json,logs/run-06-workload-05-cjfast_json.log
6,5,2,yjson,Pretty JSON | decode | Person | string,Pretty JSON,decode,Person,string,yjsonStringDecodePrettyPerson,5.974493,5.331,5.224,raw/run-06/workload-05-yjson,logs/run-06-workload-05-yjson.log
6,5,3,stdx_json,Pretty JSON | decode | Person | string,Pretty JSON,decode,Person,string,stdxStringDecodePrettyPerson,2.498690,5.224,5.224,raw/run-06/workload-05-stdx_json,logs/run-06-workload-05-stdx_json.log
6,6,1,cjfast_json,转义/Unicode | encode | String | string,转义/Unicode,encode,String,string,cjfastStringEncodeEscapedUnicodeString,2.337234,5.224,5.287,raw/run-06/workload-06-cjfast_json,logs/run-06-workload-06-cjfast_json.log
6,6,2,yjson,转义/Unicode | encode | String | string,转义/Unicode,encode,String,string,yjsonStringEncodeEscapedUnicodeString,3.351156,5.287,5.744,raw/run-06/workload-06-yjson,logs/run-06-workload-06-yjson.log
6,6,3,stdx_json,转义/Unicode | encode | String | string,转义/Unicode,encode,String,string,stdxStringEncodeEscapedUnicodeString,2.368163,5.744,5.744,raw/run-06/workload-06-stdx_json,logs/run-06-workload-06-stdx_json.log
6,7,1,cjfast_json,转义/Unicode | encode | String | bytes,转义/Unicode,encode,String,bytes,cjfastBytesEncodeEscapedUnicodeString,2.678484,5.744,6.085,raw/run-06/workload-07-cjfast_json,logs/run-06-workload-07-cjfast_json.log
6,7,2,yjson,转义/Unicode | encode | String | bytes,转义/Unicode,encode,String,bytes,yjsonBytesEncodeEscapedUnicodeString,3.113340,6.085,6.085,raw/run-06/workload-07-yjson,logs/run-06-workload-07-yjson.log
6,7,3,stdx_json,转义/Unicode | encode | String | bytes,转义/Unicode,encode,String,bytes,stdxBytesEncodeEscapedUnicodeString,2.156593,6.085,5.678,raw/run-06/workload-07-stdx_json,logs/run-06-workload-07-stdx_json.log
6,8,1,cjfast_json,转义/Unicode | decode | String | string,转义/Unicode,decode,String,string,cjfastStringDecodeEscapedUnicodeString,2.573668,5.678,5.678,raw/run-06/workload-08-cjfast_json,logs/run-06-workload-08-cjfast_json.log
6,8,2,yjson,转义/Unicode | decode | String | string,转义/Unicode,decode,String,string,yjsonStringDecodeEscapedUnicodeString,3.668679,5.678,5.543,raw/run-06/workload-08-yjson,logs/run-06-workload-08-yjson.log
6,8,3,stdx_json,转义/Unicode | decode | String | string,转义/Unicode,decode,String,string,stdxStringDecodeEscapedUnicodeString,2.629154,5.543,5.543,raw/run-06/workload-08-stdx_json,logs/run-06-workload-08-stdx_json.log
6,9,1,cjfast_json,转义/Unicode | decode | String | bytes,转义/Unicode,decode,String,bytes,cjfastBytesDecodeEscapedUnicodeString,2.590024,5.543,5.259,raw/run-06/workload-09-cjfast_json,logs/run-06-workload-09-cjfast_json.log
6,9,2,yjson,转义/Unicode | decode | String | bytes,转义/Unicode,decode,String,bytes,yjsonBytesDecodeEscapedUnicodeString,3.666832,5.259,5.479,raw/run-06/workload-09-yjson,logs/run-06-workload-09-yjson.log
6,9,3,stdx_json,转义/Unicode | decode | String | bytes,转义/Unicode,decode,String,bytes,stdxBytesDecodeEscapedUnicodeString,2.314377,5.479,5.479,raw/run-06/workload-09-stdx_json,logs/run-06-workload-09-stdx_json.log
6,10,1,cjfast_json,"深层嵌套 | encode | ArrayList<HashMap<String, ArrayList<ProfileRecord>>> | string",深层嵌套,encode,"ArrayList<HashMap<String, ArrayList<ProfileRecord>>>",string,cjfastStringEncodeDeepNestedProfiles,2.962235,5.479,5.360,raw/run-06/workload-10-cjfast_json,logs/run-06-workload-10-cjfast_json.log
6,10,2,yjson,"深层嵌套 | encode | ArrayList<HashMap<String, ArrayList<ProfileRecord>>> | string",深层嵌套,encode,"ArrayList<HashMap<String, ArrayList<ProfileRecord>>>",string,yjsonStringEncodeDeepNestedProfiles,2.807723,5.360,5.360,raw/run-06/workload-10-yjson,logs/run-06-workload-10-yjson.log
6,10,3,stdx_json,"深层嵌套 | encode | ArrayList<HashMap<String, ArrayList<ProfileRecord>>> | string",深层嵌套,encode,"ArrayList<HashMap<String, ArrayList<ProfileRecord>>>",string,stdxStringEncodeDeepNestedProfiles,2.380289,5.360,5.250,raw/run-06/workload-10-stdx_json,logs/run-06-workload-10-stdx_json.log
6,11,1,cjfast_json,"深层嵌套 | decode | ArrayList<HashMap<String, ArrayList<ProfileRecord>>> | string",深层嵌套,decode,"ArrayList<HashMap<String, ArrayList<ProfileRecord>>>",string,cjfastStringDecodeDeepNestedProfiles,3.057687,5.250,5.250,raw/run-06/workload-11-cjfast_json,logs/run-06-workload-11-cjfast_json.log
6,11,2,yjson,"深层嵌套 | decode | ArrayList<HashMap<String, ArrayList<ProfileRecord>>> | string",深层嵌套,decode,"ArrayList<HashMap<String, ArrayList<ProfileRecord>>>",string,yjsonStringDecodeDeepNestedProfiles,3.597573,5.250,5.070,raw/run-06/workload-11-yjson,logs/run-06-workload-11-yjson.log
6,11,3,stdx_json,"深层嵌套 | decode | ArrayList<HashMap<String, ArrayList<ProfileRecord>>> | string",深层嵌套,decode,"ArrayList<HashMap<String, ArrayList<ProfileRecord>>>",string,stdxStringDecodeDeepNestedProfiles,2.836702,5.070,5.064,raw/run-06/workload-11-stdx_json,logs/run-06-workload-11-stdx_json.log
6,12,1,cjfast_json,流式 I/O | encode | Person | stream,流式 I/O,encode,Person,stream,cjfastStreamEncodePerson,2.893885,5.064,5.064,raw/run-06/workload-12-cjfast_json,logs/run-06-workload-12-cjfast_json.log
6,12,2,yjson,流式 I/O | encode | Person | stream,流式 I/O,encode,Person,stream,yjsonStreamEncodePerson,2.624335,5.064,5.059,raw/run-06/workload-12-yjson,logs/run-06-workload-12-yjson.log
6,12,3,stdx_json,流式 I/O | encode | Person | stream,流式 I/O,encode,Person,stream,stdxStreamEncodePerson,2.118912,5.059,5.059,raw/run-06/workload-12-stdx_json,logs/run-06-workload-12-stdx_json.log
6,13,1,cjfast_json,流式 I/O | decode | Person | stream,流式 I/O,decode,Person,stream,cjfastStreamDecodePerson,3.196157,5.059,4.974,raw/run-06/workload-13-cjfast_json,logs/run-06-workload-13-cjfast_json.log
6,13,2,yjson,流式 I/O | decode | Person | stream,流式 I/O,decode,Person,stream,yjsonStreamDecodePerson,2.914072,4.974,4.974,raw/run-06/workload-13-yjson,logs/run-06-workload-13-yjson.log
6,13,3,stdx_json,流式 I/O | decode | Person | stream,流式 I/O,decode,Person,stream,stdxStreamDecodePerson,2.730128,4.974,4.815,raw/run-06/workload-13-stdx_json,logs/run-06-workload-13-stdx_json.log
6,14,1,cjfast_json,未知字段 | decode | Person | string,未知字段,decode,Person,string,cjfastStringDecodeUnknownPerson,3.388427,4.815,5.391,raw/run-06/workload-14-cjfast_json,logs/run-06-workload-14-cjfast_json.log
6,14,2,yjson,未知字段 | decode | Person | string,未知字段,decode,Person,string,yjsonStringDecodeUnknownPerson,5.262322,5.391,5.680,raw/run-06/workload-14-yjson,logs/run-06-workload-14-yjson.log
6,14,3,stdx_json,未知字段 | decode | Person | string,未知字段,decode,Person,string,stdxStringDecodeUnknownPerson,2.625147,5.680,5.680,raw/run-06/workload-14-stdx_json,logs/run-06-workload-14-stdx_json.log
6,15,1,cjfast_json,时间/大数 | encode | TemporalStats | string,时间/大数,encode,TemporalStats,string,cjfastStringEncodeTemporalStats,2.776689,5.680,5.545,raw/run-06/workload-15-cjfast_json,logs/run-06-workload-15-cjfast_json.log
6,15,2,yjson,时间/大数 | encode | TemporalStats | string,时间/大数,encode,TemporalStats,string,yjsonStringEncodeTemporalStats,3.273134,5.545,5.545,raw/run-06/workload-15-yjson,logs/run-06-workload-15-yjson.log
6,15,3,stdx_json,时间/大数 | encode | TemporalStats | string,时间/大数,encode,TemporalStats,string,stdxStringEncodeTemporalStats,2.005309,5.545,5.341,raw/run-06/workload-15-stdx_json,logs/run-06-workload-15-stdx_json.log
6,16,1,cjfast_json,时间/大数 | encode | TemporalStats | bytes,时间/大数,encode,TemporalStats,bytes,cjfastBytesEncodeTemporalStats,2.897340,5.341,5.341,raw/run-06/workload-16-cjfast_json,logs/run-06-workload-16-cjfast_json.log
6,16,2,yjson,时间/大数 | encode | TemporalStats | bytes,时间/大数,encode,TemporalStats,bytes,yjsonBytesEncodeTemporalStats,3.203164,5.341,5.234,raw/run-06/workload-16-yjson,logs/run-06-workload-16-yjson.log
6,16,3,stdx_json,时间/大数 | encode | TemporalStats | bytes,时间/大数,encode,TemporalStats,bytes,stdxBytesEncodeTemporalStats,2.235338,5.234,5.234,raw/run-06/workload-16-stdx_json,logs/run-06-workload-16-stdx_json.log
6,17,1,cjfast_json,时间/大数 | decode | TemporalStats | string,时间/大数,decode,TemporalStats,string,cjfastStringDecodeTemporalStats,3.263063,5.234,5.135,raw/run-06/workload-17-cjfast_json,logs/run-06-workload-17-cjfast_json.log
6,17,2,yjson,时间/大数 | decode | TemporalStats | string,时间/大数,decode,TemporalStats,string,yjsonStringDecodeTemporalStats,3.634134,5.135,5.124,raw/run-06/workload-17-yjson,logs/run-06-workload-17-yjson.log
6,17,3,stdx_json,时间/大数 | decode | TemporalStats | string,时间/大数,decode,TemporalStats,string,stdxStringDecodeTemporalStats,2.906528,5.124,5.124,raw/run-06/workload-17-stdx_json,logs/run-06-workload-17-stdx_json.log
6,18,1,cjfast_json,时间/大数 | decode | TemporalStats | bytes,时间/大数,decode,TemporalStats,bytes,cjfastBytesDecodeTemporalStats,3.396427,5.124,5.033,raw/run-06/workload-18-cjfast_json,logs/run-06-workload-18-cjfast_json.log
6,18,2,yjson,时间/大数 | decode | TemporalStats | bytes,时间/大数,decode,TemporalStats,bytes,yjsonBytesDecodeTemporalStats,3.088903,5.033,5.030,raw/run-06/workload-18-yjson,logs/run-06-workload-18-yjson.log
6,18,3,stdx_json,时间/大数 | decode | TemporalStats | bytes,时间/大数,decode,TemporalStats,bytes,stdxBytesDecodeTemporalStats,2.968513,5.030,5.030,raw/run-06/workload-18-stdx_json,logs/run-06-workload-18-stdx_json.log
6,19,1,cjfast_json,数值边界 | encode | UInt64Envelope | string,数值边界,encode,UInt64Envelope,string,cjfastStringEncodeUInt64Envelope,2.753200,5.030,4.868,raw/run-06/workload-19-cjfast_json,logs/run-06-workload-19-cjfast_json.log
6,19,2,yjson,数值边界 | encode | UInt64Envelope | string,数值边界,encode,UInt64Envelope,string,yjsonStringEncodeUInt64Envelope,3.464426,4.868,5.359,raw/run-06/workload-19-yjson,logs/run-06-workload-19-yjson.log
6,19,3,stdx_json,数值边界 | encode | UInt64Envelope | string,数值边界,encode,UInt64Envelope,string,stdxStringEncodeUInt64Envelope,2.116270,5.359,5.359,raw/run-06/workload-19-stdx_json,logs/run-06-workload-19-stdx_json.log
6,20,1,cjfast_json,数值边界 | encode | UInt64Envelope | bytes,数值边界,encode,UInt64Envelope,bytes,cjfastBytesEncodeUInt64Envelope,2.855639,5.359,5.731,raw/run-06/workload-20-cjfast_json,logs/run-06-workload-20-cjfast_json.log
6,20,2,yjson,数值边界 | encode | UInt64Envelope | bytes,数值边界,encode,UInt64Envelope,bytes,yjsonBytesEncodeUInt64Envelope,3.165646,5.731,5.731,raw/run-06/workload-20-yjson,logs/run-06-workload-20-yjson.log
6,20,3,stdx_json,数值边界 | encode | UInt64Envelope | bytes,数值边界,encode,UInt64Envelope,bytes,stdxBytesEncodeUInt64Envelope,2.241142,5.731,5.592,raw/run-06/workload-20-stdx_json,logs/run-06-workload-20-stdx_json.log
6,21,1,cjfast_json,数值边界 | decode | UInt64Envelope | string,数值边界,decode,UInt64Envelope,string,cjfastStringDecodeUInt64Envelope,3.136163,5.592,5.592,raw/run-06/workload-21-cjfast_json,logs/run-06-workload-21-cjfast_json.log
6,21,2,yjson,数值边界 | decode | UInt64Envelope | string,数值边界,decode,UInt64Envelope,string,yjsonStringDecodeUInt64Envelope,3.309636,5.592,5.464,raw/run-06/workload-21-yjson,logs/run-06-workload-21-yjson.log
6,21,3,stdx_json,数值边界 | decode | UInt64Envelope | string,数值边界,decode,UInt64Envelope,string,stdxStringDecodeUInt64Envelope,2.614060,5.464,5.464,raw/run-06/workload-21-stdx_json,logs/run-06-workload-21-stdx_json.log
6,22,1,cjfast_json,数值边界 | decode | UInt64Envelope | bytes,数值边界,decode,UInt64Envelope,bytes,cjfastBytesDecodeUInt64Envelope,3.366751,5.464,5.427,raw/run-06/workload-22-cjfast_json,logs/run-06-workload-22-cjfast_json.log
6,22,2,yjson,数值边界 | decode | UInt64Envelope | bytes,数值边界,decode,UInt64Envelope,bytes,yjsonBytesDecodeUInt64Envelope,3.475149,5.427,5.232,raw/run-06/workload-22-yjson,logs/run-06-workload-22-yjson.log
6,22,3,stdx_json,数值边界 | decode | UInt64Envelope | bytes,数值边界,decode,UInt64Envelope,bytes,stdxBytesDecodeUInt64Envelope,2.814876,5.232,5.232,raw/run-06/workload-22-stdx_json,logs/run-06-workload-22-stdx_json.log
6,23,1,cjfast_json,嵌套对象 | encode | ProfileBundle | string,嵌套对象,encode,ProfileBundle,string,cjfastStringEncodeProfileBundle,3.222456,5.232,5.374,raw/run-06/workload-23-cjfast_json,logs/run-06-workload-23-cjfast_json.log
6,23,2,yjson,嵌套对象 | encode | ProfileBundle | string,嵌套对象,encode,ProfileBundle,string,yjsonStringEncodeProfileBundle,3.025378,5.374,5.745,raw/run-06/workload-23-yjson,logs/run-06-workload-23-yjson.log
6,23,3,stdx_json,嵌套对象 | encode | ProfileBundle | string,嵌套对象,encode,ProfileBundle,string,stdxStringEncodeProfileBundle,2.168305,5.745,5.745,raw/run-06/workload-23-stdx_json,logs/run-06-workload-23-stdx_json.log
6,24,1,cjfast_json,嵌套对象 | encode | ProfileBundle | bytes,嵌套对象,encode,ProfileBundle,bytes,cjfastBytesEncodeProfileBundle,3.053721,5.745,5.444,raw/run-06/workload-24-cjfast_json,logs/run-06-workload-24-cjfast_json.log
6,24,2,yjson,嵌套对象 | encode | ProfileBundle | bytes,嵌套对象,encode,ProfileBundle,bytes,yjsonBytesEncodeProfileBundle,3.357067,5.444,5.444,raw/run-06/workload-24-yjson,logs/run-06-workload-24-yjson.log
6,24,3,stdx_json,嵌套对象 | encode | ProfileBundle | bytes,嵌套对象,encode,ProfileBundle,bytes,stdxBytesEncodeProfileBundle,2.126631,5.444,5.249,raw/run-06/workload-24-stdx_json,logs/run-06-workload-24-stdx_json.log
6,25,1,cjfast_json,嵌套对象 | decode | ProfileBundle | string,嵌套对象,decode,ProfileBundle,string,cjfastStringDecodeProfileBundle,3.287842,5.249,5.249,raw/run-06/workload-25-cjfast_json,logs/run-06-workload-25-cjfast_json.log
6,25,2,yjson,嵌套对象 | decode | ProfileBundle | string,嵌套对象,decode,ProfileBundle,string,yjsonStringDecodeProfileBundle,3.557525,5.249,5.148,raw/run-06/workload-25-yjson,logs/run-06-workload-25-yjson.log
6,25,3,stdx_json,嵌套对象 | decode | ProfileBundle | string,嵌套对象,decode,ProfileBundle,string,stdxStringDecodeProfileBundle,2.755427,5.148,4.976,raw/run-06/workload-25-stdx_json,logs/run-06-workload-25-stdx_json.log
6,26,1,cjfast_json,嵌套对象 | decode | ProfileBundle | bytes,嵌套对象,decode,ProfileBundle,bytes,cjfastBytesDecodeProfileBundle,3.371159,4.976,4.976,raw/run-06/workload-26-cjfast_json,logs/run-06-workload-26-cjfast_json.log
6,26,2,yjson,嵌套对象 | decode | ProfileBundle | bytes,嵌套对象,decode,ProfileBundle,bytes,yjsonBytesDecodeProfileBundle,3.614569,4.976,5.058,raw/run-06/workload-26-yjson,logs/run-06-workload-26-yjson.log
6,26,3,stdx_json,嵌套对象 | decode | ProfileBundle | bytes,嵌套对象,decode,ProfileBundle,bytes,stdxBytesDecodeProfileBundle,2.425196,5.058,5.454,raw/run-06/workload-26-stdx_json,logs/run-06-workload-26-stdx_json.log
6,27,1,cjfast_json,字段顺序 | decode | Person | string,字段顺序,decode,Person,string,cjfastStringDecodeUnorderedPerson,3.205987,5.454,5.454,raw/run-06/workload-27-cjfast_json,logs/run-06-workload-27-cjfast_json.log
6,27,2,yjson,字段顺序 | decode | Person | string,字段顺序,decode,Person,string,yjsonStringDecodeUnorderedPerson,5.061861,5.454,5.417,raw/run-06/workload-27-yjson,logs/run-06-workload-27-yjson.log
6,27,3,stdx_json,字段顺序 | decode | Person | string,字段顺序,decode,Person,string,stdxStringDecodeUnorderedPerson,2.799961,5.417,5.224,raw/run-06/workload-27-stdx_json,logs/run-06-workload-27-stdx_json.log
6,28,1,cjfast_json,大数组 | encode | ArrayList<ProfileRecord>[64] | string,大数组,encode,ArrayList<ProfileRecord>[64],string,cjfastStringEncodeLargeProfileArray,2.624552,5.224,5.224,raw/run-06/workload-28-cjfast_json,logs/run-06-workload-28-cjfast_json.log
6,28,2,yjson,大数组 | encode | ArrayList<ProfileRecord>[64] | string,大数组,encode,ArrayList<ProfileRecord>[64],string,yjsonStringEncodeLargeProfileArray,2.600513,5.224,5.286,raw/run-06/workload-28-yjson,logs/run-06-workload-28-yjson.log
6,28,3,stdx_json,大数组 | encode | ArrayList<ProfileRecord>[64] | string,大数组,encode,ArrayList<ProfileRecord>[64],string,stdxStringEncodeLargeProfileArray,2.544282,5.286,5.286,raw/run-06/workload-28-stdx_json,logs/run-06-workload-28-stdx_json.log
6,29,1,cjfast_json,大数组 | decode | ArrayList<ProfileRecord>[64] | string,大数组,decode,ArrayList<ProfileRecord>[64],string,cjfastStringDecodeLargeProfileArray,2.538339,5.286,5.103,raw/run-06/workload-29-cjfast_json,logs/run-06-workload-29-cjfast_json.log
6,29,2,yjson,大数组 | decode | ArrayList<ProfileRecord>[64] | string,大数组,decode,ArrayList<ProfileRecord>[64],string,yjsonStringDecodeLargeProfileArray,5.205139,5.103,5.015,raw/run-06/workload-29-yjson,logs/run-06-workload-29-yjson.log
6,29,3,stdx_json,大数组 | decode | ArrayList<ProfileRecord>[64] | string,大数组,decode,ArrayList<ProfileRecord>[64],string,stdxStringDecodeLargeProfileArray,2.567109,5.015,5.015,raw/run-06/workload-29-stdx_json,logs/run-06-workload-29-stdx_json.log
6,30,1,cjfast_json,"大 Map | encode | HashMap<String, Int64>[64] | string",大 Map,encode,"HashMap<String, Int64>[64]",string,cjfastStringEncodeLargeInt64Map,3.568530,5.015,4.773,raw/run-06/workload-30-cjfast_json,logs/run-06-workload-30-cjfast_json.log
6,30,2,yjson,"大 Map | encode | HashMap<String, Int64>[64] | string",大 Map,encode,"HashMap<String, Int64>[64]",string,yjsonStringEncodeLargeInt64Map,3.103280,4.773,4.792,raw/run-06/workload-30-yjson,logs/run-06-workload-30-yjson.log
6,30,3,stdx_json,"大 Map | encode | HashMap<String, Int64>[64] | string",大 Map,encode,"HashMap<String, Int64>[64]",string,stdxStringEncodeLargeInt64Map,2.623025,4.792,4.792,raw/run-06/workload-30-stdx_json,logs/run-06-workload-30-stdx_json.log
6,31,1,cjfast_json,"大 Map | decode | HashMap<String, Int64>[64] | string",大 Map,decode,"HashMap<String, Int64>[64]",string,cjfastStringDecodeLargeInt64Map,3.351845,4.792,4.809,raw/run-06/workload-31-cjfast_json,logs/run-06-workload-31-cjfast_json.log
6,31,2,yjson,"大 Map | decode | HashMap<String, Int64>[64] | string",大 Map,decode,"HashMap<String, Int64>[64]",string,yjsonStringDecodeLargeInt64Map,3.827942,4.809,4.824,raw/run-06/workload-31-yjson,logs/run-06-workload-31-yjson.log
6,31,3,stdx_json,"大 Map | decode | HashMap<String, Int64>[64] | string",大 Map,decode,"HashMap<String, Int64>[64]",string,stdxStringDecodeLargeInt64Map,2.579948,4.824,4.824,raw/run-06/workload-31-stdx_json,logs/run-06-workload-31-stdx_json.log
6,32,1,cjfast_json,基础对象 | encode | Person | string,基础对象,encode,Person,string,cjfastStringEncodePerson,2.884679,4.824,4.678,raw/run-06/workload-32-cjfast_json,logs/run-06-workload-32-cjfast_json.log
6,32,2,yjson,基础对象 | encode | Person | string,基础对象,encode,Person,string,yjsonStringEncodePerson,3.078027,4.678,4.678,raw/run-06/workload-32-yjson,logs/run-06-workload-32-yjson.log
6,32,3,stdx_json,基础对象 | encode | Person | string,基础对象,encode,Person,string,stdxStringEncodePerson,2.081335,4.678,4.543,raw/run-06/workload-32-stdx_json,logs/run-06-workload-32-stdx_json.log
6,33,1,cjfast_json,基础对象 | encode | Person | bytes,基础对象,encode,Person,bytes,cjfastBytesEncodePerson,2.910123,4.543,4.543,raw/run-06/workload-33-cjfast_json,logs/run-06-workload-33-cjfast_json.log
6,33,2,yjson,基础对象 | encode | Person | bytes,基础对象,encode,Person,bytes,yjsonBytesEncodePerson,2.897727,4.543,4.259,raw/run-06/workload-33-yjson,logs/run-06-workload-33-yjson.log
6,33,3,stdx_json,基础对象 | encode | Person | bytes,基础对象,encode,Person,bytes,stdxBytesEncodePerson,2.295415,4.259,4.259,raw/run-06/workload-33-stdx_json,logs/run-06-workload-33-stdx_json.log
6,34,1,cjfast_json,基础对象 | encode | Address | string,基础对象,encode,Address,string,cjfastStringEncodeAddress,2.763280,4.259,4.158,raw/run-06/workload-34-cjfast_json,logs/run-06-workload-34-cjfast_json.log
6,34,2,yjson,基础对象 | encode | Address | string,基础对象,encode,Address,string,yjsonStringEncodeAddress,3.060792,4.158,4.706,raw/run-06/workload-34-yjson,logs/run-06-workload-34-yjson.log
6,34,3,stdx_json,基础对象 | encode | Address | string,基础对象,encode,Address,string,stdxStringEncodeAddress,2.252695,4.706,4.706,raw/run-06/workload-34-stdx_json,logs/run-06-workload-34-stdx_json.log
6,35,1,cjfast_json,基础对象 | encode | Address | bytes,基础对象,encode,Address,bytes,cjfastBytesEncodeAddress,2.952178,4.706,5.050,raw/run-06/workload-35-cjfast_json,logs/run-06-workload-35-cjfast_json.log
6,35,2,yjson,基础对象 | encode | Address | bytes,基础对象,encode,Address,bytes,yjsonBytesEncodeAddress,3.001021,5.050,5.050,raw/run-06/workload-35-yjson,logs/run-06-workload-35-yjson.log
6,35,3,stdx_json,基础对象 | encode | Address | bytes,基础对象,encode,Address,bytes,stdxBytesEncodeAddress,2.174501,5.050,4.806,raw/run-06/workload-35-stdx_json,logs/run-06-workload-35-stdx_json.log
6,36,1,cjfast_json,基础对象 | decode | Person | string,基础对象,decode,Person,string,cjfastStringDecodePerson,3.256829,4.806,4.806,raw/run-06/workload-36-cjfast_json,logs/run-06-workload-36-cjfast_json.log
6,36,2,yjson,基础对象 | decode | Person | string,基础对象,decode,Person,string,yjsonStringDecodePerson,7.797672,4.806,4.447,raw/run-06/workload-36-yjson,logs/run-06-workload-36-yjson.log
6,36,3,stdx_json,基础对象 | decode | Person | string,基础对象,decode,Person,string,stdxStringDecodePerson,2.638546,4.447,4.447,raw/run-06/workload-36-stdx_json,logs/run-06-workload-36-stdx_json.log
7,1,1,yjson,基础对象 | encode | Address | bytes,基础对象,encode,Address,bytes,yjsonBytesEncodeAddress,3.211743,4.447,4.492,raw/run-07/workload-01-yjson,logs/run-07-workload-01-yjson.log
7,1,2,stdx_json,基础对象 | encode | Address | bytes,基础对象,encode,Address,bytes,stdxBytesEncodeAddress,2.145704,4.492,4.492,raw/run-07/workload-01-stdx_json,logs/run-07-workload-01-stdx_json.log
7,1,3,cjfast_json,基础对象 | encode | Address | bytes,基础对象,encode,Address,bytes,cjfastBytesEncodeAddress,2.891680,4.492,4.292,raw/run-07/workload-01-cjfast_json,logs/run-07-workload-01-cjfast_json.log
7,2,1,yjson,基础对象 | encode | Address | string,基础对象,encode,Address,string,yjsonStringEncodeAddress,3.089310,4.292,4.509,raw/run-07/workload-02-yjson,logs/run-07-workload-02-yjson.log
7,2,2,stdx_json,基础对象 | encode | Address | string,基础对象,encode,Address,string,stdxStringEncodeAddress,2.270088,4.509,4.509,raw/run-07/workload-02-stdx_json,logs/run-07-workload-02-stdx_json.log
7,2,3,cjfast_json,基础对象 | encode | Address | string,基础对象,encode,Address,string,cjfastStringEncodeAddress,2.736726,4.509,4.949,raw/run-07/workload-02-cjfast_json,logs/run-07-workload-02-cjfast_json.log
7,3,1,yjson,基础对象 | encode | Person | bytes,基础对象,encode,Person,bytes,yjsonBytesEncodePerson,3.206100,4.949,4.949,raw/run-07/workload-03-yjson,logs/run-07-workload-03-yjson.log
7,3,2,stdx_json,基础对象 | encode | Person | bytes,基础对象,encode,Person,bytes,stdxBytesEncodePerson,2.143662,4.949,4.873,raw/run-07/workload-03-stdx_json,logs/run-07-workload-03-stdx_json.log
7,3,3,cjfast_json,基础对象 | encode | Person | bytes,基础对象,encode,Person,bytes,cjfastBytesEncodePerson,2.899636,4.873,4.873,raw/run-07/workload-03-cjfast_json,logs/run-07-workload-03-cjfast_json.log
7,4,1,yjson,基础对象 | encode | Person | string,基础对象,encode,Person,string,yjsonStringEncodePerson,3.030946,4.873,4.803,raw/run-07/workload-04-yjson,logs/run-07-workload-04-yjson.log
7,4,2,stdx_json,基础对象 | encode | Person | string,基础对象,encode,Person,string,stdxStringEncodePerson,2.166018,4.803,4.803,raw/run-07/workload-04-stdx_json,logs/run-07-workload-04-stdx_json.log
7,4,3,cjfast_json,基础对象 | encode | Person | string,基础对象,encode,Person,string,cjfastStringEncodePerson,2.948243,4.803,4.819,raw/run-07/workload-04-cjfast_json,logs/run-07-workload-04-cjfast_json.log
7,5,1,yjson,"大 Map | decode | HashMap<String, Int64>[64] | string",大 Map,decode,"HashMap<String, Int64>[64]",string,yjsonStringDecodeLargeInt64Map,3.517188,4.819,4.753,raw/run-07/workload-05-yjson,logs/run-07-workload-05-yjson.log
7,5,2,stdx_json,"大 Map | decode | HashMap<String, Int64>[64] | string",大 Map,decode,"HashMap<String, Int64>[64]",string,stdxStringDecodeLargeInt64Map,2.865531,4.753,4.753,raw/run-07/workload-05-stdx_json,logs/run-07-workload-05-stdx_json.log
7,5,3,cjfast_json,"大 Map | decode | HashMap<String, Int64>[64] | string",大 Map,decode,"HashMap<String, Int64>[64]",string,cjfastStringDecodeLargeInt64Map,3.310328,4.753,4.773,raw/run-07/workload-05-cjfast_json,logs/run-07-workload-05-cjfast_json.log
7,6,1,yjson,"大 Map | encode | HashMap<String, Int64>[64] | string",大 Map,encode,"HashMap<String, Int64>[64]",string,yjsonStringEncodeLargeInt64Map,3.430956,4.773,5.272,raw/run-07/workload-06-yjson,logs/run-07-workload-06-yjson.log
7,6,2,stdx_json,"大 Map | encode | HashMap<String, Int64>[64] | string",大 Map,encode,"HashMap<String, Int64>[64]",string,stdxStringEncodeLargeInt64Map,2.647018,5.272,5.272,raw/run-07/workload-06-stdx_json,logs/run-07-workload-06-stdx_json.log
7,6,3,cjfast_json,"大 Map | encode | HashMap<String, Int64>[64] | string",大 Map,encode,"HashMap<String, Int64>[64]",string,cjfastStringEncodeLargeInt64Map,3.706020,5.272,5.250,raw/run-07/workload-06-cjfast_json,logs/run-07-workload-06-cjfast_json.log
7,7,1,yjson,大数组 | decode | ArrayList<ProfileRecord>[64] | string,大数组,decode,ArrayList<ProfileRecord>[64],string,yjsonStringDecodeLargeProfileArray,5.210057,5.250,5.070,raw/run-07/workload-07-yjson,logs/run-07-workload-07-yjson.log
7,7,2,stdx_json,大数组 | decode | ArrayList<ProfileRecord>[64] | string,大数组,decode,ArrayList<ProfileRecord>[64],string,stdxStringDecodeLargeProfileArray,2.816696,5.070,5.070,raw/run-07/workload-07-stdx_json,logs/run-07-workload-07-stdx_json.log
7,7,3,cjfast_json,大数组 | decode | ArrayList<ProfileRecord>[64] | string,大数组,decode,ArrayList<ProfileRecord>[64],string,cjfastStringDecodeLargeProfileArray,2.613773,5.070,5.145,raw/run-07/workload-07-cjfast_json,logs/run-07-workload-07-cjfast_json.log
7,8,1,yjson,大数组 | encode | ArrayList<ProfileRecord>[64] | string,大数组,encode,ArrayList<ProfileRecord>[64],string,yjsonStringEncodeLargeProfileArray,2.665739,5.145,5.145,raw/run-07/workload-08-yjson,logs/run-07-workload-08-yjson.log
7,8,2,stdx_json,大数组 | encode | ArrayList<ProfileRecord>[64] | string,大数组,encode,ArrayList<ProfileRecord>[64],string,stdxStringEncodeLargeProfileArray,2.379174,5.145,4.893,raw/run-07/workload-08-stdx_json,logs/run-07-workload-08-stdx_json.log
7,8,3,cjfast_json,大数组 | encode | ArrayList<ProfileRecord>[64] | string,大数组,encode,ArrayList<ProfileRecord>[64],string,cjfastStringEncodeLargeProfileArray,2.660423,4.893,4.893,raw/run-07/workload-08-cjfast_json,logs/run-07-workload-08-cjfast_json.log
7,9,1,yjson,字段顺序 | decode | Person | string,字段顺序,decode,Person,string,yjsonStringDecodeUnorderedPerson,5.907616,4.893,5.322,raw/run-07/workload-09-yjson,logs/run-07-workload-09-yjson.log
7,9,2,stdx_json,字段顺序 | decode | Person | string,字段顺序,decode,Person,string,stdxStringDecodeUnorderedPerson,2.690501,5.322,5.322,raw/run-07/workload-09-stdx_json,logs/run-07-workload-09-stdx_json.log
7,9,3,cjfast_json,字段顺序 | decode | Person | string,字段顺序,decode,Person,string,cjfastStringDecodeUnorderedPerson,3.277232,5.322,5.377,raw/run-07/workload-09-cjfast_json,logs/run-07-workload-09-cjfast_json.log
7,10,1,yjson,嵌套对象 | decode | ProfileBundle | bytes,嵌套对象,decode,ProfileBundle,bytes,yjsonBytesDecodeProfileBundle,3.462750,5.377,5.828,raw/run-07/workload-10-yjson,logs/run-07-workload-10-yjson.log
7,10,2,stdx_json,嵌套对象 | decode | ProfileBundle | bytes,嵌套对象,decode,ProfileBundle,bytes,stdxBytesDecodeProfileBundle,2.631994,5.828,5.828,raw/run-07/workload-10-stdx_json,logs/run-07-workload-10-stdx_json.log
7,10,3,cjfast_json,嵌套对象 | decode | ProfileBundle | bytes,嵌套对象,decode,ProfileBundle,bytes,cjfastBytesDecodeProfileBundle,3.449849,5.828,5.681,raw/run-07/workload-10-cjfast_json,logs/run-07-workload-10-cjfast_json.log
7,11,1,yjson,嵌套对象 | decode | ProfileBundle | string,嵌套对象,decode,ProfileBundle,string,yjsonStringDecodeProfileBundle,3.562892,5.681,5.681,raw/run-07/workload-11-yjson,logs/run-07-workload-11-yjson.log
7,11,2,stdx_json,嵌套对象 | decode | ProfileBundle | string,嵌套对象,decode,ProfileBundle,string,stdxStringDecodeProfileBundle,2.744323,5.681,5.546,raw/run-07/workload-11-stdx_json,logs/run-07-workload-11-stdx_json.log
7,11,3,cjfast_json,嵌套对象 | decode | ProfileBundle | string,嵌套对象,decode,ProfileBundle,string,cjfastStringDecodeProfileBundle,3.369198,5.546,5.502,raw/run-07/workload-11-cjfast_json,logs/run-07-workload-11-cjfast_json.log
7,12,1,yjson,嵌套对象 | encode | ProfileBundle | bytes,嵌套对象,encode,ProfileBundle,bytes,yjsonBytesEncodeProfileBundle,3.243081,5.502,5.502,raw/run-07/workload-12-yjson,logs/run-07-workload-12-yjson.log
7,12,2,stdx_json,嵌套对象 | encode | ProfileBundle | bytes,嵌套对象,encode,ProfileBundle,bytes,stdxBytesEncodeProfileBundle,2.031329,5.502,5.302,raw/run-07/workload-12-stdx_json,logs/run-07-workload-12-stdx_json.log
7,12,3,cjfast_json,嵌套对象 | encode | ProfileBundle | bytes,嵌套对象,encode,ProfileBundle,bytes,cjfastBytesEncodeProfileBundle,3.153460,5.302,5.302,raw/run-07/workload-12-cjfast_json,logs/run-07-workload-12-cjfast_json.log
7,13,1,yjson,嵌套对象 | encode | ProfileBundle | string,嵌套对象,encode,ProfileBundle,string,yjsonStringEncodeProfileBundle,3.180672,5.302,5.358,raw/run-07/workload-13-yjson,logs/run-07-workload-13-yjson.log
7,13,2,stdx_json,嵌套对象 | encode | ProfileBundle | string,嵌套对象,encode,ProfileBundle,string,stdxStringEncodeProfileBundle,1.971371,5.358,5.358,raw/run-07/workload-13-stdx_json,logs/run-07-workload-13-stdx_json.log
7,13,3,cjfast_json,嵌套对象 | encode | ProfileBundle | string,嵌套对象,encode,ProfileBundle,string,cjfastStringEncodeProfileBundle,3.163795,5.358,5.249,raw/run-07/workload-13-cjfast_json,logs/run-07-workload-13-cjfast_json.log
7,14,1,yjson,数值边界 | decode | UInt64Envelope | bytes,数值边界,decode,UInt64Envelope,bytes,yjsonBytesDecodeUInt64Envelope,3.202489,5.249,5.149,raw/run-07/workload-14-yjson,logs/run-07-workload-14-yjson.log
7,14,2,stdx_json,数值边界 | decode | UInt64Envelope | bytes,数值边界,decode,UInt64Envelope,bytes,stdxBytesDecodeUInt64Envelope,2.695341,5.149,5.149,raw/run-07/workload-14-stdx_json,logs/run-07-workload-14-stdx_json.log
7,14,3,cjfast_json,数值边界 | decode | UInt64Envelope | bytes,数值边界,decode,UInt64Envelope,bytes,cjfastBytesDecodeUInt64Envelope,3.295968,5.149,4.977,raw/run-07/workload-14-cjfast_json,logs/run-07-workload-14-cjfast_json.log
7,15,1,yjson,数值边界 | decode | UInt64Envelope | string,数值边界,decode,UInt64Envelope,string,yjsonStringDecodeUInt64Envelope,3.687036,4.977,5.299,raw/run-07/workload-15-yjson,logs/run-07-workload-15-yjson.log
7,15,2,stdx_json,数值边界 | decode | UInt64Envelope | string,数值边界,decode,UInt64Envelope,string,stdxStringDecodeUInt64Envelope,2.760186,5.299,5.299,raw/run-07/workload-15-stdx_json,logs/run-07-workload-15-stdx_json.log
7,15,3,cjfast_json,数值边界 | decode | UInt64Envelope | string,数值边界,decode,UInt64Envelope,string,cjfastStringDecodeUInt64Envelope,3.291525,5.299,5.114,raw/run-07/workload-15-cjfast_json,logs/run-07-workload-15-cjfast_json.log
7,16,1,yjson,数值边界 | encode | UInt64Envelope | bytes,数值边界,encode,UInt64Envelope,bytes,yjsonBytesEncodeUInt64Envelope,3.219382,5.114,5.114,raw/run-07/workload-16-yjson,logs/run-07-workload-16-yjson.log
7,16,2,stdx_json,数值边界 | encode | UInt64Envelope | bytes,数值边界,encode,UInt64Envelope,bytes,stdxBytesEncodeUInt64Envelope,2.444127,5.114,4.945,raw/run-07/workload-16-stdx_json,logs/run-07-workload-16-stdx_json.log
7,16,3,cjfast_json,数值边界 | encode | UInt64Envelope | bytes,数值边界,encode,UInt64Envelope,bytes,cjfastBytesEncodeUInt64Envelope,2.924648,4.945,5.270,raw/run-07/workload-16-cjfast_json,logs/run-07-workload-16-cjfast_json.log
7,17,1,yjson,数值边界 | encode | UInt64Envelope | string,数值边界,encode,UInt64Envelope,string,yjsonStringEncodeUInt64Envelope,3.271006,5.270,5.270,raw/run-07/workload-17-yjson,logs/run-07-workload-17-yjson.log
7,17,2,stdx_json,数值边界 | encode | UInt64Envelope | string,数值边界,encode,UInt64Envelope,string,stdxStringEncodeUInt64Envelope,2.013776,5.270,5.329,raw/run-07/workload-17-stdx_json,logs/run-07-workload-17-stdx_json.log
7,17,3,cjfast_json,数值边界 | encode | UInt64Envelope | string,数值边界,encode,UInt64Envelope,string,cjfastStringEncodeUInt64Envelope,2.903786,5.329,5.329,raw/run-07/workload-17-cjfast_json,logs/run-07-workload-17-cjfast_json.log
7,18,1,yjson,时间/大数 | decode | TemporalStats | bytes,时间/大数,decode,TemporalStats,bytes,yjsonBytesDecodeTemporalStats,3.139037,5.329,5.142,raw/run-07/workload-18-yjson,logs/run-07-workload-18-yjson.log
7,18,2,stdx_json,时间/大数 | decode | TemporalStats | bytes,时间/大数,decode,TemporalStats,bytes,stdxBytesDecodeTemporalStats,2.754525,5.142,5.142,raw/run-07/workload-18-stdx_json,logs/run-07-workload-18-stdx_json.log
7,18,3,cjfast_json,时间/大数 | decode | TemporalStats | bytes,时间/大数,decode,TemporalStats,bytes,cjfastBytesDecodeTemporalStats,3.329142,5.142,5.130,raw/run-07/workload-18-cjfast_json,logs/run-07-workload-18-cjfast_json.log
7,19,1,yjson,时间/大数 | decode | TemporalStats | string,时间/大数,decode,TemporalStats,string,yjsonStringDecodeTemporalStats,3.277468,5.130,4.959,raw/run-07/workload-19-yjson,logs/run-07-workload-19-yjson.log
7,19,2,stdx_json,时间/大数 | decode | TemporalStats | string,时间/大数,decode,TemporalStats,string,stdxStringDecodeTemporalStats,2.847186,4.959,4.959,raw/run-07/workload-19-stdx_json,logs/run-07-workload-19-stdx_json.log
7,19,3,cjfast_json,时间/大数 | decode | TemporalStats | string,时间/大数,decode,TemporalStats,string,cjfastStringDecodeTemporalStats,3.171904,4.959,4.963,raw/run-07/workload-19-cjfast_json,logs/run-07-workload-19-cjfast_json.log
7,20,1,yjson,时间/大数 | encode | TemporalStats | bytes,时间/大数,encode,TemporalStats,bytes,yjsonBytesEncodeTemporalStats,3.155052,4.963,5.367,raw/run-07/workload-20-yjson,logs/run-07-workload-20-yjson.log
7,20,2,stdx_json,时间/大数 | encode | TemporalStats | bytes,时间/大数,encode,TemporalStats,bytes,stdxBytesEncodeTemporalStats,2.374514,5.367,5.367,raw/run-07/workload-20-stdx_json,logs/run-07-workload-20-stdx_json.log
7,20,3,cjfast_json,时间/大数 | encode | TemporalStats | bytes,时间/大数,encode,TemporalStats,bytes,cjfastBytesEncodeTemporalStats,2.971655,5.367,5.898,raw/run-07/workload-20-cjfast_json,logs/run-07-workload-20-cjfast_json.log
7,21,1,yjson,时间/大数 | encode | TemporalStats | string,时间/大数,encode,TemporalStats,string,yjsonStringEncodeTemporalStats,3.266329,5.898,5.898,raw/run-07/workload-21-yjson,logs/run-07-workload-21-yjson.log
7,21,2,stdx_json,时间/大数 | encode | TemporalStats | string,时间/大数,encode,TemporalStats,string,stdxStringEncodeTemporalStats,2.313038,5.898,5.746,raw/run-07/workload-21-stdx_json,logs/run-07-workload-21-stdx_json.log
7,21,3,cjfast_json,时间/大数 | encode | TemporalStats | string,时间/大数,encode,TemporalStats,string,cjfastStringEncodeTemporalStats,2.975022,5.746,5.746,raw/run-07/workload-21-cjfast_json,logs/run-07-workload-21-cjfast_json.log
7,22,1,yjson,未知字段 | decode | Person | string,未知字段,decode,Person,string,yjsonStringDecodeUnknownPerson,5.503467,5.746,5.605,raw/run-07/workload-22-yjson,logs/run-07-workload-22-yjson.log
7,22,2,stdx_json,未知字段 | decode | Person | string,未知字段,decode,Person,string,stdxStringDecodeUnknownPerson,2.609032,5.605,5.316,raw/run-07/workload-22-stdx_json,logs/run-07-workload-22-stdx_json.log
7,22,3,cjfast_json,未知字段 | decode | Person | string,未知字段,decode,Person,string,cjfastStringDecodeUnknownPerson,3.189019,5.316,5.932,raw/run-07/workload-22-cjfast_json,logs/run-07-workload-22-cjfast_json.log
7,23,1,yjson,流式 I/O | decode | Person | stream,流式 I/O,decode,Person,stream,yjsonStreamDecodePerson,3.003682,5.932,5.932,raw/run-07/workload-23-yjson,logs/run-07-workload-23-yjson.log
7,23,2,stdx_json,流式 I/O | decode | Person | stream,流式 I/O,decode,Person,stream,stdxStreamDecodePerson,2.688114,5.932,5.697,raw/run-07/workload-23-stdx_json,logs/run-07-workload-23-stdx_json.log
7,23,3,cjfast_json,流式 I/O | decode | Person | stream,流式 I/O,decode,Person,stream,cjfastStreamDecodePerson,3.249818,5.697,5.697,raw/run-07/workload-23-cjfast_json,logs/run-07-workload-23-cjfast_json.log
7,24,1,yjson,流式 I/O | encode | Person | stream,流式 I/O,encode,Person,stream,yjsonStreamEncodePerson,2.627598,5.697,5.641,raw/run-07/workload-24-yjson,logs/run-07-workload-24-yjson.log
7,24,2,stdx_json,流式 I/O | encode | Person | stream,流式 I/O,encode,Person,stream,stdxStreamEncodePerson,2.209865,5.641,5.641,raw/run-07/workload-24-stdx_json,logs/run-07-workload-24-stdx_json.log
7,24,3,cjfast_json,流式 I/O | encode | Person | stream,流式 I/O,encode,Person,stream,cjfastStreamEncodePerson,2.846961,5.641,5.429,raw/run-07/workload-24-cjfast_json,logs/run-07-workload-24-cjfast_json.log
7,25,1,yjson,"深层嵌套 | decode | ArrayList<HashMap<String, ArrayList<ProfileRecord>>> | string",深层嵌套,decode,"ArrayList<HashMap<String, ArrayList<ProfileRecord>>>",string,yjsonStringDecodeDeepNestedProfiles,3.488685,5.429,5.875,raw/run-07/workload-25-yjson,logs/run-07-workload-25-yjson.log
7,25,2,stdx_json,"深层嵌套 | decode | ArrayList<HashMap<String, ArrayList<ProfileRecord>>> | string",深层嵌套,decode,"ArrayList<HashMap<String, ArrayList<ProfileRecord>>>",string,stdxStringDecodeDeepNestedProfiles,2.586242,5.875,5.875,raw/run-07/workload-25-stdx_json,logs/run-07-workload-25-stdx_json.log
7,25,3,cjfast_json,"深层嵌套 | decode | ArrayList<HashMap<String, ArrayList<ProfileRecord>>> | string",深层嵌套,decode,"ArrayList<HashMap<String, ArrayList<ProfileRecord>>>",string,cjfastStringDecodeDeepNestedProfiles,3.082545,5.875,5.645,raw/run-07/workload-25-cjfast_json,logs/run-07-workload-25-cjfast_json.log
7,26,1,yjson,"深层嵌套 | encode | ArrayList<HashMap<String, ArrayList<ProfileRecord>>> | string",深层嵌套,encode,"ArrayList<HashMap<String, ArrayList<ProfileRecord>>>",string,yjsonStringEncodeDeepNestedProfiles,2.825658,5.645,5.645,raw/run-07/workload-26-yjson,logs/run-07-workload-26-yjson.log
7,26,2,stdx_json,"深层嵌套 | encode | ArrayList<HashMap<String, ArrayList<ProfileRecord>>> | string",深层嵌套,encode,"ArrayList<HashMap<String, ArrayList<ProfileRecord>>>",string,stdxStringEncodeDeepNestedProfiles,2.367455,5.645,5.513,raw/run-07/workload-26-stdx_json,logs/run-07-workload-26-stdx_json.log
7,26,3,cjfast_json,"深层嵌套 | encode | ArrayList<HashMap<String, ArrayList<ProfileRecord>>> | string",深层嵌套,encode,"ArrayList<HashMap<String, ArrayList<ProfileRecord>>>",string,cjfastStringEncodeDeepNestedProfiles,3.097316,5.513,5.513,raw/run-07/workload-26-cjfast_json,logs/run-07-workload-26-cjfast_json.log
7,27,1,yjson,转义/Unicode | decode | String | bytes,转义/Unicode,decode,String,bytes,yjsonBytesDecodeEscapedUnicodeString,3.787095,5.513,5.312,raw/run-07/workload-27-yjson,logs/run-07-workload-27-yjson.log
7,27,2,stdx_json,转义/Unicode | decode | String | bytes,转义/Unicode,decode,String,bytes,stdxBytesDecodeEscapedUnicodeString,2.497559,5.312,5.607,raw/run-07/workload-27-stdx_json,logs/run-07-workload-27-stdx_json.log
7,27,3,cjfast_json,转义/Unicode | decode | String | bytes,转义/Unicode,decode,String,bytes,cjfastBytesDecodeEscapedUnicodeString,2.716049,5.607,5.607,raw/run-07/workload-27-cjfast_json,logs/run-07-workload-27-cjfast_json.log
7,28,1,yjson,转义/Unicode | decode | String | string,转义/Unicode,decode,String,string,yjsonStringDecodeEscapedUnicodeString,3.365203,5.607,5.478,raw/run-07/workload-28-yjson,logs/run-07-workload-28-yjson.log
7,28,2,stdx_json,转义/Unicode | decode | String | string,转义/Unicode,decode,String,string,stdxStringDecodeEscapedUnicodeString,2.481141,5.478,5.478,raw/run-07/workload-28-stdx_json,logs/run-07-workload-28-stdx_json.log
7,28,3,cjfast_json,转义/Unicode | decode | String | string,转义/Unicode,decode,String,string,cjfastStringDecodeEscapedUnicodeString,2.569401,5.478,5.439,raw/run-07/workload-28-cjfast_json,logs/run-07-workload-28-cjfast_json.log
7,29,1,yjson,转义/Unicode | encode | String | bytes,转义/Unicode,encode,String,bytes,yjsonBytesEncodeEscapedUnicodeString,3.045492,5.439,5.439,raw/run-07/workload-29-yjson,logs/run-07-workload-29-yjson.log
7,29,2,stdx_json,转义/Unicode | encode | String | bytes,转义/Unicode,encode,String,bytes,stdxBytesEncodeEscapedUnicodeString,2.150871,5.439,5.324,raw/run-07/workload-29-stdx_json,logs/run-07-workload-29-stdx_json.log
7,29,3,cjfast_json,转义/Unicode | encode | String | bytes,转义/Unicode,encode,String,bytes,cjfastBytesEncodeEscapedUnicodeString,2.829782,5.324,5.324,raw/run-07/workload-29-cjfast_json,logs/run-07-workload-29-cjfast_json.log
7,30,1,yjson,转义/Unicode | encode | String | string,转义/Unicode,encode,String,string,yjsonStringEncodeEscapedUnicodeString,2.993989,5.324,5.297,raw/run-07/workload-30-yjson,logs/run-07-workload-30-yjson.log
7,30,2,stdx_json,转义/Unicode | encode | String | string,转义/Unicode,encode,String,string,stdxStringEncodeEscapedUnicodeString,2.309559,5.297,5.193,raw/run-07/workload-30-stdx_json,logs/run-07-workload-30-stdx_json.log
7,30,3,cjfast_json,转义/Unicode | encode | String | string,转义/Unicode,encode,String,string,cjfastStringEncodeEscapedUnicodeString,2.514797,5.193,5.193,raw/run-07/workload-30-cjfast_json,logs/run-07-workload-30-cjfast_json.log
7,31,1,yjson,Pretty JSON | decode | Person | string,Pretty JSON,decode,Person,string,yjsonStringDecodePrettyPerson,5.362758,5.193,5.098,raw/run-07/workload-31-yjson,logs/run-07-workload-31-yjson.log
7,31,2,stdx_json,Pretty JSON | decode | Person | string,Pretty JSON,decode,Person,string,stdxStringDecodePrettyPerson,2.808030,5.098,4.929,raw/run-07/workload-31-stdx_json,logs/run-07-workload-31-stdx_json.log
7,31,3,cjfast_json,Pretty JSON | decode | Person | string,Pretty JSON,decode,Person,string,cjfastStringDecodePrettyPerson,3.193833,4.929,4.929,raw/run-07/workload-31-cjfast_json,logs/run-07-workload-31-cjfast_json.log
7,32,1,yjson,Pretty JSON | encode | Person | string,Pretty JSON,encode,Person,string,yjsonStringEncodePrettyPerson,3.230666,4.929,4.854,raw/run-07/workload-32-yjson,logs/run-07-workload-32-yjson.log
7,32,2,stdx_json,Pretty JSON | encode | Person | string,Pretty JSON,encode,Person,string,stdxStringEncodePrettyPerson,2.246850,4.854,4.854,raw/run-07/workload-32-stdx_json,logs/run-07-workload-32-stdx_json.log
7,32,3,cjfast_json,Pretty JSON | encode | Person | string,Pretty JSON,encode,Person,string,cjfastStringEncodePrettyPerson,2.820540,4.854,4.706,raw/run-07/workload-32-cjfast_json,logs/run-07-workload-32-cjfast_json.log
7,33,1,yjson,基础对象 | decode | Address | bytes,基础对象,decode,Address,bytes,yjsonBytesDecodeAddress,3.395791,4.706,5.450,raw/run-07/workload-33-yjson,logs/run-07-workload-33-yjson.log
7,33,2,stdx_json,基础对象 | decode | Address | bytes,基础对象,decode,Address,bytes,stdxBytesDecodeAddress,2.384054,5.450,5.450,raw/run-07/workload-33-stdx_json,logs/run-07-workload-33-stdx_json.log
7,33,3,cjfast_json,基础对象 | decode | Address | bytes,基础对象,decode,Address,bytes,cjfastBytesDecodeAddress,2.490528,5.450,5.815,raw/run-07/workload-33-cjfast_json,logs/run-07-workload-33-cjfast_json.log
7,34,1,yjson,基础对象 | decode | Address | string,基础对象,decode,Address,string,yjsonStringDecodeAddress,3.397172,5.815,5.815,raw/run-07/workload-34-yjson,logs/run-07-workload-34-yjson.log
7,34,2,stdx_json,基础对象 | decode | Address | string,基础对象,decode,Address,string,stdxStringDecodeAddress,2.349750,5.815,5.750,raw/run-07/workload-34-stdx_json,logs/run-07-workload-34-stdx_json.log
7,34,3,cjfast_json,基础对象 | decode | Address | string,基础对象,decode,Address,string,cjfastStringDecodeAddress,2.424534,5.750,5.750,raw/run-07/workload-34-cjfast_json,logs/run-07-workload-34-cjfast_json.log
7,35,1,yjson,基础对象 | decode | Person | bytes,基础对象,decode,Person,bytes,yjsonBytesDecodePerson,7.246605,5.750,6.122,raw/run-07/workload-35-yjson,logs/run-07-workload-35-yjson.log
7,35,2,stdx_json,基础对象 | decode | Person | bytes,基础对象,decode,Person,bytes,stdxBytesDecodePerson,2.676732,6.122,6.122,raw/run-07/workload-35-stdx_json,logs/run-07-workload-35-stdx_json.log
7,35,3,cjfast_json,基础对象 | decode | Person | bytes,基础对象,decode,Person,bytes,cjfastBytesDecodePerson,3.232675,6.122,5.872,raw/run-07/workload-35-cjfast_json,logs/run-07-workload-35-cjfast_json.log
7,36,1,yjson,基础对象 | decode | Person | string,基础对象,decode,Person,string,yjsonStringDecodePerson,7.419778,5.872,5.802,raw/run-07/workload-36-yjson,logs/run-07-workload-36-yjson.log
7,36,2,stdx_json,基础对象 | decode | Person | string,基础对象,decode,Person,string,stdxStringDecodePerson,2.909194,5.802,5.657,raw/run-07/workload-36-stdx_json,logs/run-07-workload-36-stdx_json.log
7,36,3,cjfast_json,基础对象 | decode | Person | string,基础对象,decode,Person,string,cjfastStringDecodePerson,3.461654,5.657,6.246,raw/run-07/workload-36-cjfast_json,logs/run-07-workload-36-cjfast_json.log
8,1,1,stdx_json,基础对象 | encode | Address | bytes,基础对象,encode,Address,bytes,stdxBytesEncodeAddress,2.235711,6.246,6.246,raw/run-08/workload-01-stdx_json,logs/run-08-workload-01-stdx_json.log
8,1,2,cjfast_json,基础对象 | encode | Address | bytes,基础对象,encode,Address,bytes,cjfastBytesEncodeAddress,2.309574,6.246,6.787,raw/run-08/workload-01-cjfast_json,logs/run-08-workload-01-cjfast_json.log
8,1,3,yjson,基础对象 | encode | Address | bytes,基础对象,encode,Address,bytes,yjsonBytesEncodeAddress,3.096221,6.787,6.787,raw/run-08/workload-01-yjson,logs/run-08-workload-01-yjson.log
8,2,1,stdx_json,基础对象 | decode | Person | string,基础对象,decode,Person,string,stdxStringDecodePerson,2.640756,6.787,6.563,raw/run-08/workload-02-stdx_json,logs/run-08-workload-02-stdx_json.log
8,2,2,cjfast_json,基础对象 | decode | Person | string,基础对象,decode,Person,string,cjfastStringDecodePerson,3.275412,6.563,6.563,raw/run-08/workload-02-cjfast_json,logs/run-08-workload-02-cjfast_json.log
8,2,3,yjson,基础对象 | decode | Person | string,基础对象,decode,Person,string,yjsonStringDecodePerson,7.156962,6.563,6.249,raw/run-08/workload-02-yjson,logs/run-08-workload-02-yjson.log
8,3,1,stdx_json,基础对象 | decode | Person | bytes,基础对象,decode,Person,bytes,stdxBytesDecodePerson,2.712794,6.249,6.249,raw/run-08/workload-03-stdx_json,logs/run-08-workload-03-stdx_json.log
8,3,2,cjfast_json,基础对象 | decode | Person | bytes,基础对象,decode,Person,bytes,cjfastBytesDecodePerson,3.208433,6.249,6.229,raw/run-08/workload-03-cjfast_json,logs/run-08-workload-03-cjfast_json.log
8,3,3,yjson,基础对象 | decode | Person | bytes,基础对象,decode,Person,bytes,yjsonBytesDecodePerson,7.104857,6.229,6.050,raw/run-08/workload-03-yjson,logs/run-08-workload-03-yjson.log
8,4,1,stdx_json,基础对象 | decode | Address | string,基础对象,decode,Address,string,stdxStringDecodeAddress,2.350035,6.050,5.805,raw/run-08/workload-04-stdx_json,logs/run-08-workload-04-stdx_json.log
8,4,2,cjfast_json,基础对象 | decode | Address | string,基础对象,decode,Address,string,cjfastStringDecodeAddress,2.507600,5.805,5.805,raw/run-08/workload-04-cjfast_json,logs/run-08-workload-04-cjfast_json.log
8,4,3,yjson,基础对象 | decode | Address | string,基础对象,decode,Address,string,yjsonStringDecodeAddress,3.259144,5.805,5.660,raw/run-08/workload-04-yjson,logs/run-08-workload-04-yjson.log
8,5,1,stdx_json,基础对象 | decode | Address | bytes,基础对象,decode,Address,bytes,stdxBytesDecodeAddress,2.440844,5.660,5.660,raw/run-08/workload-05-stdx_json,logs/run-08-workload-05-stdx_json.log
8,5,2,cjfast_json,基础对象 | decode | Address | bytes,基础对象,decode,Address,bytes,cjfastBytesDecodeAddress,2.661716,5.660,5.367,raw/run-08/workload-05-cjfast_json,logs/run-08-workload-05-cjfast_json.log
8,5,3,yjson,基础对象 | decode | Address | bytes,基础对象,decode,Address,bytes,yjsonBytesDecodeAddress,3.496228,5.367,5.257,raw/run-08/workload-05-yjson,logs/run-08-workload-05-yjson.log
8,6,1,stdx_json,Pretty JSON | encode | Person | string,Pretty JSON,encode,Person,string,stdxStringEncodePrettyPerson,2.145958,5.257,5.257,raw/run-08/workload-06-stdx_json,logs/run-08-workload-06-stdx_json.log
8,6,2,cjfast_json,Pretty JSON | encode | Person | string,Pretty JSON,encode,Person,string,cjfastStringEncodePrettyPerson,2.842557,5.257,5.156,raw/run-08/workload-06-cjfast_json,logs/run-08-workload-06-cjfast_json.log
8,6,3,yjson,Pretty JSON | encode | Person | string,Pretty JSON,encode,Person,string,yjsonStringEncodePrettyPerson,2.925457,5.156,5.156,raw/run-08/workload-06-yjson,logs/run-08-workload-06-yjson.log
8,7,1,stdx_json,Pretty JSON | decode | Person | string,Pretty JSON,decode,Person,string,stdxStringDecodePrettyPerson,2.595317,5.156,5.143,raw/run-08/workload-07-stdx_json,logs/run-08-workload-07-stdx_json.log
8,7,2,cjfast_json,Pretty JSON | decode | Person | string,Pretty JSON,decode,Person,string,cjfastStringDecodePrettyPerson,3.330240,5.143,5.143,raw/run-08/workload-07-cjfast_json,logs/run-08-workload-07-cjfast_json.log
8,7,3,yjson,Pretty JSON | decode | Person | string,Pretty JSON,decode,Person,string,yjsonStringDecodePrettyPerson,5.397408,5.143,5.134,raw/run-08/workload-07-yjson,logs/run-08-workload-07-yjson.log
8,8,1,stdx_json,转义/Unicode | encode | String | string,转义/Unicode,encode,String,string,stdxStringEncodeEscapedUnicodeString,2.225009,5.134,5.134,raw/run-08/workload-08-stdx_json,logs/run-08-workload-08-stdx_json.log
8,8,2,cjfast_json,转义/Unicode | encode | String | string,转义/Unicode,encode,String,string,cjfastStringEncodeEscapedUnicodeString,2.401817,5.134,5.134,raw/run-08/workload-08-cjfast_json,logs/run-08-workload-08-cjfast_json.log
8,8,3,yjson,转义/Unicode | encode | String | string,转义/Unicode,encode,String,string,yjsonStringEncodeEscapedUnicodeString,3.004809,5.134,4.883,raw/run-08/workload-08-yjson,logs/run-08-workload-08-yjson.log
8,9,1,stdx_json,转义/Unicode | encode | String | bytes,转义/Unicode,encode,String,bytes,stdxBytesEncodeEscapedUnicodeString,2.112982,4.883,4.883,raw/run-08/workload-09-stdx_json,logs/run-08-workload-09-stdx_json.log
8,9,2,cjfast_json,转义/Unicode | encode | String | bytes,转义/Unicode,encode,String,bytes,cjfastBytesEncodeEscapedUnicodeString,2.720666,4.883,4.973,raw/run-08/workload-09-cjfast_json,logs/run-08-workload-09-cjfast_json.log
8,9,3,yjson,转义/Unicode | encode | String | bytes,转义/Unicode,encode,String,bytes,yjsonBytesEncodeEscapedUnicodeString,3.045004,4.973,4.814,raw/run-08/workload-09-yjson,logs/run-08-workload-09-yjson.log
8,10,1,stdx_json,转义/Unicode | decode | String | string,转义/Unicode,decode,String,string,stdxStringDecodeEscapedUnicodeString,2.405358,4.814,4.814,raw/run-08/workload-10-stdx_json,logs/run-08-workload-10-stdx_json.log
8,10,2,cjfast_json,转义/Unicode | decode | String | string,转义/Unicode,decode,String,string,cjfastStringDecodeEscapedUnicodeString,2.936479,4.814,5.150,raw/run-08/workload-10-cjfast_json,logs/run-08-workload-10-cjfast_json.log
8,10,3,yjson,转义/Unicode | decode | String | string,转义/Unicode,decode,String,string,yjsonStringDecodeEscapedUnicodeString,3.994104,5.150,5.298,raw/run-08/workload-10-yjson,logs/run-08-workload-10-yjson.log
8,11,1,stdx_json,转义/Unicode | decode | String | bytes,转义/Unicode,decode,String,bytes,stdxBytesDecodeEscapedUnicodeString,2.328884,5.298,5.298,raw/run-08/workload-11-stdx_json,logs/run-08-workload-11-stdx_json.log
8,11,2,cjfast_json,转义/Unicode | decode | String | bytes,转义/Unicode,decode,String,bytes,cjfastBytesDecodeEscapedUnicodeString,2.614378,5.298,5.298,raw/run-08/workload-11-cjfast_json,logs/run-08-workload-11-cjfast_json.log
8,11,3,yjson,转义/Unicode | decode | String | bytes,转义/Unicode,decode,String,bytes,yjsonBytesDecodeEscapedUnicodeString,3.474670,5.298,5.194,raw/run-08/workload-11-yjson,logs/run-08-workload-11-yjson.log
8,12,1,stdx_json,"深层嵌套 | encode | ArrayList<HashMap<String, ArrayList<ProfileRecord>>> | string",深层嵌套,encode,"ArrayList<HashMap<String, ArrayList<ProfileRecord>>>",string,stdxStringEncodeDeepNestedProfiles,2.445911,5.194,5.019,raw/run-08/workload-12-stdx_json,logs/run-08-workload-12-stdx_json.log
8,12,2,cjfast_json,"深层嵌套 | encode | ArrayList<HashMap<String, ArrayList<ProfileRecord>>> | string",深层嵌套,encode,"ArrayList<HashMap<String, ArrayList<ProfileRecord>>>",string,cjfastStringEncodeDeepNestedProfiles,2.648359,5.019,5.019,raw/run-08/workload-12-cjfast_json,logs/run-08-workload-12-cjfast_json.log
8,12,3,yjson,"深层嵌套 | encode | ArrayList<HashMap<String, ArrayList<ProfileRecord>>> | string",深层嵌套,encode,"ArrayList<HashMap<String, ArrayList<ProfileRecord>>>",string,yjsonStringEncodeDeepNestedProfiles,2.957962,5.019,4.856,raw/run-08/workload-12-yjson,logs/run-08-workload-12-yjson.log
8,13,1,stdx_json,"深层嵌套 | decode | ArrayList<HashMap<String, ArrayList<ProfileRecord>>> | string",深层嵌套,decode,"ArrayList<HashMap<String, ArrayList<ProfileRecord>>>",string,stdxStringDecodeDeepNestedProfiles,2.561787,4.856,4.856,raw/run-08/workload-13-stdx_json,logs/run-08-workload-13-stdx_json.log
8,13,2,cjfast_json,"深层嵌套 | decode | ArrayList<HashMap<String, ArrayList<ProfileRecord>>> | string",深层嵌套,decode,"ArrayList<HashMap<String, ArrayList<ProfileRecord>>>",string,cjfastStringDecodeDeepNestedProfiles,2.244771,4.856,4.708,raw/run-08/workload-13-cjfast_json,logs/run-08-workload-13-cjfast_json.log
8,13,3,yjson,"深层嵌套 | decode | ArrayList<HashMap<String, ArrayList<ProfileRecord>>> | string",深层嵌套,decode,"ArrayList<HashMap<String, ArrayList<ProfileRecord>>>",string,yjsonStringDecodeDeepNestedProfiles,3.601021,4.708,4.708,raw/run-08/workload-13-yjson,logs/run-08-workload-13-yjson.log
8,14,1,stdx_json,流式 I/O | encode | Person | stream,流式 I/O,encode,Person,stream,stdxStreamEncodePerson,2.286816,4.708,4.490,raw/run-08/workload-14-stdx_json,logs/run-08-workload-14-stdx_json.log
8,14,2,cjfast_json,流式 I/O | encode | Person | stream,流式 I/O,encode,Person,stream,cjfastStreamEncodePerson,2.835931,4.490,4.611,raw/run-08/workload-14-cjfast_json,logs/run-08-workload-14-cjfast_json.log
8,14,3,yjson,流式 I/O | encode | Person | stream,流式 I/O,encode,Person,stream,yjsonStreamEncodePerson,2.429745,4.611,4.611,raw/run-08/workload-14-yjson,logs/run-08-workload-14-yjson.log
8,15,1,stdx_json,流式 I/O | decode | Person | stream,流式 I/O,decode,Person,stream,stdxStreamDecodePerson,2.578916,4.611,4.482,raw/run-08/workload-15-stdx_json,logs/run-08-workload-15-stdx_json.log
8,15,2,cjfast_json,流式 I/O | decode | Person | stream,流式 I/O,decode,Person,stream,cjfastStreamDecodePerson,3.186341,4.482,4.482,raw/run-08/workload-15-cjfast_json,logs/run-08-workload-15-cjfast_json.log
8,15,3,yjson,流式 I/O | decode | Person | stream,流式 I/O,decode,Person,stream,yjsonStreamDecodePerson,3.024689,4.482,4.363,raw/run-08/workload-15-yjson,logs/run-08-workload-15-yjson.log
8,16,1,stdx_json,未知字段 | decode | Person | string,未知字段,decode,Person,string,stdxStringDecodeUnknownPerson,2.993248,4.363,4.363,raw/run-08/workload-16-stdx_json,logs/run-08-workload-16-stdx_json.log
8,16,2,cjfast_json,未知字段 | decode | Person | string,未知字段,decode,Person,string,cjfastStringDecodeUnknownPerson,2.917016,4.363,4.333,raw/run-08/workload-16-cjfast_json,logs/run-08-workload-16-cjfast_json.log
8,16,3,yjson,未知字段 | decode | Person | string,未知字段,decode,Person,string,yjsonStringDecodeUnknownPerson,5.418635,4.333,4.227,raw/run-08/workload-16-yjson,logs/run-08-workload-16-yjson.log
8,17,1,stdx_json,时间/大数 | encode | TemporalStats | string,时间/大数,encode,TemporalStats,string,stdxStringEncodeTemporalStats,2.247707,4.227,4.227,raw/run-08/workload-17-stdx_json,logs/run-08-workload-17-stdx_json.log
8,17,2,cjfast_json,时间/大数 | encode | TemporalStats | string,时间/大数,encode,TemporalStats,string,cjfastStringEncodeTemporalStats,2.997444,4.227,4.048,raw/run-08/workload-17-cjfast_json,logs/run-08-workload-17-cjfast_json.log
8,17,3,yjson,时间/大数 | encode | TemporalStats | string,时间/大数,encode,TemporalStats,string,yjsonStringEncodeTemporalStats,3.024885,4.048,4.044,raw/run-08/workload-17-yjson,logs/run-08-workload-17-yjson.log
8,18,1,stdx_json,时间/大数 | encode | TemporalStats | bytes,时间/大数,encode,TemporalStats,bytes,stdxBytesEncodeTemporalStats,2.343814,4.044,4.044,raw/run-08/workload-18-stdx_json,logs/run-08-workload-18-stdx_json.log
8,18,2,cjfast_json,时间/大数 | encode | TemporalStats | bytes,时间/大数,encode,TemporalStats,bytes,cjfastBytesEncodeTemporalStats,3.039459,4.044,3.960,raw/run-08/workload-18-cjfast_json,logs/run-08-workload-18-cjfast_json.log
8,18,3,yjson,时间/大数 | encode | TemporalStats | bytes,时间/大数,encode,TemporalStats,bytes,yjsonBytesEncodeTemporalStats,3.225164,3.960,3.960,raw/run-08/workload-18-yjson,logs/run-08-workload-18-yjson.log
8,19,1,stdx_json,时间/大数 | decode | TemporalStats | string,时间/大数,decode,TemporalStats,string,stdxStringDecodeTemporalStats,2.815893,3.960,3.883,raw/run-08/workload-19-stdx_json,logs/run-08-workload-19-stdx_json.log
8,19,2,cjfast_json,时间/大数 | decode | TemporalStats | string,时间/大数,decode,TemporalStats,string,cjfastStringDecodeTemporalStats,3.162015,3.883,4.533,raw/run-08/workload-19-cjfast_json,logs/run-08-workload-19-cjfast_json.log
8,19,3,yjson,时间/大数 | decode | TemporalStats | string,时间/大数,decode,TemporalStats,string,yjsonStringDecodeTemporalStats,3.189666,4.533,4.533,raw/run-08/workload-19-yjson,logs/run-08-workload-19-yjson.log
8,20,1,stdx_json,时间/大数 | decode | TemporalStats | bytes,时间/大数,decode,TemporalStats,bytes,stdxBytesDecodeTemporalStats,2.532408,4.533,4.490,raw/run-08/workload-20-stdx_json,logs/run-08-workload-20-stdx_json.log
8,20,2,cjfast_json,时间/大数 | decode | TemporalStats | bytes,时间/大数,decode,TemporalStats,bytes,cjfastBytesDecodeTemporalStats,3.472839,4.490,4.490,raw/run-08/workload-20-cjfast_json,logs/run-08-workload-20-cjfast_json.log
8,20,3,yjson,时间/大数 | decode | TemporalStats | bytes,时间/大数,decode,TemporalStats,bytes,yjsonBytesDecodeTemporalStats,3.528887,4.490,4.531,raw/run-08/workload-20-yjson,logs/run-08-workload-20-yjson.log
8,21,1,stdx_json,数值边界 | encode | UInt64Envelope | string,数值边界,encode,UInt64Envelope,string,stdxStringEncodeUInt64Envelope,2.167449,4.531,5.049,raw/run-08/workload-21-stdx_json,logs/run-08-workload-21-stdx_json.log
8,21,2,cjfast_json,数值边界 | encode | UInt64Envelope | string,数值边界,encode,UInt64Envelope,string,cjfastStringEncodeUInt64Envelope,2.980446,5.049,5.049,raw/run-08/workload-21-cjfast_json,logs/run-08-workload-21-cjfast_json.log
8,21,3,yjson,数值边界 | encode | UInt64Envelope | string,数值边界,encode,UInt64Envelope,string,yjsonStringEncodeUInt64Envelope,3.601901,5.049,4.885,raw/run-08/workload-21-yjson,logs/run-08-workload-21-yjson.log
8,22,1,stdx_json,数值边界 | encode | UInt64Envelope | bytes,数值边界,encode,UInt64Envelope,bytes,stdxBytesEncodeUInt64Envelope,2.254381,4.885,4.885,raw/run-08/workload-22-stdx_json,logs/run-08-workload-22-stdx_json.log
8,22,2,cjfast_json,数值边界 | encode | UInt64Envelope | bytes,数值边界,encode,UInt64Envelope,bytes,cjfastBytesEncodeUInt64Envelope,2.792149,4.885,4.813,raw/run-08/workload-22-cjfast_json,logs/run-08-workload-22-cjfast_json.log
8,22,3,yjson,数值边界 | encode | UInt64Envelope | bytes,数值边界,encode,UInt64Envelope,bytes,yjsonBytesEncodeUInt64Envelope,3.296993,4.813,5.229,raw/run-08/workload-22-yjson,logs/run-08-workload-22-yjson.log
8,23,1,stdx_json,数值边界 | decode | UInt64Envelope | string,数值边界,decode,UInt64Envelope,string,stdxStringDecodeUInt64Envelope,2.623694,5.229,5.229,raw/run-08/workload-23-stdx_json,logs/run-08-workload-23-stdx_json.log
8,23,2,cjfast_json,数值边界 | decode | UInt64Envelope | string,数值边界,decode,UInt64Envelope,string,cjfastStringDecodeUInt64Envelope,3.080670,5.229,5.210,raw/run-08/workload-23-cjfast_json,logs/run-08-workload-23-cjfast_json.log
8,23,3,yjson,数值边界 | decode | UInt64Envelope | string,数值边界,decode,UInt64Envelope,string,yjsonStringDecodeUInt64Envelope,3.589332,5.210,5.210,raw/run-08/workload-23-yjson,logs/run-08-workload-23-yjson.log
8,24,1,stdx_json,数值边界 | decode | UInt64Envelope | bytes,数值边界,decode,UInt64Envelope,bytes,stdxBytesDecodeUInt64Envelope,2.973717,5.210,5.514,raw/run-08/workload-24-stdx_json,logs/run-08-workload-24-stdx_json.log
8,24,2,cjfast_json,数值边界 | decode | UInt64Envelope | bytes,数值边界,decode,UInt64Envelope,bytes,cjfastBytesDecodeUInt64Envelope,3.290812,5.514,5.312,raw/run-08/workload-24-cjfast_json,logs/run-08-workload-24-cjfast_json.log
8,24,3,yjson,数值边界 | decode | UInt64Envelope | bytes,数值边界,decode,UInt64Envelope,bytes,yjsonBytesDecodeUInt64Envelope,3.712175,5.312,5.312,raw/run-08/workload-24-yjson,logs/run-08-workload-24-yjson.log
8,25,1,stdx_json,嵌套对象 | encode | ProfileBundle | string,嵌套对象,encode,ProfileBundle,string,stdxStringEncodeProfileBundle,2.100969,5.312,5.127,raw/run-08/workload-25-stdx_json,logs/run-08-workload-25-stdx_json.log
8,25,2,cjfast_json,嵌套对象 | encode | ProfileBundle | string,嵌套对象,encode,ProfileBundle,string,cjfastStringEncodeProfileBundle,3.028119,5.127,5.127,raw/run-08/workload-25-cjfast_json,logs/run-08-workload-25-cjfast_json.log
8,25,3,yjson,嵌套对象 | encode | ProfileBundle | string,嵌套对象,encode,ProfileBundle,string,yjsonStringEncodeProfileBundle,3.070970,5.127,5.037,raw/run-08/workload-25-yjson,logs/run-08-workload-25-yjson.log
8,26,1,stdx_json,嵌套对象 | encode | ProfileBundle | bytes,嵌套对象,encode,ProfileBundle,bytes,stdxBytesEncodeProfileBundle,2.060077,5.037,5.037,raw/run-08/workload-26-stdx_json,logs/run-08-workload-26-stdx_json.log
8,26,2,cjfast_json,嵌套对象 | encode | ProfileBundle | bytes,嵌套对象,encode,ProfileBundle,bytes,cjfastBytesEncodeProfileBundle,3.240115,5.037,4.873,raw/run-08/workload-26-cjfast_json,logs/run-08-workload-26-cjfast_json.log
8,26,3,yjson,嵌套对象 | encode | ProfileBundle | bytes,嵌套对象,encode,ProfileBundle,bytes,yjsonBytesEncodeProfileBundle,3.495747,4.873,4.883,raw/run-08/workload-26-yjson,logs/run-08-workload-26-yjson.log
8,27,1,stdx_json,嵌套对象 | decode | ProfileBundle | string,嵌套对象,decode,ProfileBundle,string,stdxStringDecodeProfileBundle,2.426754,4.883,4.883,raw/run-08/workload-27-stdx_json,logs/run-08-workload-27-stdx_json.log
8,27,2,cjfast_json,嵌套对象 | decode | ProfileBundle | string,嵌套对象,decode,ProfileBundle,string,cjfastStringDecodeProfileBundle,3.276928,4.883,4.893,raw/run-08/workload-27-cjfast_json,logs/run-08-workload-27-cjfast_json.log
8,27,3,yjson,嵌套对象 | decode | ProfileBundle | string,嵌套对象,decode,ProfileBundle,string,yjsonStringDecodeProfileBundle,3.526166,4.893,5.382,raw/run-08/workload-27-yjson,logs/run-08-workload-27-yjson.log
8,28,1,stdx_json,嵌套对象 | decode | ProfileBundle | bytes,嵌套对象,decode,ProfileBundle,bytes,stdxBytesDecodeProfileBundle,2.453247,5.382,5.382,raw/run-08/workload-28-stdx_json,logs/run-08-workload-28-stdx_json.log
8,28,2,cjfast_json,嵌套对象 | decode | ProfileBundle | bytes,嵌套对象,decode,ProfileBundle,bytes,cjfastBytesDecodeProfileBundle,3.379333,5.382,5.191,raw/run-08/workload-28-cjfast_json,logs/run-08-workload-28-cjfast_json.log
8,28,3,yjson,嵌套对象 | decode | ProfileBundle | bytes,嵌套对象,decode,ProfileBundle,bytes,yjsonBytesDecodeProfileBundle,3.963705,5.191,5.577,raw/run-08/workload-28-yjson,logs/run-08-workload-28-yjson.log
8,29,1,stdx_json,字段顺序 | decode | Person | string,字段顺序,decode,Person,string,stdxStringDecodeUnorderedPerson,2.790761,5.577,5.577,raw/run-08/workload-29-stdx_json,logs/run-08-workload-29-stdx_json.log
8,29,2,cjfast_json,字段顺序 | decode | Person | string,字段顺序,decode,Person,string,cjfastStringDecodeUnorderedPerson,3.043126,5.577,5.450,raw/run-08/workload-29-cjfast_json,logs/run-08-workload-29-cjfast_json.log
8,29,3,yjson,字段顺序 | decode | Person | string,字段顺序,decode,Person,string,yjsonStringDecodeUnorderedPerson,5.242269,5.450,5.495,raw/run-08/workload-29-yjson,logs/run-08-workload-29-yjson.log
8,30,1,stdx_json,大数组 | encode | ArrayList<ProfileRecord>[64] | string,大数组,encode,ArrayList<ProfileRecord>[64],string,stdxStringEncodeLargeProfileArray,2.389168,5.495,5.495,raw/run-08/workload-30-stdx_json,logs/run-08-workload-30-stdx_json.log
8,30,2,cjfast_json,大数组 | encode | ArrayList<ProfileRecord>[64] | string,大数组,encode,ArrayList<ProfileRecord>[64],string,cjfastStringEncodeLargeProfileArray,2.769748,5.495,5.375,raw/run-08/workload-30-cjfast_json,logs/run-08-workload-30-cjfast_json.log
8,30,3,yjson,大数组 | encode | ArrayList<ProfileRecord>[64] | string,大数组,encode,ArrayList<ProfileRecord>[64],string,yjsonStringEncodeLargeProfileArray,2.614535,5.375,5.375,raw/run-08/workload-30-yjson,logs/run-08-workload-30-yjson.log
8,31,1,stdx_json,大数组 | decode | ArrayList<ProfileRecord>[64] | string,大数组,decode,ArrayList<ProfileRecord>[64],string,stdxStringDecodeLargeProfileArray,2.520062,5.375,5.264,raw/run-08/workload-31-stdx_json,logs/run-08-workload-31-stdx_json.log
8,31,2,cjfast_json,大数组 | decode | ArrayList<ProfileRecord>[64] | string,大数组,decode,ArrayList<ProfileRecord>[64],string,cjfastStringDecodeLargeProfileArray,2.644419,5.264,5.264,raw/run-08/workload-31-cjfast_json,logs/run-08-workload-31-cjfast_json.log
8,31,3,yjson,大数组 | decode | ArrayList<ProfileRecord>[64] | string,大数组,decode,ArrayList<ProfileRecord>[64],string,yjsonStringDecodeLargeProfileArray,5.220004,5.264,5.163,raw/run-08/workload-31-yjson,logs/run-08-workload-31-yjson.log
8,32,1,stdx_json,"大 Map | encode | HashMap<String, Int64>[64] | string",大 Map,encode,"HashMap<String, Int64>[64]",string,stdxStringEncodeLargeInt64Map,2.269545,5.163,5.310,raw/run-08/workload-32-stdx_json,logs/run-08-workload-32-stdx_json.log
8,32,2,cjfast_json,"大 Map | encode | HashMap<String, Int64>[64] | string",大 Map,encode,"HashMap<String, Int64>[64]",string,cjfastStringEncodeLargeInt64Map,3.057647,5.310,5.310,raw/run-08/workload-32-cjfast_json,logs/run-08-workload-32-cjfast_json.log
8,32,3,yjson,"大 Map | encode | HashMap<String, Int64>[64] | string",大 Map,encode,"HashMap<String, Int64>[64]",string,yjsonStringEncodeLargeInt64Map,3.125862,5.205,5.205,raw/run-08/workload-32-yjson,logs/run-08-workload-32-yjson.log
8,33,1,stdx_json,"大 Map | decode | HashMap<String, Int64>[64] | string",大 Map,decode,"HashMap<String, Int64>[64]",string,stdxStringDecodeLargeInt64Map,2.754894,5.205,5.108,raw/run-08/workload-33-stdx_json,logs/run-08-workload-33-stdx_json.log
8,33,2,cjfast_json,"大 Map | decode | HashMap<String, Int64>[64] | string",大 Map,decode,"HashMap<String, Int64>[64]",string,cjfastStringDecodeLargeInt64Map,3.382881,5.108,5.108,raw/run-08/workload-33-cjfast_json,logs/run-08-workload-33-cjfast_json.log
8,33,3,yjson,"大 Map | decode | HashMap<String, Int64>[64] | string",大 Map,decode,"HashMap<String, Int64>[64]",string,yjsonStringDecodeLargeInt64Map,3.642950,5.108,4.939,raw/run-08/workload-33-yjson,logs/run-08-workload-33-yjson.log
8,34,1,stdx_json,基础对象 | encode | Person | string,基础对象,encode,Person,string,stdxStringEncodePerson,2.085818,4.939,4.939,raw/run-08/workload-34-stdx_json,logs/run-08-workload-34-stdx_json.log
8,34,2,cjfast_json,基础对象 | encode | Person | string,基础对象,encode,Person,string,cjfastStringEncodePerson,2.939881,4.939,4.784,raw/run-08/workload-34-cjfast_json,logs/run-08-workload-34-cjfast_json.log
8,34,3,yjson,基础对象 | encode | Person | string,基础对象,encode,Person,string,yjsonStringEncodePerson,3.124523,4.784,4.641,raw/run-08/workload-34-yjson,logs/run-08-workload-34-yjson.log
8,35,1,stdx_json,基础对象 | encode | Person | bytes,基础对象,encode,Person,bytes,stdxBytesEncodePerson,2.081790,4.641,4.641,raw/run-08/workload-35-stdx_json,logs/run-08-workload-35-stdx_json.log
8,35,2,cjfast_json,基础对象 | encode | Person | bytes,基础对象,encode,Person,bytes,cjfastBytesEncodePerson,2.816325,4.641,4.509,raw/run-08/workload-35-cjfast_json,logs/run-08-workload-35-cjfast_json.log
8,35,3,yjson,基础对象 | encode | Person | bytes,基础对象,encode,Person,bytes,yjsonBytesEncodePerson,3.058116,4.509,4.509,raw/run-08/workload-35-yjson,logs/run-08-workload-35-yjson.log
8,36,1,stdx_json,基础对象 | encode | Address | string,基础对象,encode,Address,string,stdxStringEncodeAddress,2.318985,4.509,4.468,raw/run-08/workload-36-stdx_json,logs/run-08-workload-36-stdx_json.log
8,36,2,cjfast_json,基础对象 | encode | Address | string,基础对象,encode,Address,string,cjfastStringEncodeAddress,2.524456,4.468,4.468,raw/run-08/workload-36-cjfast_json,logs/run-08-workload-36-cjfast_json.log
8,36,3,yjson,基础对象 | encode | Address | string,基础对象,encode,Address,string,yjsonStringEncodeAddress,2.831656,4.468,4.350,raw/run-08/workload-36-yjson,logs/run-08-workload-36-yjson.log
9,1,1,cjfast_json,基础对象 | encode | Person | bytes,基础对象,encode,Person,bytes,cjfastBytesEncodePerson,2.904880,4.350,4.350,raw/run-09/workload-01-cjfast_json,logs/run-09-workload-01-cjfast_json.log
9,1,2,yjson,基础对象 | encode | Person | bytes,基础对象,encode,Person,bytes,yjsonBytesEncodePerson,2.938172,4.350,4.322,raw/run-09/workload-01-yjson,logs/run-09-workload-01-yjson.log
9,1,3,stdx_json,基础对象 | encode | Person | bytes,基础对象,encode,Person,bytes,stdxBytesEncodePerson,2.052653,4.322,4.322,raw/run-09/workload-01-stdx_json,logs/run-09-workload-01-stdx_json.log
9,2,1,cjfast_json,基础对象 | encode | Person | string,基础对象,encode,Person,string,cjfastStringEncodePerson,2.818773,4.322,4.216,raw/run-09/workload-02-cjfast_json,logs/run-09-workload-02-cjfast_json.log
9,2,2,yjson,基础对象 | encode | Person | string,基础对象,encode,Person,string,yjsonStringEncodePerson,2.918834,4.216,4.839,raw/run-09/workload-02-yjson,logs/run-09-workload-02-yjson.log
9,2,3,stdx_json,基础对象 | encode | Person | string,基础对象,encode,Person,string,stdxStringEncodePerson,2.053118,4.839,4.839,raw/run-09/workload-02-stdx_json,logs/run-09-workload-02-stdx_json.log
9,3,1,cjfast_json,"大 Map | decode | HashMap<String, Int64>[64] | string",大 Map,decode,"HashMap<String, Int64>[64]",string,cjfastStringDecodeLargeInt64Map,2.005557,4.839,4.839,raw/run-09/workload-03-cjfast_json,logs/run-09-workload-03-cjfast_json.log
9,3,2,yjson,"大 Map | decode | HashMap<String, Int64>[64] | string",大 Map,decode,"HashMap<String, Int64>[64]",string,yjsonStringDecodeLargeInt64Map,3.581814,4.839,4.692,raw/run-09/workload-03-yjson,logs/run-09-workload-03-yjson.log
9,3,3,stdx_json,"大 Map | decode | HashMap<String, Int64>[64] | string",大 Map,decode,"HashMap<String, Int64>[64]",string,stdxStringDecodeLargeInt64Map,3.024075,4.692,4.636,raw/run-09/workload-03-stdx_json,logs/run-09-workload-03-stdx_json.log
9,4,1,cjfast_json,"大 Map | encode | HashMap<String, Int64>[64] | string",大 Map,encode,"HashMap<String, Int64>[64]",string,cjfastStringEncodeLargeInt64Map,3.543881,4.636,4.636,raw/run-09/workload-04-cjfast_json,logs/run-09-workload-04-cjfast_json.log
9,4,2,yjson,"大 Map | encode | HashMap<String, Int64>[64] | string",大 Map,encode,"HashMap<String, Int64>[64]",string,yjsonStringEncodeLargeInt64Map,3.468188,4.636,4.585,raw/run-09/workload-04-yjson,logs/run-09-workload-04-yjson.log
9,4,3,stdx_json,"大 Map | encode | HashMap<String, Int64>[64] | string",大 Map,encode,"HashMap<String, Int64>[64]",string,stdxStringEncodeLargeInt64Map,2.654563,4.585,4.619,raw/run-09/workload-04-stdx_json,logs/run-09-workload-04-stdx_json.log
9,5,1,cjfast_json,大数组 | decode | ArrayList<ProfileRecord>[64] | string,大数组,decode,ArrayList<ProfileRecord>[64],string,cjfastStringDecodeLargeProfileArray,2.483600,4.619,4.619,raw/run-09/workload-05-cjfast_json,logs/run-09-workload-05-cjfast_json.log
9,5,2,yjson,大数组 | decode | ArrayList<ProfileRecord>[64] | string,大数组,decode,ArrayList<ProfileRecord>[64],string,yjsonStringDecodeLargeProfileArray,5.154221,4.619,4.569,raw/run-09/workload-05-yjson,logs/run-09-workload-05-yjson.log
9,5,3,stdx_json,大数组 | decode | ArrayList<ProfileRecord>[64] | string,大数组,decode,ArrayList<ProfileRecord>[64],string,stdxStringDecodeLargeProfileArray,2.789474,4.569,4.684,raw/run-09/workload-05-stdx_json,logs/run-09-workload-05-stdx_json.log
9,6,1,cjfast_json,大数组 | encode | ArrayList<ProfileRecord>[64] | string,大数组,encode,ArrayList<ProfileRecord>[64],string,cjfastStringEncodeLargeProfileArray,2.821646,4.684,4.684,raw/run-09/workload-06-cjfast_json,logs/run-09-workload-06-cjfast_json.log
9,6,2,yjson,大数组 | encode | ArrayList<ProfileRecord>[64] | string,大数组,encode,ArrayList<ProfileRecord>[64],string,yjsonStringEncodeLargeProfileArray,2.685165,4.684,4.548,raw/run-09/workload-06-yjson,logs/run-09-workload-06-yjson.log
9,6,3,stdx_json,大数组 | encode | ArrayList<ProfileRecord>[64] | string,大数组,encode,ArrayList<ProfileRecord>[64],string,stdxStringEncodeLargeProfileArray,2.392740,4.548,4.548,raw/run-09/workload-06-stdx_json,logs/run-09-workload-06-stdx_json.log
9,7,1,cjfast_json,字段顺序 | decode | Person | string,字段顺序,decode,Person,string,cjfastStringDecodeUnorderedPerson,3.023884,4.548,4.424,raw/run-09/workload-07-cjfast_json,logs/run-09-workload-07-cjfast_json.log
9,7,2,yjson,字段顺序 | decode | Person | string,字段顺序,decode,Person,string,yjsonStringDecodeUnorderedPerson,5.285866,4.424,4.230,raw/run-09/workload-07-yjson,logs/run-09-workload-07-yjson.log
9,7,3,stdx_json,字段顺序 | decode | Person | string,字段顺序,decode,Person,string,stdxStringDecodeUnorderedPerson,2.733093,4.230,4.230,raw/run-09/workload-07-stdx_json,logs/run-09-workload-07-stdx_json.log
9,8,1,cjfast_json,嵌套对象 | decode | ProfileBundle | bytes,嵌套对象,decode,ProfileBundle,bytes,cjfastBytesDecodeProfileBundle,3.357737,4.230,4.131,raw/run-09/workload-08-cjfast_json,logs/run-09-workload-08-cjfast_json.log
9,8,2,yjson,嵌套对象 | decode | ProfileBundle | bytes,嵌套对象,decode,ProfileBundle,bytes,yjsonBytesDecodeProfileBundle,3.289577,4.131,4.041,raw/run-09/workload-08-yjson,logs/run-09-workload-08-yjson.log
9,8,3,stdx_json,嵌套对象 | decode | ProfileBundle | bytes,嵌套对象,decode,ProfileBundle,bytes,stdxBytesDecodeProfileBundle,2.499983,4.041,4.041,raw/run-09/workload-08-stdx_json,logs/run-09-workload-08-stdx_json.log
9,9,1,cjfast_json,嵌套对象 | decode | ProfileBundle | string,嵌套对象,decode,ProfileBundle,string,cjfastStringDecodeProfileBundle,3.130674,4.041,3.957,raw/run-09/workload-09-cjfast_json,logs/run-09-workload-09-cjfast_json.log
9,9,2,yjson,嵌套对象 | decode | ProfileBundle | string,嵌套对象,decode,ProfileBundle,string,yjsonStringDecodeProfileBundle,3.473038,3.957,3.800,raw/run-09/workload-09-yjson,logs/run-09-workload-09-yjson.log
9,9,3,stdx_json,嵌套对象 | decode | ProfileBundle | string,嵌套对象,decode,ProfileBundle,string,stdxStringDecodeProfileBundle,2.865409,3.800,3.800,raw/run-09/workload-09-stdx_json,logs/run-09-workload-09-stdx_json.log
9,10,1,cjfast_json,嵌套对象 | encode | ProfileBundle | bytes,嵌套对象,encode,ProfileBundle,bytes,cjfastBytesEncodeProfileBundle,3.211829,3.800,3.736,raw/run-09/workload-10-cjfast_json,logs/run-09-workload-10-cjfast_json.log
9,10,2,yjson,嵌套对象 | encode | ProfileBundle | bytes,嵌套对象,encode,ProfileBundle,bytes,yjsonBytesEncodeProfileBundle,3.343064,3.736,4.238,raw/run-09/workload-10-yjson,logs/run-09-workload-10-yjson.log
9,10,3,stdx_json,嵌套对象 | encode | ProfileBundle | bytes,嵌套对象,encode,ProfileBundle,bytes,stdxBytesEncodeProfileBundle,2.053184,4.238,4.238,raw/run-09/workload-10-stdx_json,logs/run-09-workload-10-stdx_json.log
9,11,1,cjfast_json,嵌套对象 | encode | ProfileBundle | string,嵌套对象,encode,ProfileBundle,string,cjfastStringEncodeProfileBundle,2.966734,4.238,4.780,raw/run-09/workload-11-cjfast_json,logs/run-09-workload-11-cjfast_json.log
9,11,2,yjson,嵌套对象 | encode | ProfileBundle | string,嵌套对象,encode,ProfileBundle,string,yjsonStringEncodeProfileBundle,3.074767,4.780,4.780,raw/run-09/workload-11-yjson,logs/run-09-workload-11-yjson.log
9,11,3,stdx_json,嵌套对象 | encode | ProfileBundle | string,嵌套对象,encode,ProfileBundle,string,stdxStringEncodeProfileBundle,2.040553,4.780,5.278,raw/run-09/workload-11-stdx_json,logs/run-09-workload-11-stdx_json.log
9,12,1,cjfast_json,数值边界 | decode | UInt64Envelope | bytes,数值边界,decode,UInt64Envelope,bytes,cjfastBytesDecodeUInt64Envelope,3.058108,5.278,5.278,raw/run-09/workload-12-cjfast_json,logs/run-09-workload-12-cjfast_json.log
9,12,2,yjson,数值边界 | decode | UInt64Envelope | bytes,数值边界,decode,UInt64Envelope,bytes,yjsonBytesDecodeUInt64Envelope,3.581764,5.278,5.336,raw/run-09/workload-12-yjson,logs/run-09-workload-12-yjson.log
9,12,3,stdx_json,数值边界 | decode | UInt64Envelope | bytes,数值边界,decode,UInt64Envelope,bytes,stdxBytesDecodeUInt64Envelope,2.881913,5.336,5.336,raw/run-09/workload-12-stdx_json,logs/run-09-workload-12-stdx_json.log
9,13,1,cjfast_json,数值边界 | decode | UInt64Envelope | string,数值边界,decode,UInt64Envelope,string,cjfastStringDecodeUInt64Envelope,2.995170,5.336,5.229,raw/run-09/workload-13-cjfast_json,logs/run-09-workload-13-cjfast_json.log
9,13,2,yjson,数值边界 | decode | UInt64Envelope | string,数值边界,decode,UInt64Envelope,string,yjsonStringDecodeUInt64Envelope,3.567438,5.229,5.050,raw/run-09/workload-13-yjson,logs/run-09-workload-13-yjson.log
9,13,3,stdx_json,数值边界 | decode | UInt64Envelope | string,数值边界,decode,UInt64Envelope,string,stdxStringDecodeUInt64Envelope,2.819345,5.050,5.050,raw/run-09/workload-13-stdx_json,logs/run-09-workload-13-stdx_json.log
9,14,1,cjfast_json,数值边界 | encode | UInt64Envelope | bytes,数值边界,encode,UInt64Envelope,bytes,cjfastBytesEncodeUInt64Envelope,2.960163,5.050,4.966,raw/run-09/workload-14-cjfast_json,logs/run-09-workload-14-cjfast_json.log
9,14,2,yjson,数值边界 | encode | UInt64Envelope | bytes,数值边界,encode,UInt64Envelope,bytes,yjsonBytesEncodeUInt64Envelope,3.218439,4.966,5.289,raw/run-09/workload-14-yjson,logs/run-09-workload-14-yjson.log
9,14,3,stdx_json,数值边界 | encode | UInt64Envelope | bytes,数值边界,encode,UInt64Envelope,bytes,stdxBytesEncodeUInt64Envelope,2.218721,5.289,5.289,raw/run-09/workload-14-stdx_json,logs/run-09-workload-14-stdx_json.log
9,15,1,cjfast_json,数值边界 | encode | UInt64Envelope | string,数值边界,encode,UInt64Envelope,string,cjfastStringEncodeUInt64Envelope,2.818222,5.289,5.667,raw/run-09/workload-15-cjfast_json,logs/run-09-workload-15-cjfast_json.log
9,15,2,yjson,数值边界 | encode | UInt64Envelope | string,数值边界,encode,UInt64Envelope,string,yjsonStringEncodeUInt64Envelope,3.218962,5.667,5.667,raw/run-09/workload-15-yjson,logs/run-09-workload-15-yjson.log
9,15,3,stdx_json,数值边界 | encode | UInt64Envelope | string,数值边界,encode,UInt64Envelope,string,stdxStringEncodeUInt64Envelope,2.162008,5.667,5.453,raw/run-09/workload-15-stdx_json,logs/run-09-workload-15-stdx_json.log
9,16,1,cjfast_json,时间/大数 | decode | TemporalStats | bytes,时间/大数,decode,TemporalStats,bytes,cjfastBytesDecodeTemporalStats,3.357027,5.453,5.453,raw/run-09/workload-16-cjfast_json,logs/run-09-workload-16-cjfast_json.log
9,16,2,yjson,时间/大数 | decode | TemporalStats | bytes,时间/大数,decode,TemporalStats,bytes,yjsonBytesDecodeTemporalStats,3.223607,5.453,5.336,raw/run-09/workload-16-yjson,logs/run-09-workload-16-yjson.log
9,16,3,stdx_json,时间/大数 | decode | TemporalStats | bytes,时间/大数,decode,TemporalStats,bytes,stdxBytesDecodeTemporalStats,3.152167,5.336,5.790,raw/run-09/workload-16-stdx_json,logs/run-09-workload-16-stdx_json.log
9,17,1,cjfast_json,时间/大数 | decode | TemporalStats | string,时间/大数,decode,TemporalStats,string,cjfastStringDecodeTemporalStats,3.527550,5.790,5.790,raw/run-09/workload-17-cjfast_json,logs/run-09-workload-17-cjfast_json.log
9,17,2,yjson,时间/大数 | decode | TemporalStats | string,时间/大数,decode,TemporalStats,string,yjsonStringDecodeTemporalStats,3.308815,5.790,5.566,raw/run-09/workload-17-yjson,logs/run-09-workload-17-yjson.log
9,17,3,stdx_json,时间/大数 | decode | TemporalStats | string,时间/大数,decode,TemporalStats,string,stdxStringDecodeTemporalStats,2.836678,5.566,5.761,raw/run-09/workload-17-stdx_json,logs/run-09-workload-17-stdx_json.log
9,18,1,cjfast_json,时间/大数 | encode | TemporalStats | bytes,时间/大数,encode,TemporalStats,bytes,cjfastBytesEncodeTemporalStats,2.873034,5.761,5.761,raw/run-09/workload-18-cjfast_json,logs/run-09-workload-18-cjfast_json.log
9,18,2,yjson,时间/大数 | encode | TemporalStats | bytes,时间/大数,encode,TemporalStats,bytes,yjsonBytesEncodeTemporalStats,3.240085,5.761,5.540,raw/run-09/workload-18-yjson,logs/run-09-workload-18-yjson.log
9,18,3,stdx_json,时间/大数 | encode | TemporalStats | bytes,时间/大数,encode,TemporalStats,bytes,stdxBytesEncodeTemporalStats,2.390799,5.540,5.540,raw/run-09/workload-18-stdx_json,logs/run-09-workload-18-stdx_json.log
9,19,1,cjfast_json,时间/大数 | encode | TemporalStats | string,时间/大数,encode,TemporalStats,string,cjfastStringEncodeTemporalStats,2.955338,5.540,5.497,raw/run-09/workload-19-cjfast_json,logs/run-09-workload-19-cjfast_json.log
9,19,2,yjson,时间/大数 | encode | TemporalStats | string,时间/大数,encode,TemporalStats,string,yjsonStringEncodeTemporalStats,3.041710,5.497,5.497,raw/run-09/workload-19-yjson,logs/run-09-workload-19-yjson.log
9,19,3,stdx_json,时间/大数 | encode | TemporalStats | string,时间/大数,encode,TemporalStats,string,stdxStringEncodeTemporalStats,2.269056,5.497,5.296,raw/run-09/workload-19-stdx_json,logs/run-09-workload-19-stdx_json.log
9,20,1,cjfast_json,未知字段 | decode | Person | string,未知字段,decode,Person,string,cjfastStringDecodeUnknownPerson,3.200480,5.296,5.673,raw/run-09/workload-20-cjfast_json,logs/run-09-workload-20-cjfast_json.log
9,20,2,yjson,未知字段 | decode | Person | string,未知字段,decode,Person,string,yjsonStringDecodeUnknownPerson,6.136282,5.673,5.539,raw/run-09/workload-20-yjson,logs/run-09-workload-20-yjson.log
9,20,3,stdx_json,未知字段 | decode | Person | string,未知字段,decode,Person,string,stdxStringDecodeUnknownPerson,2.627227,5.539,5.539,raw/run-09/workload-20-stdx_json,logs/run-09-workload-20-stdx_json.log
9,21,1,cjfast_json,流式 I/O | decode | Person | stream,流式 I/O,decode,Person,stream,cjfastStreamDecodePerson,3.359164,5.539,5.335,raw/run-09/workload-21-cjfast_json,logs/run-09-workload-21-cjfast_json.log
9,21,2,yjson,流式 I/O | decode | Person | stream,流式 I/O,decode,Person,stream,yjsonStreamDecodePerson,2.960017,5.335,5.709,raw/run-09/workload-21-yjson,logs/run-09-workload-21-yjson.log
9,21,3,stdx_json,流式 I/O | decode | Person | stream,流式 I/O,decode,Person,stream,stdxStreamDecodePerson,2.764787,5.709,5.709,raw/run-09/workload-21-stdx_json,logs/run-09-workload-21-stdx_json.log
9,22,1,cjfast_json,流式 I/O | encode | Person | stream,流式 I/O,encode,Person,stream,cjfastStreamEncodePerson,2.831475,5.709,5.572,raw/run-09/workload-22-cjfast_json,logs/run-09-workload-22-cjfast_json.log
9,22,2,yjson,流式 I/O | encode | Person | stream,流式 I/O,encode,Person,stream,yjsonStreamEncodePerson,2.774194,5.572,5.572,raw/run-09/workload-22-yjson,logs/run-09-workload-22-yjson.log
9,22,3,stdx_json,流式 I/O | encode | Person | stream,流式 I/O,encode,Person,stream,stdxStreamEncodePerson,2.388700,5.572,5.526,raw/run-09/workload-22-stdx_json,logs/run-09-workload-22-stdx_json.log
9,23,1,cjfast_json,"深层嵌套 | decode | ArrayList<HashMap<String, ArrayList<ProfileRecord>>> | string",深层嵌套,decode,"ArrayList<HashMap<String, ArrayList<ProfileRecord>>>",string,cjfastStringDecodeDeepNestedProfiles,3.009970,5.526,5.526,raw/run-09/workload-23-cjfast_json,logs/run-09-workload-23-cjfast_json.log
9,23,2,yjson,"深层嵌套 | decode | ArrayList<HashMap<String, ArrayList<ProfileRecord>>> | string",深层嵌套,decode,"ArrayList<HashMap<String, ArrayList<ProfileRecord>>>",string,yjsonStringDecodeDeepNestedProfiles,3.530942,5.526,5.403,raw/run-09/workload-23-yjson,logs/run-09-workload-23-yjson.log
9,23,3,stdx_json,"深层嵌套 | decode | ArrayList<HashMap<String, ArrayList<ProfileRecord>>> | string",深层嵌套,decode,"ArrayList<HashMap<String, ArrayList<ProfileRecord>>>",string,stdxStringDecodeDeepNestedProfiles,2.589563,5.403,5.531,raw/run-09/workload-23-stdx_json,logs/run-09-workload-23-stdx_json.log
9,24,1,cjfast_json,"深层嵌套 | encode | ArrayList<HashMap<String, ArrayList<ProfileRecord>>> | string",深层嵌套,encode,"ArrayList<HashMap<String, ArrayList<ProfileRecord>>>",string,cjfastStringEncodeDeepNestedProfiles,2.771679,5.531,5.531,raw/run-09/workload-24-cjfast_json,logs/run-09-workload-24-cjfast_json.log
9,24,2,yjson,"深层嵌套 | encode | ArrayList<HashMap<String, ArrayList<ProfileRecord>>> | string",深层嵌套,encode,"ArrayList<HashMap<String, ArrayList<ProfileRecord>>>",string,yjsonStringEncodeDeepNestedProfiles,2.842314,5.531,5.328,raw/run-09/workload-24-yjson,logs/run-09-workload-24-yjson.log
9,24,3,stdx_json,"深层嵌套 | encode | ArrayList<HashMap<String, ArrayList<ProfileRecord>>> | string",深层嵌套,encode,"ArrayList<HashMap<String, ArrayList<ProfileRecord>>>",string,stdxStringEncodeDeepNestedProfiles,2.389799,5.328,5.328,raw/run-09/workload-24-stdx_json,logs/run-09-workload-24-stdx_json.log
9,25,1,cjfast_json,转义/Unicode | decode | String | bytes,转义/Unicode,decode,String,bytes,cjfastBytesDecodeEscapedUnicodeString,2.915358,5.328,5.623,raw/run-09/workload-25-cjfast_json,logs/run-09-workload-25-cjfast_json.log
9,25,2,yjson,转义/Unicode | decode | String | bytes,转义/Unicode,decode,String,bytes,yjsonBytesDecodeEscapedUnicodeString,3.540549,5.623,5.623,raw/run-09/workload-25-yjson,logs/run-09-workload-25-yjson.log
9,25,3,stdx_json,转义/Unicode | decode | String | bytes,转义/Unicode,decode,String,bytes,stdxBytesDecodeEscapedUnicodeString,2.609076,5.623,5.332,raw/run-09/workload-25-stdx_json,logs/run-09-workload-25-stdx_json.log
9,26,1,cjfast_json,转义/Unicode | decode | String | string,转义/Unicode,decode,String,string,cjfastStringDecodeEscapedUnicodeString,2.612578,5.332,5.332,raw/run-09/workload-26-cjfast_json,logs/run-09-workload-26-cjfast_json.log
9,26,2,yjson,转义/Unicode | decode | String | string,转义/Unicode,decode,String,string,yjsonStringDecodeEscapedUnicodeString,3.673298,5.332,5.305,raw/run-09/workload-26-yjson,logs/run-09-workload-26-yjson.log
9,26,3,stdx_json,转义/Unicode | decode | String | string,转义/Unicode,decode,String,string,stdxStringDecodeEscapedUnicodeString,2.294548,5.305,5.200,raw/run-09/workload-26-stdx_json,logs/run-09-workload-26-stdx_json.log
9,27,1,cjfast_json,转义/Unicode | encode | String | bytes,转义/Unicode,encode,String,bytes,cjfastBytesEncodeEscapedUnicodeString,2.660667,5.200,5.200,raw/run-09/workload-27-cjfast_json,logs/run-09-workload-27-cjfast_json.log
9,27,2,yjson,转义/Unicode | encode | String | bytes,转义/Unicode,encode,String,bytes,yjsonBytesEncodeEscapedUnicodeString,3.086882,5.200,5.104,raw/run-09/workload-27-yjson,logs/run-09-workload-27-yjson.log
9,27,3,stdx_json,转义/Unicode | encode | String | bytes,转义/Unicode,encode,String,bytes,stdxBytesEncodeEscapedUnicodeString,2.247501,5.104,5.104,raw/run-09/workload-27-stdx_json,logs/run-09-workload-27-stdx_json.log
9,28,1,cjfast_json,转义/Unicode | encode | String | string,转义/Unicode,encode,String,string,cjfastStringEncodeEscapedUnicodeString,2.428021,5.104,4.935,raw/run-09/workload-28-cjfast_json,logs/run-09-workload-28-cjfast_json.log
9,28,2,yjson,转义/Unicode | encode | String | string,转义/Unicode,encode,String,string,yjsonStringEncodeEscapedUnicodeString,3.126539,4.935,4.935,raw/run-09/workload-28-yjson,logs/run-09-workload-28-yjson.log
9,28,3,stdx_json,转义/Unicode | encode | String | string,转义/Unicode,encode,String,string,stdxStringEncodeEscapedUnicodeString,2.279017,4.935,4.860,raw/run-09/workload-28-stdx_json,logs/run-09-workload-28-stdx_json.log
9,29,1,cjfast_json,Pretty JSON | decode | Person | string,Pretty JSON,decode,Person,string,cjfastStringDecodePrettyPerson,3.195216,4.860,4.860,raw/run-09/workload-29-cjfast_json,logs/run-09-workload-29-cjfast_json.log
9,29,2,yjson,Pretty JSON | decode | Person | string,Pretty JSON,decode,Person,string,yjsonStringDecodePrettyPerson,5.191921,4.860,4.550,raw/run-09/workload-29-yjson,logs/run-09-workload-29-yjson.log
9,29,3,stdx_json,Pretty JSON | decode | Person | string,Pretty JSON,decode,Person,string,stdxStringDecodePrettyPerson,2.478291,4.550,4.266,raw/run-09/workload-29-stdx_json,logs/run-09-workload-29-stdx_json.log
9,30,1,cjfast_json,Pretty JSON | encode | Person | string,Pretty JSON,encode,Person,string,cjfastStringEncodePrettyPerson,2.888628,4.266,4.565,raw/run-09/workload-30-cjfast_json,logs/run-09-workload-30-cjfast_json.log
9,30,2,yjson,Pretty JSON | encode | Person | string,Pretty JSON,encode,Person,string,yjsonStringEncodePrettyPerson,2.915056,4.565,4.565,raw/run-09/workload-30-yjson,logs/run-09-workload-30-yjson.log
9,30,3,stdx_json,Pretty JSON | encode | Person | string,Pretty JSON,encode,Person,string,stdxStringEncodePrettyPerson,2.067882,4.565,5.000,raw/run-09/workload-30-stdx_json,logs/run-09-workload-30-stdx_json.log
9,31,1,cjfast_json,基础对象 | decode | Address | bytes,基础对象,decode,Address,bytes,cjfastBytesDecodeAddress,2.402098,5.000,5.000,raw/run-09/workload-31-cjfast_json,logs/run-09-workload-31-cjfast_json.log
9,31,2,yjson,基础对象 | decode | Address | bytes,基础对象,decode,Address,bytes,yjsonBytesDecodeAddress,3.017308,5.000,4.920,raw/run-09/workload-31-yjson,logs/run-09-workload-31-yjson.log
9,31,3,stdx_json,基础对象 | decode | Address | bytes,基础对象,decode,Address,bytes,stdxBytesDecodeAddress,2.395504,4.920,4.920,raw/run-09/workload-31-stdx_json,logs/run-09-workload-31-stdx_json.log
9,32,1,cjfast_json,基础对象 | decode | Address | string,基础对象,decode,Address,string,cjfastStringDecodeAddress,2.578430,4.920,4.927,raw/run-09/workload-32-cjfast_json,logs/run-09-workload-32-cjfast_json.log
9,32,2,yjson,基础对象 | decode | Address | string,基础对象,decode,Address,string,yjsonStringDecodeAddress,3.422039,4.927,4.927,raw/run-09/workload-32-yjson,logs/run-09-workload-32-yjson.log
9,32,3,stdx_json,基础对象 | decode | Address | string,基础对象,decode,Address,string,stdxStringDecodeAddress,2.404935,4.927,4.692,raw/run-09/workload-32-stdx_json,logs/run-09-workload-32-stdx_json.log
9,33,1,cjfast_json,基础对象 | decode | Person | bytes,基础对象,decode,Person,bytes,cjfastBytesDecodePerson,3.118706,4.692,4.692,raw/run-09/workload-33-cjfast_json,logs/run-09-workload-33-cjfast_json.log
9,33,2,yjson,基础对象 | decode | Person | bytes,基础对象,decode,Person,bytes,yjsonBytesDecodePerson,6.491043,4.692,4.759,raw/run-09/workload-33-yjson,logs/run-09-workload-33-yjson.log
9,33,3,stdx_json,基础对象 | decode | Person | bytes,基础对象,decode,Person,bytes,stdxBytesDecodePerson,2.564481,4.759,4.759,raw/run-09/workload-33-stdx_json,logs/run-09-workload-33-stdx_json.log
9,34,1,cjfast_json,基础对象 | decode | Person | string,基础对象,decode,Person,string,cjfastStringDecodePerson,3.206962,4.759,4.538,raw/run-09/workload-34-cjfast_json,logs/run-09-workload-34-cjfast_json.log
9,34,2,yjson,基础对象 | decode | Person | string,基础对象,decode,Person,string,yjsonStringDecodePerson,7.720816,4.538,4.414,raw/run-09/workload-34-yjson,logs/run-09-workload-34-yjson.log
9,34,3,stdx_json,基础对象 | decode | Person | string,基础对象,decode,Person,string,stdxStringDecodePerson,2.721722,4.414,4.221,raw/run-09/workload-34-stdx_json,logs/run-09-workload-34-stdx_json.log
9,35,1,cjfast_json,基础对象 | encode | Address | bytes,基础对象,encode,Address,bytes,cjfastBytesEncodeAddress,2.851443,4.221,4.604,raw/run-09/workload-35-cjfast_json,logs/run-09-workload-35-cjfast_json.log
9,35,2,yjson,基础对象 | encode | Address | bytes,基础对象,encode,Address,bytes,yjsonBytesEncodeAddress,3.003844,4.604,4.604,raw/run-09/workload-35-yjson,logs/run-09-workload-35-yjson.log
9,35,3,stdx_json,基础对象 | encode | Address | bytes,基础对象,encode,Address,bytes,stdxBytesEncodeAddress,2.170555,4.604,4.956,raw/run-09/workload-35-stdx_json,logs/run-09-workload-35-stdx_json.log
9,36,1,cjfast_json,基础对象 | encode | Address | string,基础对象,encode,Address,string,cjfastStringEncodeAddress,2.578432,4.956,4.956,raw/run-09/workload-36-cjfast_json,logs/run-09-workload-36-cjfast_json.log
9,36,2,yjson,基础对象 | encode | Address | string,基础对象,encode,Address,string,yjsonStringEncodeAddress,2.994207,4.956,5.200,raw/run-09/workload-36-yjson,logs/run-09-workload-36-yjson.log
9,36,3,stdx_json,基础对象 | encode | Address | string,基础对象,encode,Address,string,stdxStringEncodeAddress,2.210261,5.200,5.200,raw/run-09/workload-36-stdx_json,logs/run-09-workload-36-stdx_json.log
10,1,1,yjson,基础对象 | encode | Person | bytes,基础对象,encode,Person,bytes,yjsonBytesEncodePerson,3.100953,5.200,4.944,raw/run-10/workload-01-yjson,logs/run-10-workload-01-yjson.log
10,1,2,stdx_json,基础对象 | encode | Person | bytes,基础对象,encode,Person,bytes,stdxBytesEncodePerson,2.469135,4.944,4.944,raw/run-10/workload-01-stdx_json,logs/run-10-workload-01-stdx_json.log
10,1,3,cjfast_json,基础对象 | encode | Person | bytes,基础对象,encode,Person,bytes,cjfastBytesEncodePerson,2.729071,4.944,4.788,raw/run-10/workload-01-cjfast_json,logs/run-10-workload-01-cjfast_json.log
10,2,1,yjson,基础对象 | encode | Address | string,基础对象,encode,Address,string,yjsonStringEncodeAddress,2.949456,4.788,4.788,raw/run-10/workload-02-yjson,logs/run-10-workload-02-yjson.log
10,2,2,stdx_json,基础对象 | encode | Address | string,基础对象,encode,Address,string,stdxStringEncodeAddress,2.203196,4.788,4.564,raw/run-10/workload-02-stdx_json,logs/run-10-workload-02-stdx_json.log
10,2,3,cjfast_json,基础对象 | encode | Address | string,基础对象,encode,Address,string,cjfastStringEncodeAddress,2.634301,4.564,4.564,raw/run-10/workload-02-cjfast_json,logs/run-10-workload-02-cjfast_json.log
10,3,1,yjson,基础对象 | encode | Address | bytes,基础对象,encode,Address,bytes,yjsonBytesEncodeAddress,3.281672,4.564,4.439,raw/run-10/workload-03-yjson,logs/run-10-workload-03-yjson.log
10,3,2,stdx_json,基础对象 | encode | Address | bytes,基础对象,encode,Address,bytes,stdxBytesEncodeAddress,2.104794,4.439,4.439,raw/run-10/workload-03-stdx_json,logs/run-10-workload-03-stdx_json.log
10,3,3,cjfast_json,基础对象 | encode | Address | bytes,基础对象,encode,Address,bytes,cjfastBytesEncodeAddress,2.483263,4.439,4.244,raw/run-10/workload-03-cjfast_json,logs/run-10-workload-03-cjfast_json.log
10,4,1,yjson,基础对象 | decode | Person | string,基础对象,decode,Person,string,yjsonStringDecodePerson,8.240498,4.244,4.607,raw/run-10/workload-04-yjson,logs/run-10-workload-04-yjson.log
10,4,2,stdx_json,基础对象 | decode | Person | string,基础对象,decode,Person,string,stdxStringDecodePerson,2.967358,4.607,4.607,raw/run-10/workload-04-stdx_json,logs/run-10-workload-04-stdx_json.log
10,4,3,cjfast_json,基础对象 | decode | Person | string,基础对象,decode,Person,string,cjfastStringDecodePerson,3.395276,4.607,4.478,raw/run-10/workload-04-cjfast_json,logs/run-10-workload-04-cjfast_json.log
10,5,1,yjson,基础对象 | decode | Person | bytes,基础对象,decode,Person,bytes,yjsonBytesDecodePerson,7.488591,4.478,4.279,raw/run-10/workload-05-yjson,logs/run-10-workload-05-yjson.log
10,5,2,stdx_json,基础对象 | decode | Person | bytes,基础对象,decode,Person,bytes,stdxBytesDecodePerson,2.633431,4.279,4.177,raw/run-10/workload-05-stdx_json,logs/run-10-workload-05-stdx_json.log
10,5,3,cjfast_json,基础对象 | decode | Person | bytes,基础对象,decode,Person,bytes,cjfastBytesDecodePerson,3.299129,4.177,4.177,raw/run-10/workload-05-cjfast_json,logs/run-10-workload-05-cjfast_json.log
10,6,1,yjson,基础对象 | decode | Address | string,基础对象,decode,Address,string,yjsonStringDecodeAddress,3.446612,4.177,3.922,raw/run-10/workload-06-yjson,logs/run-10-workload-06-yjson.log
10,6,2,stdx_json,基础对象 | decode | Address | string,基础对象,decode,Address,string,stdxStringDecodeAddress,2.362887,3.922,3.848,raw/run-10/workload-06-stdx_json,logs/run-10-workload-06-stdx_json.log
10,6,3,cjfast_json,基础对象 | decode | Address | string,基础对象,decode,Address,string,cjfastStringDecodeAddress,2.526874,3.848,3.848,raw/run-10/workload-06-cjfast_json,logs/run-10-workload-06-cjfast_json.log
10,7,1,yjson,基础对象 | decode | Address | bytes,基础对象,decode,Address,bytes,yjsonBytesDecodeAddress,3.302698,3.848,3.700,raw/run-10/workload-07-yjson,logs/run-10-workload-07-yjson.log
10,7,2,stdx_json,基础对象 | decode | Address | bytes,基础对象,decode,Address,bytes,stdxBytesDecodeAddress,2.256581,3.700,3.700,raw/run-10/workload-07-stdx_json,logs/run-10-workload-07-stdx_json.log
10,7,3,cjfast_json,基础对象 | decode | Address | bytes,基础对象,decode,Address,bytes,cjfastBytesDecodeAddress,2.664198,3.700,3.644,raw/run-10/workload-07-cjfast_json,logs/run-10-workload-07-cjfast_json.log
10,8,1,yjson,Pretty JSON | encode | Person | string,Pretty JSON,encode,Person,string,yjsonStringEncodePrettyPerson,2.821184,3.644,3.644,raw/run-10/workload-08-yjson,logs/run-10-workload-08-yjson.log
10,8,2,stdx_json,Pretty JSON | encode | Person | string,Pretty JSON,encode,Person,string,stdxStringEncodePrettyPerson,2.145862,3.644,3.512,raw/run-10/workload-08-stdx_json,logs/run-10-workload-08-stdx_json.log
10,8,3,cjfast_json,Pretty JSON | encode | Person | string,Pretty JSON,encode,Person,string,cjfastStringEncodePrettyPerson,2.956754,3.512,3.512,raw/run-10/workload-08-cjfast_json,logs/run-10-workload-08-cjfast_json.log
10,9,1,yjson,Pretty JSON | decode | Person | string,Pretty JSON,decode,Person,string,yjsonStringDecodePrettyPerson,5.223909,3.512,3.471,raw/run-10/workload-09-yjson,logs/run-10-workload-09-yjson.log
10,9,2,stdx_json,Pretty JSON | decode | Person | string,Pretty JSON,decode,Person,string,stdxStringDecodePrettyPerson,2.660581,3.471,3.593,raw/run-10/workload-09-stdx_json,logs/run-10-workload-09-stdx_json.log
10,9,3,cjfast_json,Pretty JSON | decode | Person | string,Pretty JSON,decode,Person,string,cjfastStringDecodePrettyPerson,3.189196,3.593,4.187,raw/run-10/workload-09-cjfast_json,logs/run-10-workload-09-cjfast_json.log
10,10,1,yjson,转义/Unicode | encode | String | string,转义/Unicode,encode,String,string,yjsonStringEncodeEscapedUnicodeString,3.016755,4.187,4.187,raw/run-10/workload-10-yjson,logs/run-10-workload-10-yjson.log
10,10,2,stdx_json,转义/Unicode | encode | String | string,转义/Unicode,encode,String,string,stdxStringEncodeEscapedUnicodeString,2.273338,4.187,4.011,raw/run-10/workload-10-stdx_json,logs/run-10-workload-10-stdx_json.log
10,10,3,cjfast_json,转义/Unicode | encode | String | string,转义/Unicode,encode,String,string,cjfastStringEncodeEscapedUnicodeString,2.669138,4.011,4.011,raw/run-10/workload-10-cjfast_json,logs/run-10-workload-10-cjfast_json.log
10,11,1,yjson,转义/Unicode | encode | String | bytes,转义/Unicode,encode,String,bytes,yjsonBytesEncodeEscapedUnicodeString,3.130131,4.011,3.930,raw/run-10/workload-11-yjson,logs/run-10-workload-11-yjson.log
10,11,2,stdx_json,转义/Unicode | encode | String | bytes,转义/Unicode,encode,String,bytes,stdxBytesEncodeEscapedUnicodeString,2.176574,3.930,3.930,raw/run-10/workload-11-stdx_json,logs/run-10-workload-11-stdx_json.log
10,11,3,cjfast_json,转义/Unicode | encode | String | bytes,转义/Unicode,encode,String,bytes,cjfastBytesEncodeEscapedUnicodeString,2.573940,3.930,3.775,raw/run-10/workload-11-cjfast_json,logs/run-10-workload-11-cjfast_json.log
10,12,1,yjson,转义/Unicode | decode | String | string,转义/Unicode,decode,String,string,yjsonStringDecodeEscapedUnicodeString,3.587378,3.775,3.775,raw/run-10/workload-12-yjson,logs/run-10-workload-12-yjson.log
10,12,2,stdx_json,转义/Unicode | decode | String | string,转义/Unicode,decode,String,string,stdxStringDecodeEscapedUnicodeString,2.313314,3.775,3.713,raw/run-10/workload-12-stdx_json,logs/run-10-workload-12-stdx_json.log
10,12,3,cjfast_json,转义/Unicode | decode | String | string,转义/Unicode,decode,String,string,cjfastStringDecodeEscapedUnicodeString,2.829205,3.713,3.896,raw/run-10/workload-12-cjfast_json,logs/run-10-workload-12-cjfast_json.log
10,13,1,yjson,转义/Unicode | decode | String | bytes,转义/Unicode,decode,String,bytes,yjsonBytesDecodeEscapedUnicodeString,3.586620,3.896,3.896,raw/run-10/workload-13-yjson,logs/run-10-workload-13-yjson.log
10,13,2,stdx_json,转义/Unicode | decode | String | bytes,转义/Unicode,decode,String,bytes,stdxBytesDecodeEscapedUnicodeString,2.416621,3.896,3.824,raw/run-10/workload-13-stdx_json,logs/run-10-workload-13-stdx_json.log
10,13,3,cjfast_json,转义/Unicode | decode | String | bytes,转义/Unicode,decode,String,bytes,cjfastBytesDecodeEscapedUnicodeString,2.696782,3.824,3.824,raw/run-10/workload-13-cjfast_json,logs/run-10-workload-13-cjfast_json.log
10,14,1,yjson,"深层嵌套 | encode | ArrayList<HashMap<String, ArrayList<ProfileRecord>>> | string",深层嵌套,encode,"ArrayList<HashMap<String, ArrayList<ProfileRecord>>>",string,yjsonStringEncodeDeepNestedProfiles,2.885128,3.824,3.678,raw/run-10/workload-14-yjson,logs/run-10-workload-14-yjson.log
10,14,2,stdx_json,"深层嵌套 | encode | ArrayList<HashMap<String, ArrayList<ProfileRecord>>> | string",深层嵌套,encode,"ArrayList<HashMap<String, ArrayList<ProfileRecord>>>",string,stdxStringEncodeDeepNestedProfiles,2.139143,3.678,3.678,raw/run-10/workload-14-stdx_json,logs/run-10-workload-14-stdx_json.log
10,14,3,cjfast_json,"深层嵌套 | encode | ArrayList<HashMap<String, ArrayList<ProfileRecord>>> | string",深层嵌套,encode,"ArrayList<HashMap<String, ArrayList<ProfileRecord>>>",string,cjfastStringEncodeDeepNestedProfiles,3.071026,3.678,3.623,raw/run-10/workload-14-cjfast_json,logs/run-10-workload-14-cjfast_json.log
10,15,1,yjson,"深层嵌套 | decode | ArrayList<HashMap<String, ArrayList<ProfileRecord>>> | string",深层嵌套,decode,"ArrayList<HashMap<String, ArrayList<ProfileRecord>>>",string,yjsonStringDecodeDeepNestedProfiles,3.597439,3.623,4.054,raw/run-10/workload-15-yjson,logs/run-10-workload-15-yjson.log
10,15,2,stdx_json,"深层嵌套 | decode | ArrayList<HashMap<String, ArrayList<ProfileRecord>>> | string",深层嵌套,decode,"ArrayList<HashMap<String, ArrayList<ProfileRecord>>>",string,stdxStringDecodeDeepNestedProfiles,2.473941,4.054,4.054,raw/run-10/workload-15-stdx_json,logs/run-10-workload-15-stdx_json.log
10,15,3,cjfast_json,"深层嵌套 | decode | ArrayList<HashMap<String, ArrayList<ProfileRecord>>> | string",深层嵌套,decode,"ArrayList<HashMap<String, ArrayList<ProfileRecord>>>",string,cjfastStringDecodeDeepNestedProfiles,3.045280,4.054,3.969,raw/run-10/workload-15-cjfast_json,logs/run-10-workload-15-cjfast_json.log
10,16,1,yjson,流式 I/O | encode | Person | stream,流式 I/O,encode,Person,stream,yjsonStreamEncodePerson,2.865590,3.969,3.969,raw/run-10/workload-16-yjson,logs/run-10-workload-16-yjson.log
10,16,2,stdx_json,流式 I/O | encode | Person | stream,流式 I/O,encode,Person,stream,stdxStreamEncodePerson,2.002630,3.969,3.812,raw/run-10/workload-16-stdx_json,logs/run-10-workload-16-stdx_json.log
10,16,3,cjfast_json,流式 I/O | encode | Person | stream,流式 I/O,encode,Person,stream,cjfastStreamEncodePerson,2.726710,3.812,3.812,raw/run-10/workload-16-cjfast_json,logs/run-10-workload-16-cjfast_json.log
10,17,1,yjson,流式 I/O | decode | Person | stream,流式 I/O,decode,Person,stream,yjsonStreamDecodePerson,3.057234,3.812,3.746,raw/run-10/workload-17-yjson,logs/run-10-workload-17-yjson.log
10,17,2,stdx_json,流式 I/O | decode | Person | stream,流式 I/O,decode,Person,stream,stdxStreamDecodePerson,2.640406,3.746,3.746,raw/run-10/workload-17-stdx_json,logs/run-10-workload-17-stdx_json.log
10,17,3,cjfast_json,流式 I/O | decode | Person | stream,流式 I/O,decode,Person,stream,cjfastStreamDecodePerson,3.365169,3.746,3.606,raw/run-10/workload-17-cjfast_json,logs/run-10-workload-17-cjfast_json.log
10,18,1,yjson,未知字段 | decode | Person | string,未知字段,decode,Person,string,yjsonStringDecodeUnknownPerson,5.417991,3.606,3.557,raw/run-10/workload-18-yjson,logs/run-10-workload-18-yjson.log
10,18,2,stdx_json,未知字段 | decode | Person | string,未知字段,decode,Person,string,stdxStringDecodeUnknownPerson,2.708514,3.557,3.432,raw/run-10/workload-18-stdx_json,logs/run-10-workload-18-stdx_json.log
10,18,3,cjfast_json,未知字段 | decode | Person | string,未知字段,decode,Person,string,cjfastStringDecodeUnknownPerson,3.130816,3.432,3.432,raw/run-10/workload-18-cjfast_json,logs/run-10-workload-18-cjfast_json.log
10,19,1,yjson,时间/大数 | encode | TemporalStats | string,时间/大数,encode,TemporalStats,string,yjsonStringEncodeTemporalStats,3.232081,3.432,3.397,raw/run-10/workload-19-yjson,logs/run-10-workload-19-yjson.log
10,19,2,stdx_json,时间/大数 | encode | TemporalStats | string,时间/大数,encode,TemporalStats,string,stdxStringEncodeTemporalStats,2.335254,3.397,3.397,raw/run-10/workload-19-stdx_json,logs/run-10-workload-19-stdx_json.log
10,19,3,cjfast_json,时间/大数 | encode | TemporalStats | string,时间/大数,encode,TemporalStats,string,cjfastStringEncodeTemporalStats,2.766966,3.397,3.205,raw/run-10/workload-19-cjfast_json,logs/run-10-workload-19-cjfast_json.log
10,20,1,yjson,时间/大数 | encode | TemporalStats | bytes,时间/大数,encode,TemporalStats,bytes,yjsonBytesEncodeTemporalStats,3.205120,3.205,3.750,raw/run-10/workload-20-yjson,logs/run-10-workload-20-yjson.log
10,20,2,stdx_json,时间/大数 | encode | TemporalStats | bytes,时间/大数,encode,TemporalStats,bytes,stdxBytesEncodeTemporalStats,2.349961,3.750,3.750,raw/run-10/workload-20-stdx_json,logs/run-10-workload-20-stdx_json.log
10,20,3,cjfast_json,时间/大数 | encode | TemporalStats | bytes,时间/大数,encode,TemporalStats,bytes,cjfastBytesEncodeTemporalStats,3.084566,3.750,3.850,raw/run-10/workload-20-cjfast_json,logs/run-10-workload-20-cjfast_json.log
10,21,1,yjson,时间/大数 | decode | TemporalStats | string,时间/大数,decode,TemporalStats,string,yjsonStringDecodeTemporalStats,3.575253,3.850,3.850,raw/run-10/workload-21-yjson,logs/run-10-workload-21-yjson.log
10,21,2,stdx_json,时间/大数 | decode | TemporalStats | string,时间/大数,decode,TemporalStats,string,stdxStringDecodeTemporalStats,2.744973,3.850,3.702,raw/run-10/workload-21-stdx_json,logs/run-10-workload-21-stdx_json.log
10,21,3,cjfast_json,时间/大数 | decode | TemporalStats | string,时间/大数,decode,TemporalStats,string,cjfastStringDecodeTemporalStats,3.131225,3.702,4.046,raw/run-10/workload-21-cjfast_json,logs/run-10-workload-21-cjfast_json.log
10,22,1,yjson,时间/大数 | decode | TemporalStats | bytes,时间/大数,decode,TemporalStats,bytes,yjsonBytesDecodeTemporalStats,3.475526,4.046,4.046,raw/run-10/workload-22-yjson,logs/run-10-workload-22-yjson.log
10,22,2,stdx_json,时间/大数 | decode | TemporalStats | bytes,时间/大数,decode,TemporalStats,bytes,stdxBytesDecodeTemporalStats,2.835195,4.046,3.962,raw/run-10/workload-22-stdx_json,logs/run-10-workload-22-stdx_json.log
10,22,3,cjfast_json,时间/大数 | decode | TemporalStats | bytes,时间/大数,decode,TemporalStats,bytes,cjfastBytesDecodeTemporalStats,3.162591,3.962,3.962,raw/run-10/workload-22-cjfast_json,logs/run-10-workload-22-cjfast_json.log
10,23,1,yjson,数值边界 | encode | UInt64Envelope | string,数值边界,encode,UInt64Envelope,string,yjsonStringEncodeUInt64Envelope,3.242600,3.962,3.965,raw/run-10/workload-23-yjson,logs/run-10-workload-23-yjson.log
10,23,2,stdx_json,数值边界 | encode | UInt64Envelope | string,数值边界,encode,UInt64Envelope,string,stdxStringEncodeUInt64Envelope,2.076416,3.965,4.128,raw/run-10/workload-23-stdx_json,logs/run-10-workload-23-stdx_json.log
10,23,3,cjfast_json,数值边界 | encode | UInt64Envelope | string,数值边界,encode,UInt64Envelope,string,cjfastStringEncodeUInt64Envelope,2.812977,4.128,4.128,raw/run-10/workload-23-cjfast_json,logs/run-10-workload-23-cjfast_json.log
10,24,1,yjson,数值边界 | encode | UInt64Envelope | bytes,数值边界,encode,UInt64Envelope,bytes,yjsonBytesEncodeUInt64Envelope,3.598437,4.128,3.958,raw/run-10/workload-24-yjson,logs/run-10-workload-24-yjson.log
10,24,2,stdx_json,数值边界 | encode | UInt64Envelope | bytes,数值边界,encode,UInt64Envelope,bytes,stdxBytesEncodeUInt64Envelope,2.157796,3.958,3.958,raw/run-10/workload-24-stdx_json,logs/run-10-workload-24-stdx_json.log
10,24,3,cjfast_json,数值边界 | encode | UInt64Envelope | bytes,数值边界,encode,UInt64Envelope,bytes,cjfastBytesEncodeUInt64Envelope,2.938730,3.958,3.880,raw/run-10/workload-24-cjfast_json,logs/run-10-workload-24-cjfast_json.log
10,25,1,yjson,数值边界 | decode | UInt64Envelope | string,数值边界,decode,UInt64Envelope,string,yjsonStringDecodeUInt64Envelope,3.676107,3.880,4.291,raw/run-10/workload-25-yjson,logs/run-10-workload-25-yjson.log
10,25,2,stdx_json,数值边界 | decode | UInt64Envelope | string,数值边界,decode,UInt64Envelope,string,stdxStringDecodeUInt64Envelope,2.485189,4.291,4.291,raw/run-10/workload-25-stdx_json,logs/run-10-workload-25-stdx_json.log
10,25,3,cjfast_json,数值边界 | decode | UInt64Envelope | string,数值边界,decode,UInt64Envelope,string,cjfastStringDecodeUInt64Envelope,3.097192,4.291,4.428,raw/run-10/workload-25-cjfast_json,logs/run-10-workload-25-cjfast_json.log
10,26,1,yjson,数值边界 | decode | UInt64Envelope | bytes,数值边界,decode,UInt64Envelope,bytes,yjsonBytesDecodeUInt64Envelope,3.628313,4.428,4.428,raw/run-10/workload-26-yjson,logs/run-10-workload-26-yjson.log
10,26,2,stdx_json,数值边界 | decode | UInt64Envelope | bytes,数值边界,decode,UInt64Envelope,bytes,stdxBytesDecodeUInt64Envelope,2.566800,4.428,4.153,raw/run-10/workload-26-stdx_json,logs/run-10-workload-26-stdx_json.log
10,26,3,cjfast_json,数值边界 | decode | UInt64Envelope | bytes,数值边界,decode,UInt64Envelope,bytes,cjfastBytesDecodeUInt64Envelope,3.416984,4.153,4.701,raw/run-10/workload-26-cjfast_json,logs/run-10-workload-26-cjfast_json.log
10,27,1,yjson,嵌套对象 | encode | ProfileBundle | string,嵌套对象,encode,ProfileBundle,string,yjsonStringEncodeProfileBundle,3.086299,4.701,4.701,raw/run-10/workload-27-yjson,logs/run-10-workload-27-yjson.log
10,27,2,stdx_json,嵌套对象 | encode | ProfileBundle | string,嵌套对象,encode,ProfileBundle,string,stdxStringEncodeProfileBundle,2.153592,4.701,4.485,raw/run-10/workload-27-stdx_json,logs/run-10-workload-27-stdx_json.log
10,27,3,cjfast_json,嵌套对象 | encode | ProfileBundle | string,嵌套对象,encode,ProfileBundle,string,cjfastStringEncodeProfileBundle,3.223957,4.485,4.485,raw/run-10/workload-27-cjfast_json,logs/run-10-workload-27-cjfast_json.log
10,28,1,yjson,嵌套对象 | encode | ProfileBundle | bytes,嵌套对象,encode,ProfileBundle,bytes,yjsonBytesEncodeProfileBundle,3.231291,4.485,4.366,raw/run-10/workload-28-yjson,logs/run-10-workload-28-yjson.log
10,28,2,stdx_json,嵌套对象 | encode | ProfileBundle | bytes,嵌套对象,encode,ProfileBundle,bytes,stdxBytesEncodeProfileBundle,1.965387,4.366,4.366,raw/run-10/workload-28-stdx_json,logs/run-10-workload-28-stdx_json.log
10,28,3,cjfast_json,嵌套对象 | encode | ProfileBundle | bytes,嵌套对象,encode,ProfileBundle,bytes,cjfastBytesEncodeProfileBundle,2.982209,4.366,4.176,raw/run-10/workload-28-cjfast_json,logs/run-10-workload-28-cjfast_json.log
10,29,1,yjson,嵌套对象 | decode | ProfileBundle | string,嵌套对象,decode,ProfileBundle,string,yjsonStringDecodeProfileBundle,3.729721,4.176,4.643,raw/run-10/workload-29-yjson,logs/run-10-workload-29-yjson.log
10,29,2,stdx_json,嵌套对象 | decode | ProfileBundle | string,嵌套对象,decode,ProfileBundle,string,stdxStringDecodeProfileBundle,2.690950,4.643,4.643,raw/run-10/workload-29-stdx_json,logs/run-10-workload-29-stdx_json.log
10,29,3,cjfast_json,嵌套对象 | decode | ProfileBundle | string,嵌套对象,decode,ProfileBundle,string,cjfastStringDecodeProfileBundle,3.228977,4.643,4.431,raw/run-10/workload-29-cjfast_json,logs/run-10-workload-29-cjfast_json.log
10,30,1,yjson,嵌套对象 | decode | ProfileBundle | bytes,嵌套对象,decode,ProfileBundle,bytes,yjsonBytesDecodeProfileBundle,3.652154,4.431,4.316,raw/run-10/workload-30-yjson,logs/run-10-workload-30-yjson.log
10,30,2,stdx_json,嵌套对象 | decode | ProfileBundle | bytes,嵌套对象,decode,ProfileBundle,bytes,stdxBytesDecodeProfileBundle,2.474473,4.316,4.316,raw/run-10/workload-30-stdx_json,logs/run-10-workload-30-stdx_json.log
10,30,3,cjfast_json,嵌套对象 | decode | ProfileBundle | bytes,嵌套对象,decode,ProfileBundle,bytes,cjfastBytesDecodeProfileBundle,3.566318,4.316,4.131,raw/run-10/workload-30-cjfast_json,logs/run-10-workload-30-cjfast_json.log
10,31,1,yjson,字段顺序 | decode | Person | string,字段顺序,decode,Person,string,yjsonStringDecodeUnorderedPerson,5.396302,4.131,4.040,raw/run-10/workload-31-yjson,logs/run-10-workload-31-yjson.log
10,31,2,stdx_json,字段顺序 | decode | Person | string,字段顺序,decode,Person,string,stdxStringDecodeUnorderedPerson,2.735177,4.040,4.040,raw/run-10/workload-31-stdx_json,logs/run-10-workload-31-stdx_json.log
10,31,3,cjfast_json,字段顺序 | decode | Person | string,字段顺序,decode,Person,string,cjfastStringDecodeUnorderedPerson,3.298217,4.040,3.876,raw/run-10/workload-31-cjfast_json,logs/run-10-workload-31-cjfast_json.log
10,32,1,yjson,大数组 | encode | ArrayList<ProfileRecord>[64] | string,大数组,encode,ArrayList<ProfileRecord>[64],string,yjsonStringEncodeLargeProfileArray,2.579285,3.876,4.447,raw/run-10/workload-32-yjson,logs/run-10-workload-32-yjson.log
10,32,2,stdx_json,大数组 | encode | ArrayList<ProfileRecord>[64] | string,大数组,encode,ArrayList<ProfileRecord>[64],string,stdxStringEncodeLargeProfileArray,2.457310,4.447,4.447,raw/run-10/workload-32-stdx_json,logs/run-10-workload-32-stdx_json.log
10,32,3,cjfast_json,大数组 | encode | ArrayList<ProfileRecord>[64] | string,大数组,encode,ArrayList<ProfileRecord>[64],string,cjfastStringEncodeLargeProfileArray,2.921989,4.447,4.251,raw/run-10/workload-32-cjfast_json,logs/run-10-workload-32-cjfast_json.log
10,33,1,yjson,大数组 | decode | ArrayList<ProfileRecord>[64] | string,大数组,decode,ArrayList<ProfileRecord>[64],string,yjsonStringDecodeLargeProfileArray,5.280253,4.251,4.792,raw/run-10/workload-33-yjson,logs/run-10-workload-33-yjson.log
10,33,2,stdx_json,大数组 | decode | ArrayList<ProfileRecord>[64] | string,大数组,decode,ArrayList<ProfileRecord>[64],string,stdxStringDecodeLargeProfileArray,2.584896,4.792,4.792,raw/run-10/workload-33-stdx_json,logs/run-10-workload-33-stdx_json.log
10,33,3,cjfast_json,大数组 | decode | ArrayList<ProfileRecord>[64] | string,大数组,decode,ArrayList<ProfileRecord>[64],string,cjfastStringDecodeLargeProfileArray,2.729243,4.792,4.568,raw/run-10/workload-33-cjfast_json,logs/run-10-workload-33-cjfast_json.log
10,34,1,yjson,"大 Map | encode | HashMap<String, Int64>[64] | string",大 Map,encode,"HashMap<String, Int64>[64]",string,yjsonStringEncodeLargeInt64Map,3.421085,4.568,4.568,raw/run-10/workload-34-yjson,logs/run-10-workload-34-yjson.log
10,34,2,stdx_json,"大 Map | encode | HashMap<String, Int64>[64] | string",大 Map,encode,"HashMap<String, Int64>[64]",string,stdxStringEncodeLargeInt64Map,2.563116,4.568,4.603,raw/run-10/workload-34-stdx_json,logs/run-10-workload-34-stdx_json.log
10,34,3,cjfast_json,"大 Map | encode | HashMap<String, Int64>[64] | string",大 Map,encode,"HashMap<String, Int64>[64]",string,cjfastStringEncodeLargeInt64Map,3.330117,4.603,4.394,raw/run-10/workload-34-cjfast_json,logs/run-10-workload-34-cjfast_json.log
10,35,1,yjson,"大 Map | decode | HashMap<String, Int64>[64] | string",大 Map,decode,"HashMap<String, Int64>[64]",string,yjsonStringDecodeLargeInt64Map,3.839144,4.394,4.394,raw/run-10/workload-35-yjson,logs/run-10-workload-35-yjson.log
10,35,2,stdx_json,"大 Map | decode | HashMap<String, Int64>[64] | string",大 Map,decode,"HashMap<String, Int64>[64]",string,stdxStringDecodeLargeInt64Map,3.103870,4.394,4.202,raw/run-10/workload-35-stdx_json,logs/run-10-workload-35-stdx_json.log
10,35,3,cjfast_json,"大 Map | decode | HashMap<String, Int64>[64] | string",大 Map,decode,"HashMap<String, Int64>[64]",string,cjfastStringDecodeLargeInt64Map,3.384633,4.202,4.025,raw/run-10/workload-35-cjfast_json,logs/run-10-workload-35-cjfast_json.log
10,36,1,yjson,基础对象 | encode | Person | string,基础对象,encode,Person,string,yjsonStringEncodePerson,3.207811,4.025,4.025,raw/run-10/workload-36-yjson,logs/run-10-workload-36-yjson.log
10,36,2,stdx_json,基础对象 | encode | Person | string,基础对象,encode,Person,string,stdxStringEncodePerson,2.088169,4.025,3.943,raw/run-10/workload-36-stdx_json,logs/run-10-workload-36-stdx_json.log
10,36,3,cjfast_json,基础对象 | encode | Person | string,基础对象,encode,Person,string,cjfastStringEncodePerson,2.866258,3.943,3.943,raw/run-10/workload-36-cjfast_json,logs/run-10-workload-36-cjfast_json.log
11,1,1,stdx_json,"大 Map | decode | HashMap<String, Int64>[64] | string",大 Map,decode,"HashMap<String, Int64>[64]",string,stdxStringDecodeLargeInt64Map,3.151907,3.943,3.787,raw/run-11/workload-01-stdx_json,logs/run-11-workload-01-stdx_json.log
11,1,2,cjfast_json,"大 Map | decode | HashMap<String, Int64>[64] | string",大 Map,decode,"HashMap<String, Int64>[64]",string,cjfastStringDecodeLargeInt64Map,3.385496,3.787,3.724,raw/run-11/workload-01-cjfast_json,logs/run-11-workload-01-cjfast_json.log
11,1,3,yjson,"大 Map | decode | HashMap<String, Int64>[64] | string",大 Map,decode,"HashMap<String, Int64>[64]",string,yjsonStringDecodeLargeInt64Map,3.496909,3.724,3.724,raw/run-11/workload-01-yjson,logs/run-11-workload-01-yjson.log
11,2,1,stdx_json,"大 Map | encode | HashMap<String, Int64>[64] | string",大 Map,encode,"HashMap<String, Int64>[64]",string,stdxStringEncodeLargeInt64Map,2.299213,3.724,3.585,raw/run-11/workload-02-stdx_json,logs/run-11-workload-02-stdx_json.log
11,2,2,cjfast_json,"大 Map | encode | HashMap<String, Int64>[64] | string",大 Map,encode,"HashMap<String, Int64>[64]",string,cjfastStringEncodeLargeInt64Map,3.454331,3.585,3.585,raw/run-11/workload-02-cjfast_json,logs/run-11-workload-02-cjfast_json.log
11,2,3,yjson,"大 Map | encode | HashMap<String, Int64>[64] | string",大 Map,encode,"HashMap<String, Int64>[64]",string,yjsonStringEncodeLargeInt64Map,3.545753,3.585,3.538,raw/run-11/workload-02-yjson,logs/run-11-workload-02-yjson.log
11,3,1,stdx_json,大数组 | decode | ArrayList<ProfileRecord>[64] | string,大数组,decode,ArrayList<ProfileRecord>[64],string,stdxStringDecodeLargeProfileArray,2.563887,3.538,3.334,raw/run-11/workload-03-stdx_json,logs/run-11-workload-03-stdx_json.log
11,3,2,cjfast_json,大数组 | decode | ArrayList<ProfileRecord>[64] | string,大数组,decode,ArrayList<ProfileRecord>[64],string,cjfastStringDecodeLargeProfileArray,2.547862,3.334,3.334,raw/run-11/workload-03-cjfast_json,logs/run-11-workload-03-cjfast_json.log
11,3,3,yjson,大数组 | decode | ArrayList<ProfileRecord>[64] | string,大数组,decode,ArrayList<ProfileRecord>[64],string,yjsonStringDecodeLargeProfileArray,5.319114,3.334,3.308,raw/run-11/workload-03-yjson,logs/run-11-workload-03-yjson.log
11,4,1,stdx_json,大数组 | encode | ArrayList<ProfileRecord>[64] | string,大数组,encode,ArrayList<ProfileRecord>[64],string,stdxStringEncodeLargeProfileArray,2.406446,3.308,3.203,raw/run-11/workload-04-stdx_json,logs/run-11-workload-04-stdx_json.log
11,4,2,cjfast_json,大数组 | encode | ArrayList<ProfileRecord>[64] | string,大数组,encode,ArrayList<ProfileRecord>[64],string,cjfastStringEncodeLargeProfileArray,2.672009,3.203,3.203,raw/run-11/workload-04-cjfast_json,logs/run-11-workload-04-cjfast_json.log
11,4,3,yjson,大数组 | encode | ArrayList<ProfileRecord>[64] | string,大数组,encode,ArrayList<ProfileRecord>[64],string,yjsonStringEncodeLargeProfileArray,2.698950,3.203,3.186,raw/run-11/workload-04-yjson,logs/run-11-workload-04-yjson.log
11,5,1,stdx_json,字段顺序 | decode | Person | string,字段顺序,decode,Person,string,stdxStringDecodeUnorderedPerson,2.768426,3.186,3.186,raw/run-11/workload-05-stdx_json,logs/run-11-workload-05-stdx_json.log
11,5,2,cjfast_json,字段顺序 | decode | Person | string,字段顺序,decode,Person,string,cjfastStringDecodeUnorderedPerson,3.410750,3.186,3.011,raw/run-11/workload-05-cjfast_json,logs/run-11-workload-05-cjfast_json.log
11,5,3,yjson,字段顺序 | decode | Person | string,字段顺序,decode,Person,string,yjsonStringDecodeUnorderedPerson,5.302674,3.011,3.010,raw/run-11/workload-05-yjson,logs/run-11-workload-05-yjson.log
11,6,1,stdx_json,嵌套对象 | decode | ProfileBundle | bytes,嵌套对象,decode,ProfileBundle,bytes,stdxBytesDecodeProfileBundle,2.435987,3.010,2.929,raw/run-11/workload-06-stdx_json,logs/run-11-workload-06-stdx_json.log
11,6,2,cjfast_json,嵌套对象 | decode | ProfileBundle | bytes,嵌套对象,decode,ProfileBundle,bytes,cjfastBytesDecodeProfileBundle,3.343902,2.929,2.929,raw/run-11/workload-06-cjfast_json,logs/run-11-workload-06-cjfast_json.log
11,6,3,yjson,嵌套对象 | decode | ProfileBundle | bytes,嵌套对象,decode,ProfileBundle,bytes,yjsonBytesDecodeProfileBundle,3.492653,2.929,2.935,raw/run-11/workload-06-yjson,logs/run-11-workload-06-yjson.log
11,7,1,stdx_json,嵌套对象 | decode | ProfileBundle | string,嵌套对象,decode,ProfileBundle,string,stdxStringDecodeProfileBundle,2.672649,2.935,3.340,raw/run-11/workload-07-stdx_json,logs/run-11-workload-07-stdx_json.log
11,7,2,cjfast_json,嵌套对象 | decode | ProfileBundle | string,嵌套对象,decode,ProfileBundle,string,cjfastStringDecodeProfileBundle,3.318814,3.340,3.340,raw/run-11/workload-07-cjfast_json,logs/run-11-workload-07-cjfast_json.log
11,7,3,yjson,嵌套对象 | decode | ProfileBundle | string,嵌套对象,decode,ProfileBundle,string,yjsonStringDecodeProfileBundle,3.571938,3.340,3.313,raw/run-11/workload-07-yjson,logs/run-11-workload-07-yjson.log
11,8,1,stdx_json,嵌套对象 | encode | ProfileBundle | bytes,嵌套对象,encode,ProfileBundle,bytes,stdxBytesEncodeProfileBundle,1.972764,3.313,3.313,raw/run-11/workload-08-stdx_json,logs/run-11-workload-08-stdx_json.log
11,8,2,cjfast_json,嵌套对象 | encode | ProfileBundle | bytes,嵌套对象,encode,ProfileBundle,bytes,cjfastBytesEncodeProfileBundle,3.125578,3.313,3.208,raw/run-11/workload-08-cjfast_json,logs/run-11-workload-08-cjfast_json.log
11,8,3,yjson,嵌套对象 | encode | ProfileBundle | bytes,嵌套对象,encode,ProfileBundle,bytes,yjsonBytesEncodeProfileBundle,3.443613,3.208,3.751,raw/run-11/workload-08-yjson,logs/run-11-workload-08-yjson.log
11,9,1,stdx_json,嵌套对象 | encode | ProfileBundle | string,嵌套对象,encode,ProfileBundle,string,stdxStringEncodeProfileBundle,2.149049,3.751,3.751,raw/run-11/workload-09-stdx_json,logs/run-11-workload-09-stdx_json.log
11,9,2,cjfast_json,嵌套对象 | encode | ProfileBundle | string,嵌套对象,encode,ProfileBundle,string,cjfastStringEncodeProfileBundle,3.216953,3.751,3.852,raw/run-11/workload-09-cjfast_json,logs/run-11-workload-09-cjfast_json.log
11,9,3,yjson,嵌套对象 | encode | ProfileBundle | string,嵌套对象,encode,ProfileBundle,string,yjsonStringEncodeProfileBundle,3.010103,3.852,3.852,raw/run-11/workload-09-yjson,logs/run-11-workload-09-yjson.log
11,10,1,stdx_json,数值边界 | decode | UInt64Envelope | bytes,数值边界,decode,UInt64Envelope,bytes,stdxBytesDecodeUInt64Envelope,2.759243,3.852,3.783,raw/run-11/workload-10-stdx_json,logs/run-11-workload-10-stdx_json.log
11,10,2,cjfast_json,数值边界 | decode | UInt64Envelope | bytes,数值边界,decode,UInt64Envelope,bytes,cjfastBytesDecodeUInt64Envelope,3.547507,3.783,3.560,raw/run-11/workload-10-cjfast_json,logs/run-11-workload-10-cjfast_json.log
11,10,3,yjson,数值边界 | decode | UInt64Envelope | bytes,数值边界,decode,UInt64Envelope,bytes,yjsonBytesDecodeUInt64Envelope,3.685991,3.560,3.560,raw/run-11/workload-10-yjson,logs/run-11-workload-10-yjson.log
11,11,1,stdx_json,数值边界 | decode | UInt64Envelope | string,数值边界,decode,UInt64Envelope,string,stdxStringDecodeUInt64Envelope,2.549267,3.560,3.435,raw/run-11/workload-11-stdx_json,logs/run-11-workload-11-stdx_json.log
11,11,2,cjfast_json,数值边界 | decode | UInt64Envelope | string,数值边界,decode,UInt64Envelope,string,cjfastStringDecodeUInt64Envelope,3.127040,3.435,3.435,raw/run-11/workload-11-cjfast_json,logs/run-11-workload-11-cjfast_json.log
11,11,3,yjson,数值边界 | decode | UInt64Envelope | string,数值边界,decode,UInt64Envelope,string,yjsonStringDecodeUInt64Envelope,3.579437,3.435,3.240,raw/run-11/workload-11-yjson,logs/run-11-workload-11-yjson.log
11,12,1,stdx_json,数值边界 | encode | UInt64Envelope | bytes,数值边界,encode,UInt64Envelope,bytes,stdxBytesEncodeUInt64Envelope,2.144448,3.240,3.781,raw/run-11/workload-12-stdx_json,logs/run-11-workload-12-stdx_json.log
11,12,2,cjfast_json,数值边界 | encode | UInt64Envelope | bytes,数值边界,encode,UInt64Envelope,bytes,cjfastBytesEncodeUInt64Envelope,2.785123,3.781,3.781,raw/run-11/workload-12-cjfast_json,logs/run-11-workload-12-cjfast_json.log
11,12,3,yjson,数值边界 | encode | UInt64Envelope | bytes,数值边界,encode,UInt64Envelope,bytes,yjsonBytesEncodeUInt64Envelope,3.321220,3.781,3.638,raw/run-11/workload-12-yjson,logs/run-11-workload-12-yjson.log
11,13,1,stdx_json,数值边界 | encode | UInt64Envelope | string,数值边界,encode,UInt64Envelope,string,stdxStringEncodeUInt64Envelope,2.149288,3.638,3.638,raw/run-11/workload-13-stdx_json,logs/run-11-workload-13-stdx_json.log
11,13,2,cjfast_json,数值边界 | encode | UInt64Envelope | string,数值边界,encode,UInt64Envelope,string,cjfastStringEncodeUInt64Envelope,2.712619,3.638,3.507,raw/run-11/workload-13-cjfast_json,logs/run-11-workload-13-cjfast_json.log
11,13,3,yjson,数值边界 | encode | UInt64Envelope | string,数值边界,encode,UInt64Envelope,string,yjsonStringEncodeUInt64Envelope,3.248290,3.507,3.507,raw/run-11/workload-13-yjson,logs/run-11-workload-13-yjson.log
11,14,1,stdx_json,时间/大数 | decode | TemporalStats | bytes,时间/大数,decode,TemporalStats,bytes,stdxBytesDecodeTemporalStats,2.795924,3.507,3.306,raw/run-11/workload-14-stdx_json,logs/run-11-workload-14-stdx_json.log
11,14,2,cjfast_json,时间/大数 | decode | TemporalStats | bytes,时间/大数,decode,TemporalStats,bytes,cjfastBytesDecodeTemporalStats,3.474448,3.306,3.682,raw/run-11/workload-14-cjfast_json,logs/run-11-workload-14-cjfast_json.log
11,14,3,yjson,时间/大数 | decode | TemporalStats | bytes,时间/大数,decode,TemporalStats,bytes,yjsonBytesDecodeTemporalStats,3.375558,3.682,3.682,raw/run-11/workload-14-yjson,logs/run-11-workload-14-yjson.log
11,15,1,stdx_json,时间/大数 | decode | TemporalStats | string,时间/大数,decode,TemporalStats,string,stdxStringDecodeTemporalStats,2.722522,3.682,3.547,raw/run-11/workload-15-stdx_json,logs/run-11-workload-15-stdx_json.log
11,15,2,cjfast_json,时间/大数 | decode | TemporalStats | string,时间/大数,decode,TemporalStats,string,cjfastStringDecodeTemporalStats,3.267414,3.547,3.904,raw/run-11/workload-15-cjfast_json,logs/run-11-workload-15-cjfast_json.log
11,15,3,yjson,时间/大数 | decode | TemporalStats | string,时间/大数,decode,TemporalStats,string,yjsonStringDecodeTemporalStats,3.420089,3.904,3.904,raw/run-11/workload-15-yjson,logs/run-11-workload-15-yjson.log
11,16,1,stdx_json,时间/大数 | encode | TemporalStats | bytes,时间/大数,encode,TemporalStats,bytes,stdxBytesEncodeTemporalStats,2.005345,3.904,3.751,raw/run-11/workload-16-stdx_json,logs/run-11-workload-16-stdx_json.log
11,16,2,cjfast_json,时间/大数 | encode | TemporalStats | bytes,时间/大数,encode,TemporalStats,bytes,cjfastBytesEncodeTemporalStats,2.846595,3.751,3.751,raw/run-11/workload-16-cjfast_json,logs/run-11-workload-16-cjfast_json.log
11,16,3,yjson,时间/大数 | encode | TemporalStats | bytes,时间/大数,encode,TemporalStats,bytes,yjsonBytesEncodeTemporalStats,2.886184,3.751,3.610,raw/run-11/workload-16-yjson,logs/run-11-workload-16-yjson.log
11,17,1,stdx_json,时间/大数 | encode | TemporalStats | string,时间/大数,encode,TemporalStats,string,stdxStringEncodeTemporalStats,2.402085,3.610,3.610,raw/run-11/workload-17-stdx_json,logs/run-11-workload-17-stdx_json.log
11,17,2,cjfast_json,时间/大数 | encode | TemporalStats | string,时间/大数,encode,TemporalStats,string,cjfastStringEncodeTemporalStats,2.862169,3.610,3.561,raw/run-11/workload-17-cjfast_json,logs/run-11-workload-17-cjfast_json.log
11,17,3,yjson,时间/大数 | encode | TemporalStats | string,时间/大数,encode,TemporalStats,string,yjsonStringEncodeTemporalStats,3.362769,3.561,3.561,raw/run-11/workload-17-yjson,logs/run-11-workload-17-yjson.log
11,18,1,stdx_json,未知字段 | decode | Person | string,未知字段,decode,Person,string,stdxStringDecodeUnknownPerson,3.074912,3.561,3.436,raw/run-11/workload-18-stdx_json,logs/run-11-workload-18-stdx_json.log
11,18,2,cjfast_json,未知字段 | decode | Person | string,未知字段,decode,Person,string,cjfastStringDecodeUnknownPerson,3.168751,3.436,3.400,raw/run-11/workload-18-cjfast_json,logs/run-11-workload-18-cjfast_json.log
11,18,3,yjson,未知字段 | decode | Person | string,未知字段,decode,Person,string,yjsonStringDecodeUnknownPerson,5.564869,3.400,3.449,raw/run-11/workload-18-yjson,logs/run-11-workload-18-yjson.log
11,19,1,stdx_json,流式 I/O | decode | Person | stream,流式 I/O,decode,Person,stream,stdxStreamDecodePerson,2.958364,3.449,3.449,raw/run-11/workload-19-stdx_json,logs/run-11-workload-19-stdx_json.log
11,19,2,cjfast_json,流式 I/O | decode | Person | stream,流式 I/O,decode,Person,stream,cjfastStreamDecodePerson,3.328035,3.449,3.493,raw/run-11/workload-19-cjfast_json,logs/run-11-workload-19-cjfast_json.log
11,19,3,yjson,流式 I/O | decode | Person | stream,流式 I/O,decode,Person,stream,yjsonStreamDecodePerson,2.793225,3.493,3.614,raw/run-11/workload-19-yjson,logs/run-11-workload-19-yjson.log
11,20,1,stdx_json,流式 I/O | encode | Person | stream,流式 I/O,encode,Person,stream,stdxStreamEncodePerson,2.271628,3.614,3.614,raw/run-11/workload-20-stdx_json,logs/run-11-workload-20-stdx_json.log
11,20,2,cjfast_json,流式 I/O | encode | Person | stream,流式 I/O,encode,Person,stream,cjfastStreamEncodePerson,2.955993,3.614,3.565,raw/run-11/workload-20-cjfast_json,logs/run-11-workload-20-cjfast_json.log
11,20,3,yjson,流式 I/O | encode | Person | stream,流式 I/O,encode,Person,stream,yjsonStreamEncodePerson,2.608224,3.565,3.565,raw/run-11/workload-20-yjson,logs/run-11-workload-20-yjson.log
11,21,1,stdx_json,"深层嵌套 | decode | ArrayList<HashMap<String, ArrayList<ProfileRecord>>> | string",深层嵌套,decode,"ArrayList<HashMap<String, ArrayList<ProfileRecord>>>",string,stdxStringDecodeDeepNestedProfiles,2.539319,3.565,3.520,raw/run-11/workload-21-stdx_json,logs/run-11-workload-21-stdx_json.log
11,21,2,cjfast_json,"深层嵌套 | decode | ArrayList<HashMap<String, ArrayList<ProfileRecord>>> | string",深层嵌套,decode,"ArrayList<HashMap<String, ArrayList<ProfileRecord>>>",string,cjfastStringDecodeDeepNestedProfiles,3.062184,3.520,3.520,raw/run-11/workload-21-cjfast_json,logs/run-11-workload-21-cjfast_json.log
11,21,3,yjson,"深层嵌套 | decode | ArrayList<HashMap<String, ArrayList<ProfileRecord>>> | string",深层嵌套,decode,"ArrayList<HashMap<String, ArrayList<ProfileRecord>>>",string,yjsonStringDecodeDeepNestedProfiles,3.812295,3.520,3.478,raw/run-11/workload-21-yjson,logs/run-11-workload-21-yjson.log
11,22,1,stdx_json,"深层嵌套 | encode | ArrayList<HashMap<String, ArrayList<ProfileRecord>>> | string",深层嵌套,encode,"ArrayList<HashMap<String, ArrayList<ProfileRecord>>>",string,stdxStringEncodeDeepNestedProfiles,2.487784,3.478,3.439,raw/run-11/workload-22-stdx_json,logs/run-11-workload-22-stdx_json.log
11,22,2,cjfast_json,"深层嵌套 | encode | ArrayList<HashMap<String, ArrayList<ProfileRecord>>> | string",深层嵌套,encode,"ArrayList<HashMap<String, ArrayList<ProfileRecord>>>",string,cjfastStringEncodeDeepNestedProfiles,3.046429,3.439,3.439,raw/run-11/workload-22-cjfast_json,logs/run-11-workload-22-cjfast_json.log
11,22,3,yjson,"深层嵌套 | encode | ArrayList<HashMap<String, ArrayList<ProfileRecord>>> | string",深层嵌套,encode,"ArrayList<HashMap<String, ArrayList<ProfileRecord>>>",string,yjsonStringEncodeDeepNestedProfiles,2.778449,3.439,3.404,raw/run-11/workload-22-yjson,logs/run-11-workload-22-yjson.log
11,23,1,stdx_json,转义/Unicode | decode | String | bytes,转义/Unicode,decode,String,bytes,stdxBytesDecodeEscapedUnicodeString,2.305162,3.404,3.404,raw/run-11/workload-23-stdx_json,logs/run-11-workload-23-stdx_json.log
11,23,2,cjfast_json,转义/Unicode | decode | String | bytes,转义/Unicode,decode,String,bytes,cjfastBytesDecodeEscapedUnicodeString,2.360394,3.404,3.371,raw/run-11/workload-23-cjfast_json,logs/run-11-workload-23-cjfast_json.log
11,23,3,yjson,转义/Unicode | decode | String | bytes,转义/Unicode,decode,String,bytes,yjsonBytesDecodeEscapedUnicodeString,3.736826,3.371,3.371,raw/run-11/workload-23-yjson,logs/run-11-workload-23-yjson.log
11,24,1,stdx_json,转义/Unicode | decode | String | string,转义/Unicode,decode,String,string,stdxStringDecodeEscapedUnicodeString,2.378424,3.371,3.582,raw/run-11/workload-24-stdx_json,logs/run-11-workload-24-stdx_json.log
11,24,2,cjfast_json,转义/Unicode | decode | String | string,转义/Unicode,decode,String,string,cjfastStringDecodeEscapedUnicodeString,2.569075,3.582,3.582,raw/run-11/workload-24-cjfast_json,logs/run-11-workload-24-cjfast_json.log
11,24,3,yjson,转义/Unicode | decode | String | string,转义/Unicode,decode,String,string,yjsonStringDecodeEscapedUnicodeString,3.876403,3.582,3.616,raw/run-11/workload-24-yjson,logs/run-11-workload-24-yjson.log
11,25,1,stdx_json,转义/Unicode | encode | String | bytes,转义/Unicode,encode,String,bytes,stdxBytesEncodeEscapedUnicodeString,2.174803,3.616,3.566,raw/run-11/workload-25-stdx_json,logs/run-11-workload-25-stdx_json.log
11,25,2,cjfast_json,转义/Unicode | encode | String | bytes,转义/Unicode,encode,String,bytes,cjfastBytesEncodeEscapedUnicodeString,2.643945,3.566,3.566,raw/run-11/workload-25-cjfast_json,logs/run-11-workload-25-cjfast_json.log
11,25,3,yjson,转义/Unicode | encode | String | bytes,转义/Unicode,encode,String,bytes,yjsonBytesEncodeEscapedUnicodeString,3.290455,3.566,11.049,raw/run-11/workload-25-yjson,logs/run-11-workload-25-yjson.log
11,26,1,stdx_json,转义/Unicode | encode | String | string,转义/Unicode,encode,String,string,stdxStringEncodeEscapedUnicodeString,2.181198,11.049,11.049,raw/run-11/workload-26-stdx_json,logs/run-11-workload-26-stdx_json.log
11,26,2,cjfast_json,转义/Unicode | encode | String | string,转义/Unicode,encode,String,string,cjfastStringEncodeEscapedUnicodeString,2.334576,11.049,10.404,raw/run-11/workload-26-cjfast_json,logs/run-11-workload-26-cjfast_json.log
11,26,3,yjson,转义/Unicode | encode | String | string,转义/Unicode,encode,String,string,yjsonStringEncodeEscapedUnicodeString,3.584470,10.404,10.404,raw/run-11/workload-26-yjson,logs/run-11-workload-26-yjson.log
11,27,1,stdx_json,Pretty JSON | decode | Person | string,Pretty JSON,decode,Person,string,stdxStringDecodePrettyPerson,2.683610,10.404,10.131,raw/run-11/workload-27-stdx_json,logs/run-11-workload-27-stdx_json.log
11,27,2,cjfast_json,Pretty JSON | decode | Person | string,Pretty JSON,decode,Person,string,cjfastStringDecodePrettyPerson,3.175847,10.131,10.040,raw/run-11/workload-27-cjfast_json,logs/run-11-workload-27-cjfast_json.log
11,27,3,yjson,Pretty JSON | decode | Person | string,Pretty JSON,decode,Person,string,yjsonStringDecodePrettyPerson,5.409710,10.040,9.796,raw/run-11/workload-27-yjson,logs/run-11-workload-27-yjson.log
11,28,1,stdx_json,Pretty JSON | encode | Person | string,Pretty JSON,encode,Person,string,stdxStringEncodePrettyPerson,2.064230,9.796,9.796,raw/run-11/workload-28-stdx_json,logs/run-11-workload-28-stdx_json.log
11,28,2,cjfast_json,Pretty JSON | encode | Person | string,Pretty JSON,encode,Person,string,cjfastStringEncodePrettyPerson,2.757565,9.796,9.252,raw/run-11/workload-28-cjfast_json,logs/run-11-workload-28-cjfast_json.log
11,28,3,yjson,Pretty JSON | encode | Person | string,Pretty JSON,encode,Person,string,yjsonStringEncodePrettyPerson,3.111557,9.252,9.252,raw/run-11/workload-28-yjson,logs/run-11-workload-28-yjson.log
11,29,1,stdx_json,基础对象 | decode | Address | bytes,基础对象,decode,Address,bytes,stdxBytesDecodeAddress,2.363517,9.252,8.751,raw/run-11/workload-29-stdx_json,logs/run-11-workload-29-stdx_json.log
11,29,2,cjfast_json,基础对象 | decode | Address | bytes,基础对象,decode,Address,bytes,cjfastBytesDecodeAddress,2.405867,8.751,8.751,raw/run-11/workload-29-cjfast_json,logs/run-11-workload-29-cjfast_json.log
11,29,3,yjson,基础对象 | decode | Address | bytes,基础对象,decode,Address,bytes,yjsonBytesDecodeAddress,3.475003,8.751,8.290,raw/run-11/workload-29-yjson,logs/run-11-workload-29-yjson.log
11,30,1,stdx_json,基础对象 | decode | Address | string,基础对象,decode,Address,string,stdxStringDecodeAddress,2.349706,8.290,8.290,raw/run-11/workload-30-stdx_json,logs/run-11-workload-30-stdx_json.log
11,30,2,cjfast_json,基础对象 | decode | Address | string,基础对象,decode,Address,string,cjfastStringDecodeAddress,2.482344,8.290,7.866,raw/run-11/workload-30-cjfast_json,logs/run-11-workload-30-cjfast_json.log
11,30,3,yjson,基础对象 | decode | Address | string,基础对象,decode,Address,string,yjsonStringDecodeAddress,3.276875,7.866,8.197,raw/run-11/workload-30-yjson,logs/run-11-workload-30-yjson.log
11,31,1,stdx_json,基础对象 | decode | Person | bytes,基础对象,decode,Person,bytes,stdxBytesDecodePerson,2.942144,8.197,8.197,raw/run-11/workload-31-stdx_json,logs/run-11-workload-31-stdx_json.log
11,31,2,cjfast_json,基础对象 | decode | Person | bytes,基础对象,decode,Person,bytes,cjfastBytesDecodePerson,3.092486,8.197,7.701,raw/run-11/workload-31-cjfast_json,logs/run-11-workload-31-cjfast_json.log
11,31,3,yjson,基础对象 | decode | Person | bytes,基础对象,decode,Person,bytes,yjsonBytesDecodePerson,7.937435,7.701,7.324,raw/run-11/workload-31-yjson,logs/run-11-workload-31-yjson.log
11,32,1,stdx_json,基础对象 | decode | Person | string,基础对象,decode,Person,string,stdxStringDecodePerson,2.822800,7.324,7.539,raw/run-11/workload-32-stdx_json,logs/run-11-workload-32-stdx_json.log
11,32,2,cjfast_json,基础对象 | decode | Person | string,基础对象,decode,Person,string,cjfastStringDecodePerson,3.460154,7.539,7.656,raw/run-11/workload-32-cjfast_json,logs/run-11-workload-32-cjfast_json.log
11,32,3,yjson,基础对象 | decode | Person | string,基础对象,decode,Person,string,yjsonStringDecodePerson,7.663890,7.656,7.203,raw/run-11/workload-32-yjson,logs/run-11-workload-32-yjson.log
11,33,1,stdx_json,基础对象 | encode | Address | bytes,基础对象,encode,Address,bytes,stdxBytesEncodeAddress,2.179118,7.203,7.347,raw/run-11/workload-33-stdx_json,logs/run-11-workload-33-stdx_json.log
11,33,2,cjfast_json,基础对象 | encode | Address | bytes,基础对象,encode,Address,bytes,cjfastBytesEncodeAddress,3.175262,7.347,7.347,raw/run-11/workload-33-cjfast_json,logs/run-11-workload-33-cjfast_json.log
11,33,3,yjson,基础对象 | encode | Address | bytes,基础对象,encode,Address,bytes,yjsonBytesEncodeAddress,3.046601,7.347,6.918,raw/run-11/workload-33-yjson,logs/run-11-workload-33-yjson.log
11,34,1,stdx_json,基础对象 | encode | Address | string,基础对象,encode,Address,string,stdxStringEncodeAddress,2.291045,6.918,6.918,raw/run-11/workload-34-stdx_json,logs/run-11-workload-34-stdx_json.log
11,34,2,cjfast_json,基础对象 | encode | Address | string,基础对象,encode,Address,string,cjfastStringEncodeAddress,2.619045,6.918,6.524,raw/run-11/workload-34-cjfast_json,logs/run-11-workload-34-cjfast_json.log
11,34,3,yjson,基础对象 | encode | Address | string,基础对象,encode,Address,string,yjsonStringEncodeAddress,2.945353,6.524,6.524,raw/run-11/workload-34-yjson,logs/run-11-workload-34-yjson.log
11,35,1,stdx_json,基础对象 | encode | Person | bytes,基础对象,encode,Person,bytes,stdxBytesEncodePerson,2.209769,6.524,6.162,raw/run-11/workload-35-stdx_json,logs/run-11-workload-35-stdx_json.log
11,35,2,cjfast_json,基础对象 | encode | Person | bytes,基础对象,encode,Person,bytes,cjfastBytesEncodePerson,2.983934,6.162,6.162,raw/run-11/workload-35-cjfast_json,logs/run-11-workload-35-cjfast_json.log
11,35,3,yjson,基础对象 | encode | Person | bytes,基础对象,encode,Person,bytes,yjsonBytesEncodePerson,3.156009,6.162,5.988,raw/run-11/workload-35-yjson,logs/run-11-workload-35-yjson.log
11,36,1,stdx_json,基础对象 | encode | Person | string,基础对象,encode,Person,string,stdxStringEncodePerson,2.063449,5.988,5.988,raw/run-11/workload-36-stdx_json,logs/run-11-workload-36-stdx_json.log
11,36,2,cjfast_json,基础对象 | encode | Person | string,基础对象,encode,Person,string,cjfastStringEncodePerson,2.839770,5.988,5.749,raw/run-11/workload-36-cjfast_json,logs/run-11-workload-36-cjfast_json.log
11,36,3,yjson,基础对象 | encode | Person | string,基础对象,encode,Person,string,yjsonStringEncodePerson,2.949037,5.749,6.169,raw/run-11/workload-36-yjson,logs/run-11-workload-36-yjson.log
